ply
format ascii 1.0
comment VCGLIB generated
element vertex 2852
property float x
property float y
property float z
property float nx
property float ny
property float nz
property uchar red
property uchar green
property uchar blue
property uchar alpha
element face 0
property list uchar int vertex_indices
end_header
-2.523966 1.256295 -4.222729 0 0 -0 62 74 137 255 
-2.591999 1.188686 -4.373397 0 0 -0 42 120 142 255 
-2.568227 1.095909 -4.334605 0 0 -0 72 36 117 255 
-2.58757 1.005673 -4.401461 0 0 -0 72 40 120 255 
-2.55982 0.9121934 -4.354824 0 0 -0 72 41 121 255 
-2.565046 0.8381677 -4.338325 0 0 -0 71 42 122 255 
-2.558085 0.7458994 -4.339811 0 0 -0 72 37 118 255 
-2.574531 0.6537776 -4.403136 0 0 -0 71 46 124 255 
-2.554164 0.5642313 -4.37795 0 0 -0 70 48 126 255 
-2.55551 0.4875664 -4.355703 0 0 -0 71 45 123 255 
-2.55107 0.3974446 -4.364488 0 0 -0 71 45 123 255 
-2.539151 0.3057409 -4.352624 0 0 -0 70 51 127 255 
-2.539867 0.2116593 -4.38202 0 0 -0 71 45 123 255 
-2.536952 0.14028 -4.343729 0 0 -0 70 50 126 255 
-2.538736 0.04420424 -4.36761 0 0 -0 71 44 122 255 
-2.522507 -0.1390125 -4.375746 0 0 -0 69 55 129 255 
-2.51908 -0.2138902 -4.348367 0 0 -0 70 48 126 255 
-2.193183 1.302329 -3.499958 0 0 -0 51 99 141 255 
-2.465752 1.25733 -4.232346 0 0 -0 62 76 138 255 
-2.54145 1.190796 -4.405826 0 0 -0 42 118 142 255 
-2.535085 1.099356 -4.411709 0 0 -0 72 38 119 255 
-2.52821 1.007064 -4.411517 0 0 -0 72 40 120 255 
-2.505019 0.9138274 -4.375938 0 0 -0 72 38 119 255 
-2.501738 0.8397141 -4.337081 0 0 -0 72 38 119 255 
-2.516206 0.747306 -4.39458 0 0 -0 72 38 119 255 
-2.506546 0.6559871 -4.390777 0 0 -0 71 45 123 255 
-2.490617 0.5664746 -4.376695 0 0 -0 71 46 124 255 
-2.500616 0.4892014 -4.376901 0 0 -0 71 42 122 255 
-2.496104 0.399083 -4.385683 0 0 -0 71 46 124 255 
-2.47998 0.3080036 -4.362568 0 0 -0 70 48 126 255 
-2.47627 0.2147847 -4.380792 0 0 -0 70 48 126 255 
-2.494816 0.1394204 -4.398477 0 0 -0 71 46 124 255 
-2.492159 0.04394805 -4.411193 0 0 -0 71 45 123 255 
-2.475588 -0.02516937 -4.359817 0 0 -0 70 50 126 255 
-2.458932 -0.1350148 -4.374559 0 0 -0 70 51 127 255 
-2.455648 -0.2097074 -4.347204 0 0 -0 72 40 120 255 
-1.905815 1.339499 -2.876873 0 0 -0 49 104 142 255 
-2.139474 1.303126 -3.507531 0 0 -0 51 99 141 255 
-2.403321 1.257804 -4.230361 0 0 -0 61 77 138 255 
-2.486395 1.192448 -4.426753 0 0 -0 44 114 142 255 
-2.488438 1.101742 -4.455069 0 0 -0 72 36 117 255 
-2.464634 1.008217 -4.409953 0 0 -0 71 42 122 255 
-2.458519 0.9157497 -4.419183 0 0 -0 72 38 119 255 
-2.46817 0.8415712 -4.414012 0 0 -0 72 41 121 255 
-2.473785 0.7487421 -4.449172 0 0 -0 71 42 122 255 
-2.443053 0.6580149 -4.389159 0 0 -0 72 37 118 255 
-2.4524 0.566933 -4.442428 0 0 -0 71 46 124 255 
-2.458213 0.4896674 -4.431457 0 0 -0 71 45 123 255 
-2.445205 0.4002307 -4.417771 0 0 -0 71 42 122 255 
-2.433382 0.3084104 -4.405809 0 0 -0 71 47 125 255 
-2.425339 0.2157049 -4.412802 0 0 -0 71 45 123 255 
-2.427035 0.1435686 -4.385746 0 0 -0 70 48 126 255 
-2.420142 0.04939866 -4.387275 0 0 -0 71 45 123 255 
-2.437254 -0.02766877 -4.425473 0 0 -0 70 52 128 255 
-2.403793 -0.1333545 -4.395328 0 0 -0 70 48 126 255 
-2.400662 -0.2080537 -4.367973 0 0 -0 71 42 122 255 
-2.395592 -1.23185 -4.483696 0 0 -0 71 13 96 255 
-2.331139 -1.271663 -4.318427 0 0 -0 72 22 104 255 
-2.363925 -1.388693 -4.412703 0 0 -0 70 7 90 255 
-1.664716 1.373873 -2.35222 0 0 -0 46 110 142 255 
-1.856 1.340078 -2.882671 0 0 -0 46 110 142 255 
-2.073286 1.301867 -3.481055 0 0 -0 52 96 141 255 
-2.328566 1.256559 -4.194221 0 0 -0 61 77 138 255 
-2.443724 1.195562 -4.481067 0 0 -0 42 118 142 255 
-2.416417 1.101945 -4.430697 0 0 -0 72 35 116 255 
-2.413673 1.010139 -4.441712 0 0 -0 71 44 122 255 
-2.399183 0.9172839 -4.428415 0 0 -0 72 37 118 255 
-2.417152 0.843285 -4.445838 0 0 -0 72 41 121 255 
-2.418374 0.7504188 -4.4698 0 0 -0 72 41 121 255 
-2.392133 0.6594977 -4.420886 0 0 -0 71 46 124 255 
-2.392864 0.5689093 -4.451709 0 0 -0 71 42 122 255 
-2.406995 0.4909493 -4.463315 0 0 -0 71 46 124 255 
-2.398169 0.4008942 -4.460828 0 0 -0 71 44 122 255 
-2.38638 0.3088426 -4.448813 0 0 -0 69 55 129 255 
-2.374144 0.2166463 -4.444528 0 0 -0 71 46 124 255 
-2.384232 0.1427554 -4.439972 0 0 -0 70 48 126 255 
-2.377275 0.04823577 -4.441469 0 0 -0 71 46 124 255 
-2.373618 -0.02391863 -4.423624 0 0 -0 71 47 125 255 
-2.344454 -0.1305064 -4.404533 0 0 -0 70 48 126 255 
-2.34963 -0.2076499 -4.39962 0 0 -0 71 46 124 255 
-2.343518 -1.232626 -4.515417 0 0 -0 70 11 94 255 
-2.299817 -1.285408 -4.404928 0 0 -0 72 20 103 255 
-2.26888 -1.360202 -4.323089 0 0 -0 72 23 105 255 
-2.19956 -1.41125 -4.142114 0 0 -0 72 20 103 255 
-1.424626 1.38632 -1.839817 0 0 -0 52 96 141 255 
-1.614084 1.373328 -2.345291 0 0 -0 46 110 142 255 
-1.802119 1.339862 -2.876892 0 0 -0 49 103 142 255 
-2.032128 1.304754 -3.521616 0 0 -0 50 100 142 255 
-2.291186 1.26051 -4.258897 0 0 -0 63 71 136 255 
-2.384111 1.196769 -4.490126 0 0 -0 42 119 142 255 
-2.36938 1.104369 -4.473429 0 0 -0 72 33 115 255 
-2.358365 1.011826 -4.461902 0 0 -0 72 38 119 255 
-2.364318 0.9196702 -4.504969 0 0 -0 72 38 119 255 
-2.349514 0.8448306 -4.43225 0 0 -0 72 40 120 255 
-2.362838 0.7521126 -4.490087 0 0 -0 72 41 121 255 
-2.361307 0.6600896 -4.508756 0 0 -0 71 45 123 255 
-2.333343 0.5708983 -4.460599 0 0 -0 72 41 121 255 
-2.347376 0.493035 -4.472318 0 0 -0 71 42 122 255 
-2.330439 0.4040999 -4.447239 0 0 -0 71 42 122 255 
-2.322784 0.3117748 -4.446462 0 0 -0 71 46 124 255 
-2.318651 0.2183426 -4.464684 0 0 -0 70 48 126 255 
-2.348981 0.1403207 -4.516548 0 0 -0 70 48 126 255 
-2.329835 0.04804516 -4.484213 0 0 -0 71 46 124 255 
-2.322237 -0.02326155 -4.455095 0 0 -0 71 45 123 255 
-2.301152 -0.1323212 -4.458354 0 0 -0 70 50 126 255 
-2.310367 -0.2110189 -4.464694 0 0 -0 71 45 123 255 
-2.302865 -1.240808 -4.580074 0 0 -0 71 16 99 255 
-2.220955 -1.268303 -4.358662 0 0 -0 72 24 106 255 
-2.233168 -1.371906 -4.398206 0 0 -0 72 20 103 255 
-2.161019 -1.420764 -4.205692 0 0 -0 71 16 99 255 
-1.971591 -1.377637 -3.673479 0 0 -0 70 10 93 255 
-1.839659 -1.35472 -3.319177 0 0 -0 71 14 97 255 
-1.678891 -1.309944 -2.866437 0 0 -0 70 8 92 255 
-1.23812 1.409581 -1.426762 0 0 -0 51 98 141 255 
-1.389384 1.388542 -1.865156 0 0 -0 51 98 141 255 
-1.563631 1.372787 -2.338002 0 0 -0 46 110 142 255 
-1.752444 1.340459 -2.882006 0 0 -0 49 103 142 255 
-1.966406 1.303504 -3.494281 0 0 -0 51 99 141 255 
-2.23303 1.261594 -4.266984 0 0 -0 62 74 137 255 
-2.332576 1.198961 -4.521377 0 0 -0 44 113 142 255 
-2.309873 1.105701 -4.482026 0 0 -0 72 37 118 255 
-2.306951 1.013788 -4.493058 0 0 -0 72 38 119 255 
-2.316617 0.9216685 -4.5475 0 0 -0 72 38 119 255 
-2.31433 0.846776 -4.508624 0 0 -0 72 41 121 255 
-2.299155 0.7539555 -4.487415 0 0 -0 72 38 119 255 
-2.285503 0.6627068 -4.47216 0 0 -0 72 41 121 255 
-2.281817 0.5723147 -4.491726 0 0 -0 71 45 123 255 
-2.30777 0.4931878 -4.537467 0 0 -0 71 44 122 255 
-2.294918 0.4032997 -4.523612 0 0 -0 71 45 123 255 
-2.275259 0.3122492 -4.488888 0 0 -0 70 48 126 255 
-2.259073 0.2207873 -4.473198 0 0 -0 70 48 126 255 
-2.265197 0.147805 -4.457524 0 0 -0 71 44 122 255 
-2.270101 0.05070174 -4.492857 0 0 -0 71 45 123 255 
-2.282495 -0.02567869 -4.520111 0 0 -0 71 47 125 255 
-2.253379 -0.1329397 -4.500705 0 0 -0 70 51 127 255 
-2.250721 -0.2080415 -4.473309 0 0 -0 71 45 123 255 
-2.250064 -1.241534 -4.611276 0 0 -0 71 16 99 255 
-2.180939 -1.276857 -4.422611 0 0 -0 72 24 106 255 
-2.173824 -1.367517 -4.406855 0 0 -0 71 19 101 255 
-2.110442 -1.421877 -4.236015 0 0 -0 71 19 101 255 
-1.905384 -1.364438 -3.647549 0 0 -0 71 13 96 255 
-1.802024 -1.362207 -3.369474 0 0 -0 72 20 103 255 
-1.655247 -1.327168 -2.948573 0 0 -0 70 11 94 255 
-1.566971 -1.335103 -2.68941 0 0 -0 71 17 100 255 
-1.427281 -1.294395 -2.280263 0 0 -0 72 23 105 255 
-1.313286 -1.26712 -1.996114 0 0 -0 70 11 94 255 
-1.253649 -1.282175 -1.815066 0 0 -0 72 20 103 255 
-1.073987 1.432339 -1.072104 0 0 -0 49 103 142 255 
-1.201388 1.410717 -1.439702 0 0 -0 50 101 142 255 
-1.342039 1.387728 -1.856457 0 0 -0 51 99 141 255 
-1.501453 1.369483 -2.296496 0 0 -0 48 106 142 255 
-1.698844 1.340256 -2.875493 0 0 -0 47 107 142 255 
-1.905091 1.302948 -3.477754 0 0 -0 52 96 141 255 
-2.170945 1.262109 -4.263376 0 0 -0 60 79 138 255 
-2.280783 1.201175 -4.552338 0 0 -0 44 113 142 255 
-2.282021 1.110042 -4.580819 0 0 -0 72 38 119 255 
-2.267121 1.016549 -4.557909 0 0 -0 72 40 120 255 
-2.244891 0.9228271 -4.52178 0 0 -0 72 40 120 255 
-2.258579 0.8485016 -4.528247 0 0 -0 72 40 120 255 
-2.243515 0.7556787 -4.50697 0 0 -0 72 41 121 255 
-2.241735 0.6638945 -4.525664 0 0 -0 71 46 124 255 
-2.226112 0.5740426 -4.511223 0 0 -0 70 48 126 255 
-2.236047 0.4964701 -4.511817 0 0 -0 71 42 122 255 
-2.231141 0.4060315 -4.520571 0 0 -0 71 45 123 255 
-2.219517 0.3139778 -4.508414 0 0 -0 71 47 125 255 
-2.207303 0.2217857 -4.503975 0 0 -0 71 47 125 255 
-2.229147 0.1454211 -4.533615 0 0 -0 71 42 122 255 
-2.206488 0.05430925 -4.489796 0 0 -0 71 44 122 255 
-2.210905 -0.01982504 -4.494557 0 0 -0 70 50 126 255 
-2.205206 -0.1335328 -4.542813 0 0 -0 70 52 128 255 
-2.20271 -0.2088325 -4.515397 0 0 -0 71 46 124 255 
-2.178218 -1.229882 -4.58655 0 0 -0 71 13 96 255 
-2.129018 -1.277689 -4.453085 0 0 -0 72 26 108 255 
-2.114498 -1.363115 -4.415116 0 0 -0 71 17 100 255 
-2.055889 -1.420181 -4.254991 0 0 -0 71 13 96 255 
-1.880421 -1.383179 -3.742521 0 0 -0 71 13 96 255 
-1.734334 -1.34569 -3.331475 0 0 -0 71 16 99 255 
-1.608612 -1.325716 -2.964759 0 0 -0 70 11 94 255 
-1.499899 -1.314382 -2.639292 0 0 -0 71 17 100 255 
-1.406709 -1.313098 -2.360635 0 0 -0 72 23 105 255 
-1.301512 -1.293297 -2.097507 0 0 -0 71 17 100 255 
-1.217593 -1.284482 -1.83968 0 0 -0 71 14 97 255 
-1.14273 -1.280225 -1.608591 0 0 -0 72 28 110 255 
-0.9352745 1.453367 -0.770761 0 0 -0 40 124 142 255 
-1.043332 1.434663 -1.095321 0 0 -0 44 113 142 255 
-1.168475 1.412997 -1.463709 0 0 -0 53 94 141 255 
-1.298777 1.387937 -1.858727 0 0 -0 52 96 141 255 
-1.478883 1.375419 -2.367597 0 0 -0 46 111 142 255 
-1.649317 1.340869 -2.879927 0 0 -0 48 105 142 255 
-1.859649 1.305184 -3.5061 0 0 -0 50 101 142 255 
-2.105138 1.262046 -4.247998 0 0 -0 61 78 138 255 
-2.224839 1.202919 -4.571662 0 0 -0 42 119 142 255 
-2.210342 1.110287 -4.554783 0 0 -0 72 32 113 255 
-2.211104 1.018298 -4.577199 0 0 -0 72 40 120 255 
-2.192945 0.9247171 -4.552316 0 0 -0 72 41 121 255 
-2.198827 0.8501903 -4.536172 0 0 -0 72 38 119 255 
-2.191629 0.7573566 -4.537541 0 0 -0 71 42 122 255 
-2.205157 0.6647599 -4.601689 0 0 -0 71 44 122 255 
-2.185691 0.5746341 -4.575825 0 0 -0 71 44 122 255 
-2.191786 0.4970586 -4.56512 0 0 -0 71 47 125 255 
-2.171375 0.4082745 -4.528447 0 0 -0 71 45 123 255 
-2.179019 0.3132743 -4.573006 0 0 -0 71 42 122 255 
-2.159104 0.2220777 -4.545807 0 0 -0 70 50 126 255 
-2.165422 0.1488093 -4.53022 0 0 -0 70 48 126 255 
-2.150687 0.05605233 -4.508967 0 0 -0 71 42 122 255 
-2.162713 -0.02013642 -4.53643 0 0 -0 70 52 128 255 
-2.149041 -0.1317754 -4.562025 0 0 -0 70 48 126 255 
-2.146698 -0.2070819 -4.534614 0 0 -0 70 51 127 255 
-2.106803 -1.218231 -4.561289 0 0 -0 70 10 93 255 
-2.087875 -1.286183 -4.516659 0 0 -0 72 26 108 255 
-2.084535 -1.380073 -4.51186 0 0 -0 71 17 100 255 
-2.008529 -1.424039 -4.295802 0 0 -0 71 13 96 255 
-1.861682 -1.407676 -3.859623 0 0 -0 71 19 101 255 
-1.692595 -1.350144 -3.370224 0 0 -0 71 16 99 255 
-1.579934 -1.33977 -3.035731 0 0 -0 71 13 96 255 
-1.458764 -1.316197 -2.665513 0 0 -0 71 19 101 255 
-1.36009 -1.308414 -2.364353 0 0 -0 72 24 106 255 
-1.277895 -1.309141 -2.166208 0 0 -0 71 19 101 255 
-1.174216 -1.279691 -1.842292 0 0 -0 71 16 99 255 
-1.09015 -1.264405 -1.57818 0 0 -0 72 23 105 255 
-1.019311 -1.261281 -1.353476 0 0 -0 72 33 115 255 
-0.9064088 1.455755 -0.7931371 0 0 -0 40 125 142 255 
-1.008641 1.435753 -1.107068 0 0 -0 44 114 142 255 
-1.123861 1.41189 -1.453589 0 0 -0 56 89 140 255 
-1.263214 1.390196 -1.883366 0 0 -0 51 98 141 255 
-1.424881 1.373972 -2.348002 0 0 -0 46 111 142 255 
-1.607487 1.343116 -2.906722 0 0 -0 45 112 142 255 
-1.806322 1.30604 -3.511485 0 0 -0 53 94 141 255 
-2.04726 1.26316 -4.254873 0 0 -0 55 90 140 255 
-2.176425 1.205665 -4.61337 0 0 -0 41 121 142 255 
-2.161996 1.112804 -4.596443 0 0 -0 72 36 117 255 
-2.15497 1.020063 -4.596144 0 0 -0 71 42 122 255 
-2.144542 0.9267765 -4.593939 0 0 -0 72 41 121 255 
-2.150532 0.852059 -4.577846 0 0 -0 72 37 118 255 
-2.135683 0.7591155 -4.556435 0 0 -0 72 40 120 255 
-2.133626 0.6672279 -4.575158 0 0 -0 71 42 122 255 
-2.121912 0.5769764 -4.57196 0 0 -0 71 47 125 255 
-2.128036 0.4995897 -4.561326 0 0 -0 72 41 121 255 
-2.119193 0.4095404 -4.558687 0 0 -0 71 45 123 255 
-2.126535 0.314435 -4.603315 0 0 -0 71 45 123 255 
-2.11051 0.2223952 -4.587391 0 0 -0 70 50 126 255 
-2.113163 0.1497546 -4.560478 0 0 -0 71 46 124 255 
-2.10604 0.05501002 -4.561871 0 0 -0 71 46 124 255 
-2.102856 -0.01734674 -4.544001 0 0 -0 70 48 126 255 
-2.081576 -0.1265205 -4.546852 0 0 -0 71 47 125 255 
-2.098035 -0.2078265 -4.576157 0 0 -0 71 46 124 255 
-2.075636 -1.233718 -4.658386 0 0 -0 71 14 97 255 
-2.024413 -1.279291 -4.513146 0 0 -0 72 23 105 255 
-2.013904 -1.367621 -4.486132 0 0 -0 71 19 101 255 
-1.942853 -1.413955 -4.280827 0 0 -0 71 14 97 255 
-1.791574 -1.391532 -3.821665 0 0 -0 71 19 101 255 
-1.654038 -1.357567 -3.419827 0 0 -0 71 14 97 255 
-1.536306 -1.341381 -3.062494 0 0 -0 71 14 97 255 
-1.413867 -1.31478 -2.680497 0 0 -0 71 17 100 255 
-1.334663 -1.323722 -2.433616 0 0 -0 72 26 108 255 
-1.208137 -1.280403 -2.09243 0 0 -0 71 14 97 255 
-1.141341 -1.28551 -1.877388 0 0 -0 71 14 97 255 
-1.041507 -1.252242 -1.558244 0 0 -0 72 28 110 255 
-0.999809 -1.278973 -1.420036 0 0 -0 72 33 115 255 
-0.8773377 1.458158 -0.8153572 0 0 -0 39 126 142 255 
-0.9776369 1.438104 -1.129929 0 0 -0 43 117 142 255 
-1.07569 1.409648 -1.431811 0 0 -0 59 82 139 255 
-1.208669 1.387352 -1.851048 0 0 -0 52 96 141 255 
-1.374969 1.373454 -2.339365 0 0 -0 47 108 142 255 
-1.539126 1.33968 -2.853708 0 0 -0 48 105 142 255 
-1.745529 1.305502 -3.493763 0 0 -0 53 95 141 255 
-1.98567 1.263697 -4.249983 0 0 -0 58 83 139 255 
-2.123865 1.207942 -4.643439 0 0 -0 43 117 142 255 
-2.102019 1.114203 -4.603668 0 0 -0 72 37 118 255 
-2.098722 1.021845 -4.614745 0 0 -0 72 36 117 255 
-2.088288 0.92856 -4.6125 0 0 -0 72 36 117 255 
-2.086878 0.8537207 -4.573659 0 0 -0 72 41 121 255 
-2.079623 0.7608909 -4.574988 0 0 -0 72 40 120 255 
-2.08488 0.6686655 -4.616533 0 0 -0 72 41 121 255 
-2.076853 0.5779071 -4.624701 0 0 -0 72 38 119 255 
-2.06817 0.5017484 -4.568496 0 0 -0 72 41 121 255 
-2.07789 0.4093498 -4.622834 0 0 -0 71 45 123 255 
-2.070094 0.3162248 -4.621926 0 0 -0 71 44 122 255 
-2.046776 0.2256297 -4.583136 0 0 -0 71 46 124 255 
-2.056951 0.1515359 -4.579051 0 0 -0 72 41 121 255 
-2.057174 0.05492926 -4.60319 0 0 -0 71 44 122 255 
-2.072521 -0.0227288 -4.642169 0 0 -0 70 50 126 255 
-2.018072 -0.1224202 -4.542565 0 0 -0 70 48 126 255 
-2.037989 -0.2047843 -4.583373 0 0 -0 71 46 124 255 
-2.007883 -1.224508 -4.643507 0 0 -0 71 16 99 255 
-1.978814 -1.285173 -4.565084 0 0 -0 72 22 104 255 
-1.979014 -1.381842 -4.571425 0 0 -0 72 22 104 255 
-1.895065 -1.417775 -4.321035 0 0 -0 70 11 94 255 
-1.739572 -1.389879 -3.838687 0 0 -0 72 23 105 255 
-1.573117 -1.329078 -3.336233 0 0 -0 71 13 96 255 
-1.48202 -1.333677 -3.055834 0 0 -0 71 17 100 255 
-1.375812 -1.319776 -2.717267 0 0 -0 71 14 97 255 
-1.291188 -1.322339 -2.447846 0 0 -0 72 26 108 255 
-1.166762 -1.279085 -2.105881 0 0 -0 71 19 101 255 
-1.073963 -1.255941 -1.802862 0 0 -0 71 13 96 255 
-1.020455 -1.269278 -1.625235 0 0 -0 72 26 108 255 
-0.9523593 -1.266482 -1.399601 0 0 -0 72 28 110 255 
-0.8295922 1.453742 -0.7807465 0 0 -0 38 130 142 255 
-0.9316635 1.435456 -1.107222 0 0 -0 44 114 142 255 
-1.046311 1.413097 -1.46648 0 0 -0 59 81 139 255 
-1.169333 1.388607 -1.863806 0 0 -0 50 101 142 255 
-1.332636 1.374802 -2.353137 0 0 -0 46 110 142 255 
-1.497319 1.341947 -2.879875 0 0 -0 48 105 142 255 
-1.70715 1.309191 -3.543998 0 0 -0 51 98 141 255 
-1.938943 1.266605 -4.290306 0 0 -0 55 91 141 255 
-2.07105 1.210239 -4.673209 0 0 -0 45 112 142 255 
-2.042069 1.115615 -4.610502 0 0 -0 72 33 115 255 
-2.042361 1.023643 -4.632999 0 0 -0 72 41 121 255 
-2.03558 0.9305129 -4.642143 0 0 -0 72 37 118 255 
-2.034404 0.8555712 -4.603311 0 0 -0 72 40 120 255 
-2.030779 0.7625724 -4.616049 0 0 -0 72 41 121 255 
-2.043048 0.6697901 -4.680511 0 0 -0 71 46 124 255 
-2.016697 0.5799943 -4.631507 0 0 -0 71 47 125 255 
-2.026588 0.5020285 -4.6324 0 0 -0 71 46 124 255 
-2.017711 0.411645 -4.629699 0 0 -0 71 47 125 255 
-2.009912 0.3186366 -4.62877 0 0 -0 71 45 123 255 
-1.997675 0.2259895 -4.624121 0 0 -0 70 48 126 255 
-2.018766 0.1492714 -4.654327 0 0 -0 71 44 122 255 
-2.000682 0.05673337 -4.621443 0 0 -0 71 44 122 255 
-2.001305 -0.0168345 -4.614954 0 0 -0 69 53 129 255 
-1.979859 -0.126403 -4.617589 0 0 -0 70 51 127 255 
-1.985158 -0.2042329 -4.612959 0 0 -0 71 45 123 255 
-2.029288 -0.3148322 -4.765646 0 0 -0 70 7 90 255 
-1.996056 -0.3988097 -4.685366 0 0 -0 71 14 97 255 
-1.986989 -0.4936712 -4.684896 0 0 -0 72 24 106 255 
-2.007196 -0.5773109 -4.726772 0 0 -0 71 17 100 255 
-1.990492 -0.6675804 -4.696945 0 0 -0 72 20 103 255 
-1.983479 -0.7614316 -4.69648 0 0 -0 72 35 116 255 
-1.969986 -0.8565241 -4.67987 0 0 -0 70 52 128 255 
-1.960439 -0.9278486 -4.638893 0 0 -0 72 41 121 255 
-1.971425 -1.030184 -4.685999 0 0 -0 67 62 133 255 
-1.952802 -1.119635 -4.647991 0 0 -0 62 76 138 255 
-1.989171 -1.249773 -4.785179 0 0 -0 36 134 142 255 
-1.915334 -1.278254 -4.560812 0 0 -0 72 27 109 255 
-1.939724 -1.393354 -4.645462 0 0 -0 71 19 101 255 
-1.839995 -1.416012 -4.338688 0 0 -0 70 10 93 255 
-1.684031 -1.385316 -3.844262 0 0 -0 71 17 100 255 
-1.578812 -1.375318 -3.529632 0 0 -0 71 16 99 255 
-1.444948 -1.341453 -3.104203 0 0 -0 72 23 105 255 
-1.347588 -1.334384 -2.787002 0 0 -0 71 14 97 255 
-1.247626 -1.320945 -2.46181 0 0 -0 72 31 112 255 
-1.148791 -1.301711 -2.196087 0 0 -0 71 13 96 255 
-1.057803 -1.279412 -1.892267 0 0 -0 71 13 96 255 
-0.9953086 -1.282633 -1.681275 0 0 -0 72 28 110 255 
-0.9185704 -1.269059 -1.42239 0 0 -0 72 31 112 255 
-0.8040851 1.457531 -0.8138986 0 0 -0 39 127 142 255 
-0.9005215 1.437828 -1.129656 0 0 -0 43 116 142 255 
-1.009339 1.414284 -1.478242 0 0 -0 55 91 141 255 
-1.122693 1.387816 -1.853529 0 0 -0 52 97 141 255 
-1.286596 1.37523 -2.355246 0 0 -0 46 109 142 255 
-1.44443 1.341776 -2.871569 0 0 -0 47 107 142 255 
-1.642965 1.307962 -3.514115 0 0 -0 53 94 141 255 
-1.870208 1.265978 -4.261801 0 0 -0 58 84 140 255 
-2.010758 1.21156 -4.679812 0 0 -0 46 110 142 255 
-2.00018 1.118966 -4.674141 0 0 -0 72 36 117 255 
-2.003887 1.026812 -4.708129 0 0 -0 71 42 122 255 
-1.982623 0.9324871 -4.671484 0 0 -0 72 38 119 255 
-1.996091 0.8576932 -4.678448 0 0 -0 71 44 122 255 
-1.992323 0.7641206 -4.691202 0 0 -0 71 42 122 255 
-1.986212 0.6716174 -4.698516 0 0 -0 71 44 122 255 
-1.963712 0.581535 -4.660828 0 0 -0 71 46 124 255 
-1.970011 0.5038466 -4.65035 0 0 -0 70 48 126 255 
-1.968273 0.4124883 -4.670509 0 0 -0 71 47 125 255 
-1.960439 0.3192507 -4.669552 0 0 -0 70 52 128 255 
-1.948185 0.2263747 -4.664848 0 0 -0 69 56 130 255 
-1.954866 0.1527174 -4.649457 0 0 -0 70 48 126 255 
-1.958265 0.05484462 -4.685057 0 0 -0 69 53 129 255 
-1.962462 -0.02010822 -4.689976 0 0 -0 68 57 131 255 
-1.944353 -0.1315004 -4.703903 0 0 -0 68 59 132 255 
-1.932076 -0.2036606 -4.642244 0 0 -0 70 50 126 255 
-1.978754 -0.315704 -4.806609 0 0 -0 31 152 139 255 
-1.96348 -0.4073017 -4.78304 0 0 -0 32 146 140 255 
-1.961275 -0.5061462 -4.805204 0 0 -0 33 145 140 255 
-1.953308 -0.5771471 -4.756241 0 0 -0 31 148 140 255 
-1.940233 -0.6693317 -4.737666 0 0 -0 34 139 141 255 
-1.929711 -0.7614965 -4.725825 0 0 -0 39 128 142 255 
-1.926641 -0.8627833 -4.743082 0 0 -0 43 116 142 255 
-1.920774 -0.9366095 -4.713293 0 0 -0 44 114 142 255 
-1.9142 -1.02834 -4.704011 0 0 -0 45 113 142 255 
-1.899218 -1.120141 -4.677174 0 0 -0 51 99 141 255 
-1.886935 -1.21592 -4.657256 0 0 -0 56 89 140 255 
-1.875833 -1.289191 -4.634655 0 0 -0 72 23 105 255 
-1.872494 -1.383526 -4.62978 0 0 -0 71 17 100 255 
-1.794958 -1.422563 -4.389526 0 0 -0 71 13 96 255 
-1.63526 -1.386527 -3.871771 0 0 -0 72 23 105 255 
-1.531957 -1.376683 -3.556481 0 0 -0 71 14 97 255 
-1.390682 -1.333726 -3.096896 0 0 -0 72 24 106 255 
-1.291957 -1.323284 -2.768088 0 0 -0 72 22 104 255 
-1.207299 -1.322864 -2.486547 0 0 -0 72 26 108 255 
-1.087059 -1.279832 -2.143042 0 0 -0 71 13 96 255 
-1.020938 -1.281647 -1.915789 0 0 -0 70 11 94 255 
-0.9531853 -1.277734 -1.682476 0 0 -0 72 26 108 255 
-0.8813099 -1.267857 -1.434075 0 0 -0 72 24 106 255 
-0.76046 1.454482 -0.7900414 0 0 -0 41 121 142 255 
-0.85852 1.43644 -1.117741 0 0 -0 44 114 142 255 
-0.9616449 1.412053 -1.455563 0 0 -0 44 113 142 255 
-1.079799 1.388058 -1.854342 0 0 -0 51 99 141 255 
-1.240613 1.375665 -2.357052 0 0 -0 49 103 142 255 
-1.409472 1.345713 -2.920067 0 0 -0 46 111 142 255 
-1.582786 1.307438 -3.495193 0 0 -0 53 95 141 255 
-1.805464 1.265945 -4.244241 0 0 -0 59 82 139 255 
-1.957584 1.213895 -4.70893 0 0 -0 44 115 142 255 
-1.950551 1.121576 -4.714687 0 0 -0 71 44 122 255 
-1.943427 1.028382 -4.714335 0 0 -0 71 47 125 255 
-1.936454 0.9347972 -4.723464 0 0 -0 71 44 122 255 
-1.949903 0.8597245 -4.730521 0 0 -0 70 51 127 255 
-1.935442 0.7659613 -4.708871 0 0 -0 70 48 126 255 
-1.925753 0.6736262 -4.704699 0 0 -0 71 46 124 255 
-1.917481 0.5825423 -4.712795 0 0 -0 71 47 125 255 
-1.923858 0.5045605 -4.702358 0 0 -0 70 48 126 255 
-1.907945 0.4148143 -4.676656 0 0 -0 71 42 122 255 
-1.914069 0.3192893 -4.721541 0 0 -0 70 48 126 255 
-1.887876 0.2289339 -4.670926 0 0 -0 70 48 126 255 
-1.905087 0.1529391 -4.689965 0 0 -0 70 48 126 255 
-1.880415 0.06224138 -4.634017 0 0 -0 71 44 122 255 
-1.884562 -0.01216412 -4.639028 0 0 -0 71 45 123 255 
-1.869966 -0.1238899 -4.664334 0 0 -0 71 47 125 255 
-1.889105 -0.2068082 -4.705496 0 0 -0 71 47 125 255 
-1.869265 -0.2934303 -4.653265 0 0 -0 70 7 90 255 
-1.819821 -1.206692 -4.641019 0 0 -0 70 7 90 255 
-1.812204 -1.282242 -4.629665 0 0 -0 72 22 104 255 
-1.812218 -1.379016 -4.63606 0 0 -0 71 14 97 255 
-1.716298 -1.401337 -4.328197 0 0 -0 71 13 96 255 
-1.582955 -1.384828 -3.887833 0 0 -0 72 23 105 255 
-1.461898 -1.357143 -3.505011 0 0 -0 71 13 96 255 
-1.349679 -1.338367 -3.133708 0 0 -0 72 22 104 255 
-1.259477 -1.334632 -2.826428 0 0 -0 72 22 104 255 
-1.153748 -1.311467 -2.46681 0 0 -0 71 16 99 255 
-1.067906 -1.3024 -2.233054 0 0 -0 71 13 96 255 
-0.9806495 -1.280336 -1.928097 0 0 -0 71 17 100 255 
-0.9047154 -1.265541 -1.661445 0 0 -0 72 29 111 255 
-0.8503735 -1.27417 -1.467406 0 0 -0 72 29 111 255 
-0.7206759 1.452803 -0.7772565 0 0 -0 39 126 142 255 
-0.8271759 1.438835 -1.139768 0 0 -0 43 117 142 255 
-0.9456296 1.420125 -1.53537 0 0 -0 58 186 118 255 
-1.036971 1.388308 -1.854871 0 0 -0 50 102 142 255 
-1.201658 1.377985 -2.381444 0 0 -0 45 112 142 255 
-1.342709 1.342268 -2.865314 0 0 -0 50 102 142 255 
-1.529881 1.308337 -3.498769 0 0 -0 52 96 141 255 
-1.75143 1.267707 -4.260643 0 0 -0 56 89 140 255 
-1.904164 1.216252 -4.737744 0 0 -0 47 107 142 255 
-1.890134 1.123042 -4.720524 0 0 -0 72 32 113 255 
-1.883 1.029963 -4.720147 0 0 -0 72 40 120 255 
-1.865617 0.9360187 -4.694776 0 0 -0 72 40 120 255 
-1.885878 0.8614501 -4.724925 0 0 -0 72 38 119 255 
-1.881905 0.7677702 -4.737684 0 0 -0 72 36 117 255 
-1.872214 0.6753219 -4.733479 0 0 -0 71 45 123 255 
-1.86043 0.5844044 -4.730052 0 0 -0 72 40 120 255 
-1.870295 0.5060472 -4.731167 0 0 -0 71 47 125 255 
-1.854511 0.4161853 -4.705389 0 0 -0 71 42 122 255 
-1.84323 0.3235493 -4.692899 0 0 -0 71 46 124 255 
-1.837821 0.2293634 -4.711065 0 0 -0 70 48 126 255 
-1.84467 0.1556034 -4.695786 0 0 -0 71 42 122 255 
-1.844174 0.0585537 -4.720002 0 0 -0 70 50 126 255 
-1.848281 -0.01639831 -4.72501 0 0 -0 70 48 126 255 
-1.823199 -0.1254776 -4.715858 0 0 -0 71 46 124 255 
-1.821785 -0.201208 -4.688451 0 0 -0 72 41 121 255 
-1.851207 -1.271138 -4.962731 0 0 -0 69 4 87 255 
-1.761799 -1.285474 -4.669297 0 0 -0 72 26 108 255 
-1.751974 -1.374494 -4.64195 0 0 -0 71 13 96 255 
-1.696841 -1.430031 -4.468132 0 0 -0 71 13 96 255 
-1.533782 -1.386001 -3.914765 0 0 -0 72 20 103 255 
-1.398999 -1.343579 -3.475325 0 0 -0 70 11 94 255 
-1.311513 -1.346074 -3.181455 0 0 -0 72 23 105 255 
-1.210402 -1.329926 -2.829079 0 0 -0 72 22 104 255 
-1.097343 -1.29675 -2.435596 0 0 -0 71 14 97 255 
-1.009919 -1.283937 -2.190328 0 0 -0 71 19 101 255 
-0.9465725 -1.286069 -1.962217 0 0 -0 71 19 101 255 
-0.8691282 -1.267914 -1.684036 0 0 -0 72 26 108 255 
-0.8065776 -1.265421 -1.45676 0 0 -0 72 33 115 255 
-0.684525 1.4525 -0.7756057 0 0 -0 40 125 142 255 
-0.7853923 1.437456 -1.127319 0 0 -0 42 118 142 255 
-0.880949 1.412172 -1.454933 0 0 -0 253 231 37 255 
-1.004425 1.39167 -1.889497 0 0 -0 52 97 141 255 
-1.145416 1.375618 -2.348289 0 0 -0 47 107 142 255 
-1.300554 1.344588 -2.89036 0 0 -0 49 104 142 255 
-1.480427 1.30996 -3.513484 0 0 -0 53 95 141 255 
-1.690509 1.268284 -4.253724 0 0 -0 69 56 130 255 
-1.850498 1.218629 -4.76625 0 0 -0 49 103 142 255 
-1.83315 1.124911 -4.737473 0 0 -0 72 31 112 255 
-1.842942 1.033223 -4.794617 0 0 -0 72 41 121 255 
-1.808752 0.9378868 -4.711623 0 0 -0 72 41 121 255 
-1.842376 0.8635999 -4.78796 0 0 -0 72 40 120 255 
-1.817978 0.7697384 -4.731649 0 0 -0 72 40 120 255 
-1.815057 0.6771989 -4.750435 0 0 -0 71 44 122 255 
-1.813355 0.5854655 -4.781512 0 0 -0 72 38 119 255 
-1.819857 0.5071859 -4.771178 0 0 -0 71 42 122 255 
-1.800831 0.4175775 -4.733816 0 0 -0 71 42 122 255 
-1.789598 0.3248252 -4.721278 0 0 -0 71 47 125 255 
-1.787378 0.2298187 -4.750938 0 0 -0 70 48 126 255 
-1.784289 0.1582794 -4.701215 0 0 -0 71 42 122 255 
-1.783636 0.06135333 -4.725458 0 0 -0 70 50 126 255 
-1.79103 -0.01451862 -4.742002 0 0 -0 71 47 125 255 
-1.752753 -0.1190084 -4.686812 0 0 -0 70 48 126 255 
-1.76141 -0.1980901 -4.693863 0 0 -0 72 41 121 255 
-1.718562 -1.212762 -4.720136 0 0 -0 70 7 90 255 
-1.717399 -1.293772 -4.731226 0 0 -0 72 22 104 255 
-1.698135 -1.375272 -4.669971 0 0 -0 71 14 97 255 
-1.615499 -1.406028 -4.394676 0 0 -0 71 16 99 255 
-1.493855 -1.395813 -3.975048 0 0 -0 71 17 100 255 
-1.364853 -1.356831 -3.545892 0 0 -0 70 11 94 255 
-1.254056 -1.335226 -3.162042 0 0 -0 72 24 106 255 
-1.189492 -1.354033 -2.931623 0 0 -0 71 19 101 255 
-1.066322 -1.308597 -2.492778 0 0 -0 71 17 100 255 
-0.9710299 -1.285964 -2.213648 0 0 -0 72 22 104 255 
-0.9060004 -1.28473 -1.974069 0 0 -0 72 20 103 255 
-0.8333331 -1.270271 -1.706429 0 0 -0 72 29 111 255 
-0.7660476 -1.260429 -1.456782 0 0 -0 72 28 110 255 
-0.6551495 1.454958 -0.7965975 0 0 -0 40 125 142 255 
-0.7505088 1.438607 -1.137483 0 0 -0 44 114 142 255 
-0.8574171 1.417989 -1.511556 0 0 -0 105 205 91 255 
-0.9548554 1.389864 -1.86656 0 0 -0 52 96 141 255 
-1.099689 1.376074 -2.349167 0 0 -0 44 114 142 255 
-1.248166 1.344442 -2.88068 0 0 -0 47 108 142 255 
-1.420888 1.309449 -3.493379 0 0 -0 53 95 141 255 
-1.629772 1.268867 -4.246389 0 0 -0 57 86 140 255 
-1.78992 1.220011 -4.771412 0 0 -0 49 103 142 255 
-1.789366 1.128376 -4.800165 0 0 -0 72 36 117 255 
-1.775533 1.034282 -4.776712 0 0 -0 72 38 119 255 
-1.765017 0.940429 -4.774258 0 0 -0 72 38 119 255 
-1.774964 0.8652819 -4.770089 0 0 -0 72 35 116 255 
-1.770788 0.7714949 -4.782849 0 0 -0 72 40 120 255 
-1.764401 0.6787764 -4.790112 0 0 -0 71 42 122 255 
-1.74273 0.5884479 -4.75198 0 0 -0 72 40 120 255 
-1.762434 0.5090837 -4.787857 0 0 -0 71 42 122 255 
-1.743619 0.4194694 -4.750402 0 0 -0 72 41 121 255 
-1.745558 0.3243398 -4.783934 0 0 -0 71 45 123 255 
-1.726758 0.232427 -4.755965 0 0 -0 71 47 125 255 
-1.746879 0.1553603 -4.786866 0 0 -0 71 46 124 255 
-1.736196 0.06049216 -4.776564 0 0 -0 71 47 125 255 
-1.746741 -0.01665962 -4.804653 0 0 -0 69 53 129 255 
-1.715138 -0.1239848 -4.772236 0 0 -0 71 44 122 255 
-1.723764 -0.2036408 -4.779293 0 0 -0 71 44 122 255 
-1.733921 -0.3026952 -4.830039 0 0 -0 70 7 90 255 
-1.641106 -1.276606 -4.679928 0 0 -0 71 17 100 255 
-1.647169 -1.378683 -4.708961 0 0 -0 70 11 94 255 
-1.575498 -1.418025 -4.466897 0 0 -0 72 20 103 255 
-1.447099 -1.399825 -4.012705 0 0 -0 72 24 106 255 
-1.299185 -1.340278 -3.504241 0 0 -0 71 13 96 255 
-1.209179 -1.33672 -3.186952 0 0 -0 71 17 100 255 
-1.127689 -1.336488 -2.889188 0 0 -0 72 24 106 255 
-1.043812 -1.330368 -2.58322 0 0 -0 71 14 97 255 
-0.9259039 -1.281154 -2.214541 0 0 -0 72 23 105 255 
-0.8563386 -1.272811 -1.952462 0 0 -0 72 23 105 255 
-0.8033329 -1.279886 -1.750695 0 0 -0 72 24 106 255 
-0.7315744 -1.262941 -1.478528 0 0 -0 72 33 115 255 
-0.6222985 1.45605 -0.8059673 0 0 -0 41 123 142 255 
-0.7122921 1.438502 -1.135959 0 0 -0 44 114 142 255 
-0.8234459 1.420379 -1.533648 0 0 -0 53 183 121 255 
-0.9219588 1.393255 -1.900763 0 0 -0 49 104 142 255 
-1.057301 1.377483 -2.36125 0 0 -0 44 114 142 255 
-1.195979 1.3443 -2.870638 0 0 -0 49 103 142 255 
-1.377994 1.312529 -3.530479 0 0 -0 51 98 141 255 
-1.575729 1.270666 -4.261713 0 0 -0 54 92 141 255 
-1.742437 1.223447 -4.822329 0 0 -0 50 102 142 255 
-1.718878 1.1287 -4.770319 0 0 -0 72 37 118 255 
-1.727931 1.037037 -4.827627 0 0 -0 72 40 120 255 
-1.710903 0.9425058 -4.802041 0 0 -0 72 40 120 255 
-1.724125 0.867337 -4.809501 0 0 -0 71 44 122 255 
-1.706869 0.7734886 -4.77605 0 0 -0 72 40 120 255 
-1.710132 0.6805352 -4.81796 0 0 -0 72 38 119 255 
-1.685445 0.5903566 -4.768165 0 0 -0 71 45 123 255 
-1.691998 0.512455 -4.757974 0 0 -0 71 45 123 255 
-1.715268 0.4170896 -4.870593 0 0 -0 72 41 121 255 
-1.688021 0.3262564 -4.800204 0 0 -0 71 45 123 255 
-1.678955 0.2322197 -4.806783 0 0 -0 71 46 124 255 
-1.682877 0.1588747 -4.780118 0 0 -0 72 40 120 255 
-1.665872 0.06607193 -4.746725 0 0 -0 71 42 122 255 
-1.682615 -0.01272392 -4.797974 0 0 -0 71 47 125 255 
-1.651247 -0.119781 -4.765403 0 0 -0 70 50 126 255 
-1.659804 -0.1992455 -4.772554 0 0 -0 71 44 122 255 
-1.672807 -0.2994134 -4.834907 0 0 -0 70 7 90 255 
-1.609654 -1.213833 -4.775486 0 0 -0 69 4 87 255 
-1.608301 -1.295018 -4.78657 0 0 -0 72 23 105 255 
-1.604961 -1.390022 -4.781581 0 0 -0 70 11 94 255 
-1.501346 -1.399564 -4.414931 0 0 -0 71 19 101 255 
-1.399974 -1.403811 -4.050116 0 0 -0 71 16 99 255 
-1.255156 -1.344555 -3.540699 0 0 -0 71 13 96 255 
-1.170068 -1.344363 -3.234015 0 0 -0 72 28 110 255 
-1.09038 -1.344536 -2.935668 0 0 -0 72 20 103 255 
-0.9756098 -1.302363 -2.50653 0 0 -0 71 16 99 255 
-0.8955629 -1.29338 -2.270752 0 0 -0 72 22 104 255 
-0.8187683 -1.274977 -1.974847 0 0 -0 72 20 103 255 
-0.7640606 -1.278573 -1.761672 0 0 -0 72 22 104 255 
-0.6968992 -1.26544 -1.50008 0 0 -0 72 33 115 255 
-0.6773583 1.439671 -1.145675 0 0 -0 45 113 142 255 
-0.7924718 1.423939 -1.567058 0 0 -0 61 188 116 255 
-0.8759372 1.392498 -1.888722 0 0 -0 49 103 142 255 
-1.011638 1.377956 -2.361549 0 0 -0 44 114 142 255 
-1.156781 1.347491 -2.906384 0 0 -0 47 107 142 255 
-1.312393 1.310589 -3.486537 0 0 -0 60 79 138 255 
-1.508865 1.270052 -4.230487 0 0 -0 53 95 141 255 
-1.684854 1.225374 -4.838344 0 0 -0 52 97 141 255 
-1.677513 1.132615 -4.844032 0 0 -0 72 40 120 255 
-1.660745 1.038115 -4.808897 0 0 -0 72 41 121 255 
-1.65022 0.9442652 -4.806364 0 0 -0 72 35 116 255 
-1.669724 0.8693414 -4.837069 0 0 -0 72 35 116 255 
-1.674835 0.7750991 -4.884554 0 0 -0 72 38 119 255 
-1.652462 0.6824681 -4.833922 0 0 -0 72 38 119 255 
-1.646943 0.5906892 -4.853461 0 0 -0 71 44 122 255 
-1.656762 0.5118425 -4.85487 0 0 -0 71 45 123 255 
-1.638338 0.4218797 -4.817232 0 0 -0 71 45 123 255 
-1.624112 0.3293679 -4.792987 0 0 -0 71 45 123 255 
-1.627504 0.2327474 -4.8458 0 0 -0 71 44 122 255 
-1.619062 0.1623957 -4.772935 0 0 -0 71 44 122 255 
-1.624125 0.06342828 -4.820328 0 0 -0 71 47 125 255 
-1.615551 -0.007776856 -4.77932 0 0 -0 70 48 126 255 
-1.606113 -0.122408 -4.827365 0 0 -0 71 44 122 255 
-1.608428 -0.1997845 -4.811491 0 0 -0 71 44 122 255 
-1.569809 -1.22657 -4.859489 0 0 -0 70 7 90 255 
-1.550411 -1.293072 -4.802425 0 0 -0 72 22 104 255 
-1.556007 -1.396024 -4.831398 0 0 -0 70 10 93 255 
-1.463488 -1.414272 -4.497938 0 0 -0 71 16 99 255 
-1.358382 -1.413532 -4.109815 0 0 -0 71 17 100 255 
-1.228378 -1.366642 -3.644423 0 0 -0 71 16 99 255 
-1.124611 -1.345818 -3.25845 0 0 -0 72 24 106 255 
-1.040912 -1.339775 -2.937205 0 0 -0 71 19 101 255 
-0.9491456 -1.320764 -2.585521 0 0 -0 72 22 104 255 
-0.8415996 -1.278323 -2.237721 0 0 -0 71 17 100 255 
-0.7867292 -1.284164 -2.019237 0 0 -0 72 28 110 255 
-0.718996 -1.269986 -1.750261 0 0 -0 71 19 101 255 
-0.6563112 -1.260419 -1.499372 0 0 -0 72 23 105 255 
-0.5501555 1.45549 -0.8010993 0 0 -0 39 127 142 255 
-0.6361014 1.438306 -1.13215 0 0 -0 45 113 142 255 
-0.7580218 1.426362 -1.588788 0 0 -0 129 211 77 255 
-0.8363788 1.393832 -1.89944 0 0 -0 50 101 142 255 
-0.9660437 1.378436 -2.361547 0 0 -0 45 112 142 255 
-1.101595 1.34653 -2.884147 0 0 -0 51 99 141 255 
-1.263019 1.312253 -3.499918 0 0 -0 60 80 139 255 
-1.461143 1.273091 -4.268219 0 0 -0 55 90 140 255 
-1.639663 1.22938 -4.900307 0 0 -0 57 85 140 255 
-1.629118 1.135767 -4.894418 0 0 -0 71 42 122 255 
-1.609418 1.04063 -4.847637 0 0 -0 72 38 119 255 
-1.601962 0.9467221 -4.856666 0 0 -0 72 33 115 255 
-1.611977 0.8712878 -4.852731 0 0 -0 72 37 118 255 
-1.607481 0.7771668 -4.865493 0 0 -0 72 37 118 255 
-1.594695 0.6844172 -4.849527 0 0 -0 71 46 124 255 
-1.589038 0.5926446 -4.869056 0 0 -0 72 40 120 255 
-1.598831 0.5137963 -4.870547 0 0 -0 71 42 122 255 
-1.586772 0.422884 -4.855998 0 0 -0 71 45 123 255 
-1.572654 0.3301384 -4.831686 0 0 -0 71 44 122 255 
-1.575674 0.2333009 -4.88454 0 0 -0 70 51 127 255 
-1.589129 0.1571912 -4.892652 0 0 -0 71 46 124 255 
-1.569365 0.06446874 -4.847493 0 0 -0 71 44 122 255 
-1.585452 -0.01485395 -4.898938 0 0 -0 71 44 122 255 
-1.554267 -0.1227254 -4.866011 0 0 -0 71 46 124 255 
-1.553643 -0.1990652 -4.838605 0 0 -0 71 45 123 255 
-1.541646 -0.2887771 -4.808852 0 0 -0 70 11 94 255 
-1.489511 -1.288575 -4.806563 0 0 -0 71 17 100 255 
-1.492012 -1.388762 -4.824284 0 0 -0 70 11 94 255 
-1.407345 -1.412372 -4.512943 0 0 -0 71 14 97 255 
-1.287326 -1.394454 -4.056455 0 0 -0 71 19 101 255 
-1.166015 -1.353039 -3.612918 0 0 -0 71 16 99 255 
-1.067518 -1.334937 -3.237659 0 0 -0 72 22 104 255 
-0.9972005 -1.341392 -2.960842 0 0 -0 72 24 106 255 
-0.8990706 -1.312641 -2.575027 0 0 -0 71 19 101 255 
-0.8217897 -1.304123 -2.338201 0 0 -0 72 24 106 255 
-0.7262115 -1.258163 -1.952222 0 0 -0 72 24 106 255 
-0.6797302 -1.268656 -1.760717 0 0 -0 71 17 100 255 
-0.6157969 -1.255394 -1.498394 0 0 -0 71 16 99 255 
-0.5203458 1.457993 -0.8213429 0 0 -0 40 125 142 255 
-0.607314 1.442039 -1.164466 0 0 -0 46 111 142 255 
-0.689707 1.41605 -1.483328 0 0 -0 223 227 24 255 
-0.7906482 1.393083 -1.886797 0 0 -0 54 92 141 255 
-0.923583 1.379876 -2.372811 0 0 -0 43 117 142 255 
-1.058979 1.348917 -2.907815 0 0 -0 51 98 141 255 
-1.210515 1.313206 -3.501414 0 0 -0 54 93 141 255 
-1.397848 1.273095 -4.247732 0 0 -0 54 92 141 255 
-1.575501 1.230314 -4.892502 0 0 -0 62 76 138 255 
-1.574119 1.138141 -4.921361 0 0 -0 71 42 122 255 
-1.560748 1.04346 -4.897705 0 0 -0 71 42 122 255 
-1.541089 0.9485139 -4.860281 0 0 -0 72 36 117 255 
-1.563247 0.8734944 -4.902866 0 0 -0 71 42 122 255 
-1.555597 0.7790653 -4.904023 0 0 -0 72 38 119 255 
-1.55796 0.6853446 -4.946071 0 0 -0 72 41 121 255 
-1.534044 0.5943555 -4.895911 0 0 -0 71 42 122 255 
-1.546836 0.515052 -4.909087 0 0 -0 72 40 120 255 
-1.525812 0.4253219 -4.859662 0 0 -0 71 45 123 255 
-1.517823 0.331519 -4.8585 0 0 -0 71 47 125 255 
-1.508564 0.2373781 -4.864984 0 0 -0 71 44 122 255 
-1.518925 0.1623347 -4.861631 0 0 -0 71 46 124 255 
-1.508407 0.06734741 -4.851162 0 0 -0 71 45 123 255 
-1.521178 -0.01087415 -4.891154 0 0 -0 70 50 126 255 
-1.496136 -0.1207472 -4.881227 0 0 -0 70 48 126 255 
-1.50454 -0.2007859 -4.88853 0 0 -0 71 45 123 255 
-1.48678 -0.2881548 -4.835588 0 0 -0 71 13 96 255 
-1.437189 -1.291666 -4.844448 0 0 -0 71 17 100 255 
-1.431037 -1.384137 -4.828093 0 0 -0 70 10 93 255 
-1.359578 -1.418731 -4.5616 0 0 -0 71 19 101 255 
-1.231083 -1.38976 -4.059078 0 0 -0 71 13 96 255 
-1.11531 -1.35131 -3.626101 0 0 -0 71 17 100 255 
-1.016335 -1.330211 -3.238982 0 0 -0 71 19 101 255 
-0.953275 -1.342992 -2.98423 0 0 -0 72 28 110 255 
-0.8658162 -1.324364 -2.631373 0 0 -0 71 19 101 255 
-0.7734392 -1.295855 -2.326931 0 0 -0 72 28 110 255 
-0.7075585 -1.284893 -2.051871 0 0 -0 72 26 108 255 
-0.6349499 -1.260061 -1.748715 0 0 -0 71 17 100 255 
-0.5971175 -1.280334 -1.585716 0 0 -0 71 16 99 255 
-0.5751994 1.444514 -1.18509 0 0 -0 44 115 142 255 
-0.6645987 1.421962 -1.539159 0 0 -0 142 214 69 255 
-0.7451383 1.392335 -1.873841 0 0 -0 52 96 141 255 
-0.8810551 1.381328 -2.383816 0 0 -0 46 110 142 255 
-1.007195 1.348802 -2.896461 0 0 -0 54 93 141 255 
-1.152115 1.312713 -3.479368 0 0 -0 55 91 141 255 
-1.331923 1.272485 -4.215191 0 0 -0 55 91 141 255 
-1.526433 1.233855 -4.942328 0 0 -0 65 66 135 255 
-1.521856 1.140943 -4.959606 0 0 -0 71 42 122 255 
-1.505632 1.045737 -4.924277 0 0 -0 72 36 117 255 
-1.503889 0.951728 -4.956542 0 0 -0 72 37 118 255 
-1.505099 0.8754803 -4.917875 0 0 -0 72 35 116 255 
-1.491509 0.7811165 -4.895748 0 0 -0 72 40 120 255 
-1.490668 0.6877805 -4.9262 0 0 -0 72 40 120 255 
-1.475881 0.5963457 -4.910813 0 0 -0 71 47 125 255 
-1.4768 0.5184616 -4.877576 0 0 -0 72 41 121 255 
-1.47957 0.4254369 -4.921064 0 0 -0 71 44 122 255 
-1.462759 0.3329206 -4.884998 0 0 -0 71 47 125 255 
-1.467971 0.2351825 -4.94955 0 0 -0 71 46 124 255 
-1.475486 0.1603741 -4.934616 0 0 -0 72 38 119 255 
-1.467866 0.06389415 -4.935688 0 0 -0 71 42 122 255 
-1.462919 -0.008882642 -4.906137 0 0 -0 70 50 126 255 
-1.440796 -0.1198852 -4.907678 0 0 -0 70 52 128 255 
-1.446258 -0.1987915 -4.903461 0 0 -0 71 47 125 255 
-1.417286 -0.2808065 -4.804144 0 0 -0 71 19 101 255 
-1.380649 -1.208405 -4.848139 0 0 -0 69 5 89 255 
-1.384493 -1.294731 -4.882048 0 0 -0 71 16 99 255 
-1.350758 -1.361009 -4.75189 0 0 -0 70 8 92 255 
-1.300293 -1.414037 -4.564619 0 0 -0 71 19 101 255 
-1.199574 -1.4109 -4.163252 0 0 -0 71 16 99 255 
-1.075432 -1.361428 -3.684187 0 0 -0 71 16 99 255 
-0.9787903 -1.340847 -3.296358 0 0 -0 70 11 94 255 
-0.8983054 -1.33182 -2.962377 0 0 -0 72 23 105 255 
-0.8130378 -1.312914 -2.609081 0 0 -0 71 19 101 255 
-0.733302 -1.297784 -2.348913 0 0 -0 72 24 106 255 
-0.6637801 -1.279969 -2.051095 0 0 -0 72 28 110 255 
-0.5956979 -1.258714 -1.758655 0 0 -0 71 19 101 255 
-0.5376505 -1.249069 -1.506726 0 0 -0 71 19 101 255 
-0.5312067 1.441888 -1.159257 0 0 -0 42 118 142 255 
-0.635949 1.426739 -1.583325 0 0 -0 38 129 142 255 
-0.7173195 1.397899 -1.930132 0 0 -0 50 100 142 255 
-0.8326185 1.380876 -2.371358 0 0 -0 45 112 142 255 
-0.949796 1.347005 -2.861534 0 0 -0 67 61 132 255 
-1.105696 1.315139 -3.503389 0 0 -0 57 86 140 255 
-1.275178 1.273721 -4.217061 0 0 -0 57 85 140 255 
-1.468121 1.235859 -4.957015 0 0 -0 70 48 126 255 
-1.463418 1.142952 -4.974288 0 0 -0 71 44 122 255 
-1.450284 1.048035 -4.950527 0 0 -0 72 40 120 255 
-1.445431 0.9537405 -4.971164 0 0 -0 72 36 117 255 
-1.45844 0.877827 -4.979106 0 0 -0 72 37 118 255 
-1.439159 0.7830568 -4.933637 0 0 -0 72 37 118 255 
-1.440966 0.6893574 -4.975761 0 0 -0 72 38 119 255 
-1.420491 0.5980963 -4.937008 0 0 -0 71 46 124 255 
-1.43597 0.5183455 -4.962023 0 0 -0 72 38 119 255 
-1.415495 0.4283738 -4.912388 0 0 -0 72 41 121 255 
-1.418868 0.3320247 -4.957741 0 0 -0 71 44 122 255 
-1.398055 0.2399794 -4.917585 0 0 -0 71 46 124 255 
-1.408448 0.1647463 -4.914382 0 0 -0 71 44 122 255 
-1.409349 0.06590861 -4.950324 0 0 -0 71 45 123 255 
-1.404567 -0.006874919 -4.920762 0 0 -0 71 45 123 255 
-1.379603 -0.1167428 -4.910586 0 0 -0 70 48 126 255 
-1.379436 -0.1931041 -4.883232 0 0 -0 71 45 123 255 
-1.381969 -0.2895252 -4.911282 0 0 -0 72 23 105 255 
-1.379359 -1.257573 -5.102662 0 0 -0 69 5 89 255 
-1.317914 -1.285127 -4.862286 0 0 -0 71 17 100 255 
-1.328101 -1.39333 -4.914279 0 0 -0 70 8 92 255 
-1.249108 -1.417593 -4.601357 0 0 -0 71 17 100 255 
-1.142813 -1.406165 -4.165305 0 0 -0 70 11 94 255 
-1.026948 -1.362624 -3.708138 0 0 -0 72 22 104 255 
-0.7763911 -1.321288 -2.653808 0 0 -0 71 17 100 255 
-0.6903619 -1.296299 -2.359453 0 0 -0 72 20 103 255 
-0.6174831 -1.27153 -2.038855 0 0 -0 72 26 108 255 
-0.577085 -1.286333 -1.857504 0 0 -0 71 17 100 255 
-0.5205432 -1.277699 -1.604915 0 0 -0 72 22 104 255 
-0.4961339 1.443101 -1.167863 0 0 -0 44 115 142 255 
-0.5555465 1.410546 -1.418591 0 0 -0 44 113 142 255 
-0.6718292 1.397168 -1.916653 0 0 -0 53 95 141 255 
-0.7901013 1.382346 -2.381804 0 0 -0 47 108 142 255 
-0.9071079 1.349425 -2.884324 0 0 -0 54 93 141 255 
-1.047712 1.314653 -3.480592 0 0 -0 59 81 139 255 
-1.226976 1.276824 -4.253503 0 0 -0 58 84 140 255 
-1.421072 1.23998 -5.017935 0 0 -0 69 53 129 255 
-1.399233 1.144155 -4.965303 0 0 -0 70 52 128 255 
-1.408811 1.051838 -5.034755 0 0 -0 71 42 122 255 
-1.395315 0.956313 -5.020423 0 0 -0 72 40 120 255 
-1.385713 0.8794113 -4.935155 0 0 -0 72 35 116 255 
-1.386434 0.785023 -4.971239 0 0 -0 72 38 119 255 
-1.365513 0.6922334 -4.920065 0 0 -0 72 38 119 255 
-1.367661 0.5996144 -4.97455 0 0 -0 71 44 122 255 
-1.371786 0.521073 -4.953016 0 0 -0 71 47 125 255 
-1.368361 0.4285454 -4.973255 0 0 -0 71 44 122 255 
-1.354714 0.3352093 -4.948686 0 0 -0 71 46 124 255 
-1.347986 0.2399269 -4.966715 0 0 -0 71 45 123 255 
-1.355639 0.1651993 -4.951923 0 0 -0 71 45 123 255 
-1.350745 0.0679391 -4.964598 0 0 -0 71 46 124 255 
-1.348896 -0.005843639 -4.946662 0 0 -0 71 46 124 255 
-1.337639 -0.1214808 -4.9945 0 0 -0 71 47 125 255 
-1.337655 -0.1984241 -4.967102 0 0 -0 71 45 123 255 
-1.329004 -0.2901716 -4.948698 0 0 -0 72 27 109 255 
-1.249038 -1.272997 -4.830629 0 0 -0 71 16 99 255 
-1.277286 -1.399203 -4.962667 0 0 -0 70 7 90 255 
-1.181883 -1.404617 -4.56951 0 0 -0 71 19 101 255 
-1.08091 -1.395685 -4.144273 0 0 -0 71 13 96 255 
-0.9782479 -1.363802 -3.731808 0 0 -0 72 20 103 255 
-0.8812015 -1.337466 -3.320136 0 0 -0 71 19 101 255 
-0.7919754 -1.312664 -2.928782 0 0 -0 71 16 99 255 
-0.6600021 -1.311775 -2.425873 0 0 -0 72 20 103 255 
-0.5840212 -1.280623 -2.082271 0 0 -0 72 28 110 255 
-0.5321246 -1.277707 -1.844773 0 0 -0 71 17 100 255 
-0.477143 -1.268887 -1.591917 0 0 -0 72 20 103 255 
-0.4554513 1.441755 -1.153047 0 0 -0 47 107 142 255 
-0.5272096 1.415329 -1.462195 0 0 -0 34 139 141 255 
-0.6348737 1.399609 -1.937746 0 0 -0 51 98 141 255 
-0.7475209 1.383828 -2.391989 0 0 -0 49 104 142 255 
-0.8586681 1.350168 -2.883581 0 0 -0 53 94 141 255 
-1.003914 1.317841 -3.515661 0 0 -0 53 94 141 255 
-1.156363 1.274979 -4.196381 0 0 -0 57 86 140 255 
-1.373367 1.244137 -5.078632 0 0 -0 66 63 133 255 
-1.349036 1.147433 -5.014249 0 0 -0 66 63 133 255 
-1.347147 1.053591 -5.037091 0 0 -0 72 41 121 255 
-1.328251 0.9578132 -4.999332 0 0 -0 71 42 122 255 
-1.338379 0.8818076 -4.995793 0 0 -0 72 38 119 255 
-1.344309 0.7869174 -5.055278 0 0 -0 72 40 120 255 
-1.331816 0.6930193 -5.039063 0 0 -0 71 42 122 255 
-1.31174 0.6014093 -5.000116 0 0 -0 71 45 123 255 
-1.324179 0.5217229 -5.013666 0 0 -0 71 44 122 255 
-1.309693 0.4305905 -4.987183 0 0 -0 71 44 122 255 
-1.304302 0.3355269 -4.997586 0 0 -0 72 41 121 255 
-1.292014 0.2412847 -4.992242 0 0 -0 71 44 122 255 
-1.30246 0.1656783 -4.989172 0 0 -0 71 42 122 255 
-1.29475 0.06908679 -4.990174 0 0 -0 71 44 122 255 
-1.290301 -0.003801584 -4.960588 0 0 -0 71 45 123 255 
-1.270722 -0.1160492 -4.973448 0 0 -0 70 50 126 255 
-1.276222 -0.1951536 -4.969372 0 0 -0 71 45 123 255 
-1.259674 -0.2827902 -4.91608 0 0 -0 72 31 112 255 
-0.9486451 -0.5330946 -3.654757 0 0 -0 71 13 96 255 
-1.246789 -1.241243 -5.073836 0 0 -0 70 7 90 255 
-1.211382 -1.291153 -4.935867 0 0 -0 71 17 100 255 
-1.200425 -1.378701 -4.896541 0 0 -0 70 10 93 255 
-1.125308 -1.402639 -4.582784 0 0 -0 71 13 96 255 
-1.016815 -1.382342 -4.111437 0 0 -0 71 19 101 255 
-0.924301 -1.359045 -3.732486 0 0 -0 71 19 101 255 
-0.8398172 -1.344956 -3.365558 0 0 -0 71 17 100 255 
-0.7479783 -1.31422 -2.950973 0 0 -0 71 17 100 255 
-0.6916807 -1.32476 -2.697674 0 0 -0 72 26 108 255 
-0.5993756 -1.28651 -2.357254 0 0 -0 72 20 103 255 
-0.5353608 -1.268665 -2.058263 0 0 -0 72 22 104 255 
-0.4751362 -1.25099 -1.775851 0 0 -0 71 19 101 255 
-0.4339628 -1.260076 -1.578619 0 0 -0 71 14 97 255 
-0.3581308 1.413393 -0.8939424 0 0 -0 63 72 137 255 
-0.5065151 1.423651 -1.540569 0 0 -0 46 111 142 255 
-0.5923221 1.399946 -1.935339 0 0 -0 52 97 141 255 
-0.6859266 1.378569 -2.320357 0 0 -0 69 56 130 255 
-0.8157057 1.352617 -2.905846 0 0 -0 48 105 142 255 
-0.9435894 1.316627 -3.480469 0 0 -0 55 91 141 255 
-1.10532 1.277487 -4.220483 0 0 -0 57 85 140 255 
-1.31692 1.246739 -5.104057 0 0 -0 58 84 140 255 
-1.292954 1.149909 -5.039558 0 0 -0 62 74 137 255 
-1.293575 1.056261 -5.074112 0 0 -0 72 37 118 255 
-1.277536 0.9604325 -5.047972 0 0 -0 72 38 119 255 
-1.282348 0.8839583 -5.021116 0 0 -0 72 37 118 255 
-1.285213 0.7889891 -5.068965 0 0 -0 72 36 117 255 
-1.278123 0.6948174 -5.0761 0 0 -0 71 44 122 255 
-1.255592 0.6032248 -5.025355 0 0 -0 72 41 121 255 
-1.275914 0.522409 -5.074086 0 0 -0 72 36 117 255 
-1.253587 0.4321945 -5.012448 0 0 -0 72 41 121 255 
-1.250742 0.3364474 -5.034532 0 0 -0 72 38 119 255 
-1.235814 0.2426635 -5.017443 0 0 -0 71 44 122 255 
-1.24364 0.1677412 -5.002767 0 0 -0 71 44 122 255 
-1.228033 0.07384026 -4.968721 0 0 -0 71 42 122 255 
-1.244745 -0.006680608 -5.032489 0 0 -0 71 47 125 255 
-1.219729 -0.1173508 -5.021909 0 0 -0 70 52 128 255 
-1.220049 -0.1943085 -4.994551 0 0 -0 71 44 122 255 
-1.22196 -0.2913866 -5.022654 0 0 -0 72 36 117 255 
-0.8698286 -0.5106528 -3.539069 0 0 -0 72 32 113 255 
-1.167529 -1.304213 -5.018075 0 0 -0 71 19 101 255 
-1.171648 -1.408224 -5.047214 0 0 -0 70 8 92 255 
-1.085955 -1.41987 -4.675632 0 0 -0 71 14 97 255 
-0.9704386 -1.389035 -4.157877 0 0 -0 71 14 97 255 
-0.8802048 -1.366101 -3.778298 0 0 -0 72 20 103 255 
-0.7955077 -1.349354 -3.399431 0 0 -0 71 14 97 255 
-0.7232045 -1.341186 -3.063419 0 0 -0 71 14 97 255 
-0.6490206 -1.326471 -2.719243 0 0 -0 72 28 110 255 
-0.5731148 -1.308723 -2.445795 0 0 -0 72 20 103 255 
-0.5013648 -1.27772 -2.10127 0 0 -0 72 26 108 255 
-0.4595219 -1.285753 -1.896732 0 0 -0 72 20 103 255 
-0.3910049 -1.251262 -1.565023 0 0 -0 71 19 101 255 
-0.3616004 1.432618 -1.064397 0 0 -0 56 89 140 255 
-0.4559247 1.4191 -1.490782 0 0 -0 66 63 133 255 
-0.5393467 1.396043 -1.886013 0 0 -0 50 100 142 255 
-0.6542684 1.383925 -2.376573 0 0 -0 55 91 141 255 
-0.7593927 1.350823 -2.869476 0 0 -0 47 107 142 255 
-0.8916385 1.317626 -3.479905 0 0 -0 52 96 141 255 
-1.043607 1.277508 -4.197506 0 0 -0 60 79 138 255 
-1.260246 1.249362 -5.129153 0 0 -0 55 91 141 255 
-1.23926 1.152826 -5.076244 0 0 -0 58 84 140 255 
-1.237029 1.058653 -5.099126 0 0 -0 72 35 116 255 
-1.215928 0.9623272 -5.049489 0 0 -0 72 35 116 255 
-1.21305 0.885649 -4.987546 0 0 -0 72 35 116 255 
-1.218238 0.7911346 -5.047143 0 0 -0 72 37 118 255 
-1.211116 0.6973084 -5.054254 0 0 -0 72 41 121 255 
-1.204371 0.6045702 -5.073698 0 0 -0 71 45 123 255 
-1.198548 0.5268953 -5.00543 0 0 -0 72 40 120 255 
-1.202409 0.4329108 -5.060807 0 0 -0 72 38 119 255 
-1.194247 0.3379634 -5.059472 0 0 -0 72 40 120 255 
-1.187044 0.2420092 -5.077431 0 0 -0 72 41 121 255 
-1.194991 0.1667139 -5.062789 0 0 -0 72 41 121 255 
-1.189735 0.06876385 -5.075414 0 0 -0 71 45 123 255 
-1.185625 -0.004594207 -5.045775 0 0 -0 71 47 125 255 
-1.163176 -0.1163819 -5.046747 0 0 -0 70 48 126 255 
-1.173771 -0.1983051 -5.066072 0 0 -0 71 44 122 255 
-1.172928 -0.2946124 -5.082502 0 0 -0 72 40 120 255 
-0.8197604 -0.5088824 -3.550217 0 0 -0 72 22 104 255 
-0.7820929 -0.5681995 -3.407447 0 0 -0 72 23 105 255 
-1.125013 -1.234606 -5.089214 0 0 -0 70 8 92 255 
-1.103387 -1.297076 -5.008266 0 0 -0 71 19 101 255 
-1.095258 -1.387713 -4.98022 0 0 -0 71 13 96 255 
-1.031128 -1.420588 -4.699755 0 0 -0 71 13 96 255 
-0.9283469 -1.40142 -4.226892 0 0 -0 71 17 100 255 
-0.8189887 -1.352459 -3.744188 0 0 -0 71 19 101 255 
-0.7413892 -1.34148 -3.38763 0 0 -0 72 22 104 255 
-0.6570084 -1.314102 -2.983264 0 0 -0 71 14 97 255 
-0.6108623 -1.334752 -2.763158 0 0 -0 72 31 112 255 
-0.5203037 -1.29363 -2.410252 0 0 -0 71 17 100 255 
-0.4622658 -1.279752 -2.121633 0 0 -0 72 27 109 255 
-0.4078077 -1.266268 -1.849563 0 0 -0 72 22 104 255 
-0.3621094 -1.264841 -1.618146 0 0 -0 72 20 103 255 
-0.3425069 1.44159 -1.141875 0 0 -0 47 108 142 255 
-0.4213818 1.421593 -1.510591 0 0 -0 67 61 132 255 
-0.5049243 1.399574 -1.91802 0 0 -0 53 95 141 255 
-0.6065933 1.383494 -2.362561 0 0 -0 54 92 141 255 
-0.7087027 1.35073 -2.856085 0 0 -0 50 102 142 255 
-0.8423138 1.319377 -3.490709 0 0 -0 52 96 141 255 
-0.9873332 1.278787 -4.197528 0 0 -0 60 80 139 255 
-1.198245 1.250935 -5.130487 0 0 -0 58 84 140 255 
-1.185202 1.155768 -5.11263 0 0 -0 55 91 141 255 
-1.172653 1.060144 -5.088633 0 0 -0 72 33 115 255 
-1.16448 0.9649984 -5.097533 0 0 -0 72 37 118 255 
-1.174686 0.8885202 -5.094231 0 0 -0 72 35 116 255 
-1.166778 0.7931801 -5.095249 0 0 -0 72 35 116 255 
-1.162078 0.6988842 -5.114076 0 0 -0 71 42 122 255 
-1.145127 0.6066758 -5.086574 0 0 -0 71 44 122 255 
-1.149763 0.5276254 -5.065208 0 0 -0 72 40 120 255 
-1.140704 0.4354652 -5.061989 0 0 -0 72 40 120 255 
-1.142515 0.3383664 -5.107531 0 0 -0 72 40 120 255 
-1.127702 0.2441194 -5.090297 0 0 -0 71 46 124 255 
-1.133231 0.1695926 -5.064011 0 0 -0 72 38 119 255 
-1.12789 0.07176411 -5.076635 0 0 -0 72 37 118 255 
-1.128905 -0.003474236 -5.070397 0 0 -0 71 46 124 255 
-1.108853 -0.1165094 -5.082948 0 0 -0 71 42 122 255 
-1.109491 -0.193769 -5.055605 0 0 -0 71 44 122 255 
-1.103642 -0.2871938 -5.048733 0 0 -0 71 45 123 255 
-0.779246 -0.51459 -3.607483 0 0 -0 72 24 106 255 
-0.6825936 -0.5246644 -3.174693 0 0 -0 70 51 127 255 
-0.6950642 -0.8518165 -3.294469 0 0 -0 72 20 103 255 
-0.696488 -0.9225862 -3.31966 0 0 -0 72 26 108 255 
-0.6942971 -1.002074 -3.317982 0 0 -0 72 24 106 255 
-0.6777995 -1.070423 -3.258219 0 0 -0 72 41 121 255 
-0.6975214 -1.182355 -3.370578 0 0 -0 71 44 122 255 
-0.6822003 -1.241463 -3.333405 0 0 -0 62 74 137 255 
-0.6737148 -1.315248 -3.30722 0 0 -0 47 107 142 255 
-0.6262013 -1.334649 -3.072739 0 0 -0 71 19 101 255 
-0.4702433 -1.281931 -2.385614 0 0 -0 71 14 97 255 
-0.4252186 -1.285264 -2.153028 0 0 -0 72 23 105 255 
-0.3791455 -1.282897 -1.914223 0 0 -0 71 19 101 255 
-0.3326086 -1.278389 -1.671155 0 0 -0 72 23 105 255 
-0.3150284 1.44672 -1.184323 0 0 -0 46 110 142 255 
-0.3816612 1.421742 -1.506843 0 0 -0 69 55 129 255 
-0.455254 1.396725 -1.879696 0 0 -0 65 66 135 255 
-0.561641 1.384036 -2.359923 0 0 -0 49 103 142 255 
-0.6706698 1.354926 -2.900897 0 0 -0 49 104 142 255 
-0.7854848 1.318904 -3.466059 0 0 -0 52 96 141 255 
-0.9261934 1.278811 -4.173737 0 0 -0 59 81 139 255 
-1.123905 1.24983 -5.072784 0 0 -0 62 74 137 255 
-1.125835 1.157888 -5.125244 0 0 -0 53 95 141 255 
-1.11834 1.062879 -5.124676 0 0 -0 72 35 116 255 
-1.107618 0.9673126 -5.121816 0 0 -0 72 40 120 255 
-1.110447 0.8904347 -5.083364 0 0 -0 72 37 118 255 
-1.117264 0.7952424 -5.15483 0 0 -0 72 37 118 255 
-1.112389 0.7004963 -5.173659 0 0 -0 72 33 115 255 
-1.088238 0.6085566 -5.110837 0 0 -0 72 40 120 255 
-1.097883 0.528729 -5.113002 0 0 -0 71 44 122 255 
-1.081498 0.4375809 -5.074521 0 0 -0 72 38 119 255 
-1.087852 0.3393649 -5.143576 0 0 -0 72 40 120 255 
-1.085132 0.2414888 -5.184953 0 0 -0 71 44 122 255 
-1.078795 0.1701678 -5.100023 0 0 -0 72 40 120 255 
-1.066109 0.0747751 -5.07746 0 0 -0 71 44 122 255 
-1.079193 -0.005272746 -5.129829 0 0 -0 72 41 121 255 
-1.051783 -0.115496 -5.107136 0 0 -0 71 44 122 255 
-1.04542 -0.1892272 -5.044714 0 0 -0 72 41 121 255 
-1.056259 -0.2916911 -5.119663 0 0 -0 69 55 129 255 
-0.7287587 -0.5127827 -3.618076 0 0 -0 72 27 109 255 
-0.602273 -0.4951332 -3.02224 0 0 -0 71 47 125 255 
-0.6663603 -0.6136347 -3.331148 0 0 -0 44 115 142 255 
-0.6708581 -0.6987236 -3.370518 0 0 -0 37 132 142 255 
-0.6599522 -0.7750381 -3.3454 0 0 -0 31 151 139 255 
-0.6624346 -0.8670284 -3.385339 0 0 -0 37 171 130 255 
-0.65907 -0.9334052 -3.387412 0 0 -0 42 176 127 255 
-0.6250457 -0.9767064 -3.224804 0 0 -0 61 78 138 255 
-0.6496737 -1.093334 -3.371508 0 0 -0 44 177 126 255 
-0.6438473 -1.174884 -3.357978 0 0 -0 52 182 121 255 
-0.6377107 -1.245603 -3.36643 0 0 -0 44 177 126 255 
-0.6360245 -1.328783 -3.374326 0 0 -0 50 182 122 255 
-0.5699472 -1.320267 -3.037185 0 0 -0 72 31 112 255 
-0.5065676 -1.311768 -2.714506 0 0 -0 72 24 106 255 
-0.4467069 -1.310821 -2.496286 0 0 -0 71 17 100 255 
-0.3878375 -1.290755 -2.184226 0 0 -0 72 23 105 255 
-0.3301916 -1.267022 -1.87765 0 0 -0 71 17 100 255 
-0.2938336 -1.277 -1.679249 0 0 -0 72 26 108 255 
-0.2725363 1.444095 -1.156561 0 0 -0 42 118 142 255 
-0.3347707 1.418352 -1.467758 0 0 -0 67 61 132 255 
-0.4181728 1.399214 -1.899541 0 0 -0 57 85 140 255 
-0.5216213 1.386535 -2.380421 0 0 -0 50 102 142 255 
-0.6224911 1.355709 -2.898623 0 0 -0 46 110 142 255 
-0.7362487 1.320673 -3.476212 0 0 -0 53 94 141 255 
-0.8798047 1.28264 -4.219971 0 0 -0 55 91 141 255 
-1.057578 1.250331 -5.049769 0 0 -0 66 65 134 255 
-1.068793 1.16045 -5.149242 0 0 -0 52 96 141 255 
-1.066057 1.065952 -5.172169 0 0 -0 72 36 117 255 
-1.052917 0.9698442 -5.157523 0 0 -0 72 41 121 255 
-1.067956 0.89329 -5.177899 0 0 -0 72 38 119 255 
-1.057565 0.7973875 -5.167121 0 0 -0 72 35 116 255 
-1.035942 0.703527 -5.10361 0 0 -0 72 37 118 255 
-1.035849 0.6099823 -5.15829 0 0 -0 72 38 119 255 
-1.036015 0.5312015 -5.113487 0 0 -0 72 40 120 255 
-1.029296 0.4383726 -5.121959 0 0 -0 72 37 118 255 
-1.018729 0.3437607 -5.10879 0 0 -0 72 40 120 255 
-1.011123 0.2477101 -5.126685 0 0 -0 71 46 124 255 
-1.016954 0.1730753 -5.1005 0 0 -0 71 42 122 255 
-1.013742 0.07425261 -5.124841 0 0 -0 72 40 120 255 
-1.012469 -0.0001948476 -5.106909 0 0 -0 71 46 124 255 
-0.9921862 -0.1133498 -5.119267 0 0 -0 71 42 122 255 
-0.9653639 -0.1762249 -4.951412 0 0 -0 72 23 105 255 
-0.9827086 -0.2816172 -5.061655 0 0 -0 72 35 116 255 
-0.6484063 -0.1724538 -3.400287 0 0 -0 72 20 103 255 
-0.6249025 -0.2411693 -3.319094 0 0 -0 72 26 108 255 
-0.5318011 -0.3124173 -2.846804 0 0 -0 72 40 120 255 
-0.6849954 -0.5165651 -3.663268 0 0 -0 72 24 106 255 
-0.5463833 -0.4855056 -2.985277 0 0 -0 72 38 119 255 
-0.5995554 -0.5952553 -3.248258 0 0 -0 64 69 136 255 
-0.5836987 -0.6597617 -3.183569 0 0 -0 71 47 125 255 
-0.5820547 -0.7433461 -3.204997 0 0 -0 66 64 134 255 
-0.577782 -0.8265435 -3.210629 0 0 -0 59 82 139 255 
-0.5789478 -0.8964772 -3.236034 0 0 -0 66 64 134 255 
-0.5526111 -0.9461277 -3.108063 0 0 -0 41 121 142 255 
-0.5589275 -1.039577 -3.163399 0 0 -0 41 122 142 255 
-0.5315583 -1.090411 -3.03585 0 0 -0 71 45 123 255 
-0.6123531 -1.276228 -3.502083 0 0 -0 72 20 103 255 
-0.5824893 -1.320898 -3.361453 0 0 -0 72 27 109 255 
-0.5335294 -1.334408 -3.103582 0 0 -0 31 159 136 255 
-0.4699556 -1.323285 -2.769017 0 0 -0 72 22 104 255 
-0.3923167 -1.292339 -2.448475 0 0 -0 71 17 100 255 
-0.3353854 -1.271783 -2.136221 0 0 -0 72 20 103 255 
-0.2985617 -1.279998 -1.930727 0 0 -0 72 23 105 255 
-0.2571071 -1.279324 -1.698317 0 0 -0 72 20 103 255 
-0.2398367 1.446661 -1.175276 0 0 -0 42 118 142 255 
-0.2978063 1.419688 -1.475161 0 0 -0 63 71 136 255 
-0.3808997 1.401718 -1.919173 0 0 -0 54 92 141 255 
-0.4790548 1.388072 -2.38896 0 0 -0 50 100 142 255 
-0.5743996 1.3565 -2.89604 0 0 -0 47 107 142 255 
-0.6846139 1.321704 -3.474315 0 0 -0 51 99 141 255 
-0.8212876 1.283314 -4.207185 0 0 -0 56 89 140 255 
-0.9986182 1.252461 -5.061577 0 0 -0 62 76 138 255 
-1.009205 1.162604 -5.161142 0 0 -0 55 91 141 255 
-1.006309 1.068113 -5.184075 0 0 -0 72 33 115 255 
-1.007088 0.9731986 -5.240021 0 0 -0 71 42 122 255 
-1.005817 0.8953449 -5.178089 0 0 -0 72 35 116 255 
-1.002416 0.7995304 -5.202596 0 0 -0 72 38 119 255 
-0.9926471 0.7048143 -5.197863 0 0 -0 72 38 119 255 
-0.978379 0.61191 -5.181909 0 0 -0 72 40 120 255 
-0.985707 0.5320252 -5.172443 0 0 -0 72 40 120 255 
-0.9742992 0.4396394 -5.157349 0 0 -0 72 40 120 255 
-0.9683281 0.3436772 -5.167672 0 0 -0 72 40 120 255 
-0.9582715 0.247847 -5.173768 0 0 -0 71 45 123 255 
-0.9733828 0.1698636 -5.194644 0 0 -0 71 44 122 255 
-0.9631331 0.072878 -5.183692 0 0 -0 71 42 122 255 
-0.9642247 -0.002913237 -5.177488 0 0 -0 71 42 122 255 
-0.9392254 -0.1145165 -5.166244 0 0 -0 71 45 123 255 
-0.6130062 -0.0162071 -3.426805 0 0 -0 65 66 135 255 
-0.6105189 -0.09490907 -3.433139 0 0 -0 54 92 141 255 
-0.6014844 -0.1721056 -3.421697 0 0 -0 53 95 141 255 
-0.5939136 -0.2517788 -3.422221 0 0 -0 47 107 142 255 
-0.9424151 -0.5705745 -5.231956 0 0 -0 70 7 90 255 
-0.463998 -0.2932299 -2.739189 0 0 -0 71 45 123 255 
-0.6275955 -0.5091281 -3.638332 0 0 -0 72 22 104 255 
-0.4997185 -0.483814 -2.994449 0 0 -0 72 41 121 255 
-0.932297 -0.9566479 -5.29074 0 0 -0 72 28 110 255 
-0.9175107 -1.042634 -5.234311 0 0 -0 72 33 115 255 
-0.9113916 -1.144042 -5.240679 0 0 -0 71 42 122 255 
-0.9178363 -1.262259 -5.311855 0 0 -0 63 71 136 255 
-0.8787941 -1.303596 -5.126348 0 0 -0 71 13 96 255 
-0.5093548 -0.9496434 -3.140421 0 0 -0 31 148 140 255 
-0.799077 -1.409591 -4.735564 0 0 -0 70 11 94 255 
-0.476023 -1.077306 -2.999228 0 0 -0 64 70 136 255 
-0.6293404 -1.368578 -3.878054 0 0 -0 70 10 93 255 
-0.552097 -1.346582 -3.473809 0 0 -0 71 17 100 255 
-0.4859627 -1.332683 -3.112895 0 0 -0 31 151 139 255 
-0.4265118 -1.324917 -2.789298 0 0 -0 72 32 113 255 
-0.3487748 -1.290757 -2.456924 0 0 -0 71 17 100 255 
-0.2937618 -1.270271 -2.144321 0 0 -0 71 19 101 255 
-0.2622594 -1.285738 -1.961137 0 0 -0 72 28 110 255 
-0.1978778 -1.240692 -1.593684 0 0 -0 71 19 101 255 
-0.2023919 1.446637 -1.170388 0 0 -0 44 113 142 255 
-0.2653546 1.423406 -1.505781 0 0 -0 54 93 141 255 
-0.3388948 1.402088 -1.91512 0 0 -0 54 92 141 255 
-0.4273227 1.3857 -2.350274 0 0 -0 50 102 142 255 
-0.5218537 1.355567 -2.869648 0 0 -0 48 105 142 255 
-0.6330649 1.322743 -3.472087 0 0 -0 54 93 141 255 
-0.7652479 1.284631 -4.205784 0 0 -0 52 97 141 255 
-0.9350594 1.253514 -5.049479 0 0 -0 63 71 136 255 
-0.9608221 1.166933 -5.231565 0 0 -0 54 93 141 255 
-0.9577253 1.071875 -5.254532 0 0 -0 72 35 116 255 
-0.926784 0.9735727 -5.145495 0 0 -0 72 33 115 255 
-0.9437494 0.8974103 -5.177884 0 0 -0 72 33 115 255 
-0.9446661 0.8017056 -5.22597 0 0 -0 72 36 117 255 
-0.9348961 0.7068763 -5.221205 0 0 -0 72 40 120 255 
-0.9229097 0.6136259 -5.21698 0 0 -0 72 41 121 255 
-0.9325241 0.5332146 -5.21936 0 0 -0 72 41 121 255 
-0.9189438 0.4409322 -5.192429 0 0 -0 71 45 123 255 
-0.9371214 0.3386208 -5.332342 0 0 -0 60 80 139 255 
-0.9027268 0.248687 -5.208786 0 0 -0 70 50 126 255 
-0.9133111 0.1720493 -5.206217 0 0 -0 71 44 122 255 
-0.9009165 0.07594371 -5.183463 0 0 -0 72 41 121 255 
-0.9064147 -0.00170207 -5.200809 0 0 -0 70 51 127 255 
-0.8792698 -0.1123313 -5.177682 0 0 -0 69 55 129 255 
-0.5659029 -0.0156154 -3.447994 0 0 -0 72 29 111 255 
-0.5590283 -0.09179693 -3.430864 0 0 -0 53 95 141 255 
-0.5479102 -0.1674519 -3.407676 0 0 -0 49 103 142 255 
-0.5253868 -0.2360858 -3.326252 0 0 -0 72 29 111 255 
-0.8990999 -0.5814664 -5.33708 0 0 -0 39 128 142 255 
-0.4039701 -0.2793341 -2.666057 0 0 -0 72 31 112 255 
-0.5451396 -0.4793437 -3.473039 0 0 -0 72 23 105 255 
-0.4593151 -0.4880477 -3.038273 0 0 -0 71 42 122 255 
-0.8545556 -0.9378483 -5.20931 0 0 -0 58 83 139 255 
-0.8506514 -1.033877 -5.211022 0 0 -0 52 97 141 255 
-0.8465933 -1.137238 -5.229034 0 0 -0 47 108 142 255 
-0.8463811 -1.24796 -5.26561 0 0 -0 41 122 142 255 
-0.8105751 -1.291385 -5.091521 0 0 -0 71 13 96 255 
-0.4637007 -0.9505198 -3.161013 0 0 -0 31 152 139 255 
-0.3935348 -0.9432431 -2.790732 0 0 -0 58 83 139 255 
-0.647159 -1.380191 -4.236271 0 0 -0 72 24 106 255 
-0.5709505 -1.357847 -3.853577 0 0 -0 70 10 93 255 
-0.4962196 -1.335614 -3.448941 0 0 -0 72 20 103 255 
-0.4323168 -1.321455 -3.087715 0 0 -0 72 28 110 255 
-0.3648671 -1.297003 -2.707015 0 0 -0 60 80 139 255 
-0.3209391 -1.31616 -2.555874 0 0 -0 71 13 96 255 
-0.2560215 -1.275722 -2.174792 0 0 -0 71 17 100 255 
-0.2177831 -1.277057 -1.94624 0 0 -0 72 35 116 255 
-0.1713424 -1.261611 -1.668381 0 0 -0 72 27 109 255 
-0.1672578 1.447921 -1.176978 0 0 -0 44 114 142 255 
-0.2237461 1.422387 -1.489285 0 0 -0 65 68 135 255 
-0.2947886 1.401386 -1.899049 0 0 -0 57 85 140 255 
-0.3871498 1.388232 -2.36999 0 0 -0 49 104 142 255 
-0.4718854 1.355498 -2.854657 0 0 -0 50 100 142 255 
-0.5794082 1.323034 -3.457758 0 0 -0 52 97 141 255 
-0.700561 1.283388 -4.156897 0 0 -0 56 89 140 255 
-0.8804914 1.256766 -5.084107 0 0 -0 64 69 136 255 
-0.9007335 1.169131 -5.242799 0 0 -0 60 79 138 255 
-0.9083526 1.075679 -5.324756 0 0 -0 60 79 138 255 
-0.9018002 0.9790265 -5.345397 0 0 -0 62 76 138 255 
-0.9078742 0.9008275 -5.31889 0 0 -0 62 73 137 255 
-0.8975364 0.803883 -5.308019 0 0 -0 58 84 140 255 
-0.8877144 0.7083701 -5.303226 0 0 -0 62 76 138 255 
-0.8820835 0.6137574 -5.334369 0 0 -0 61 78 138 255 
-0.8896042 0.5328025 -5.324993 0 0 -0 57 85 140 255 
-0.8782276 0.43918 -5.309789 0 0 -0 56 89 140 255 
-0.869845 0.3425121 -5.308259 0 0 -0 63 71 136 255 
-0.8510593 0.2482149 -5.267075 0 0 -0 66 65 134 255 
-0.865953 0.169685 -5.288129 0 0 -0 62 73 137 255 
-0.8557303 0.0719949 -5.277067 0 0 -0 63 72 137 255 
-0.8547533 -0.003377974 -5.259101 0 0 -0 71 47 125 255 
-0.8213367 -0.1112347 -5.200519 0 0 -0 72 26 108 255 
-0.4997211 -0.004205525 -3.363119 0 0 -0 71 19 101 255 
-0.5097152 -0.08999032 -3.44 0 0 -0 59 81 139 255 
-0.4987247 -0.1656491 -3.416766 0 0 -0 61 77 138 255 
-0.4870104 -0.2420067 -3.393822 0 0 -0 72 37 118 255 
-0.8193668 -0.564521 -5.243032 0 0 -0 71 16 99 255 
-0.3613651 -0.2794446 -2.685999 0 0 -0 72 26 108 255 
-0.3481048 -0.3436136 -2.641452 0 0 -0 60 79 138 255 
-0.4306289 -0.5041132 -3.151851 0 0 -0 57 86 140 255 
-0.4341465 -0.5692693 -3.15949 0 0 -0 32 163 134 255 
-0.4296521 -0.6436162 -3.152884 0 0 -0 34 167 133 255 
-0.4195676 -0.7174321 -3.128023 0 0 -0 31 162 135 255 
-0.4172473 -0.8019786 -3.145419 0 0 -0 34 167 133 255 
-0.3203044 -0.7485045 -2.60433 0 0 -0 71 16 99 255 
-0.3979867 -0.9252381 -3.065917 0 0 -0 39 128 142 255 
-0.3203088 -0.9033749 -2.637844 0 0 -0 64 70 136 255 
-0.3094629 -0.9686422 -2.591561 0 0 -0 64 69 136 255 
-0.2982446 -1.023999 -2.566994 0 0 -0 64 70 136 255 
-0.2930905 -1.093102 -2.554012 0 0 -0 64 70 136 255 
-0.295758 -1.174313 -2.571404 0 0 -0 64 70 136 255 
-0.3042952 -1.269119 -2.624245 0 0 -0 56 88 140 255 
-0.2520425 -1.270699 -2.416225 0 0 -0 69 53 129 255 
-0.2293285 -1.302056 -2.27301 0 0 -0 71 16 99 255 
-0.1811084 -1.282766 -1.976206 0 0 -0 72 24 106 255 
-0.1401485 -1.275057 -1.720492 0 0 -0 72 26 108 255 
-0.1299464 1.447907 -1.171617 0 0 -0 44 115 142 255 
-0.1887881 1.424943 -1.507755 0 0 -0 50 100 142 255 
-0.2551789 1.402843 -1.906204 0 0 -0 57 85 140 255 
-0.3382455 1.386838 -2.342402 0 0 -0 49 103 142 255 
-0.4285362 1.358041 -2.874668 0 0 -0 47 108 142 255 
-0.528106 1.324085 -3.454862 0 0 -0 52 97 141 255 
-0.649196 1.286002 -4.178322 0 0 -0 54 93 141 255 
-0.810722 1.256187 -5.035836 0 0 -0 63 71 136 255 
-0.8447998 1.172219 -5.277273 0 0 -0 59 82 139 255 
-0.8329556 1.075655 -5.253022 0 0 -0 55 90 140 255 
-0.8326106 0.9804382 -5.309059 0 0 -0 48 105 142 255 
-0.8387799 0.9026016 -5.282614 0 0 -0 54 92 141 255 
-0.832716 0.8061164 -5.295327 0 0 -0 51 98 141 255 
-0.8250071 0.7107173 -5.302313 0 0 -0 46 111 142 255 
-0.8129677 0.6169084 -5.297994 0 0 -0 43 117 142 255 
-0.8204886 0.5363357 -5.288699 0 0 -0 47 108 142 255 
-0.8092281 0.4431601 -5.273458 0 0 -0 46 111 142 255 
-0.8008759 0.3469544 -5.271913 0 0 -0 41 122 142 255 
-0.790563 0.2504451 -5.277878 0 0 -0 42 119 142 255 
-0.8011954 0.173434 -5.275448 0 0 -0 43 117 142 255 
-0.791042 0.07597744 -5.264361 0 0 -0 42 118 142 255 
-0.4528674 -0.003601849 -3.383637 0 0 -0 70 11 94 255 
-0.4623659 -0.08948141 -3.46059 0 0 -0 59 82 139 255 
-0.4534949 -0.1666814 -3.449042 0 0 -0 64 70 136 255 
-0.4438722 -0.2448108 -3.437756 0 0 -0 72 40 120 255 
-0.4251517 -0.2898433 -3.296704 0 0 -0 70 7 90 255 
-0.324526 -0.2847733 -2.740808 0 0 -0 72 28 110 255 
-0.2403806 -0.282541 -2.275305 0 0 -0 68 58 131 255 
-0.2907441 -0.4095792 -2.61169 0 0 -0 47 107 142 255 
-0.3137976 -0.4910214 -2.736699 0 0 -0 38 130 142 255 
-0.2979079 -0.548228 -2.660948 0 0 -0 41 122 142 255 
-0.2845926 -0.6125469 -2.613667 0 0 -0 35 136 142 255 
-0.2807435 -0.6894022 -2.620458 0 0 -0 32 147 140 255 
-0.279766 -0.7518668 -2.635347 0 0 -0 31 158 137 255 
-0.2741368 -0.819037 -2.612101 0 0 -0 36 170 131 255 
-0.2680713 -0.8908249 -2.599626 0 0 -0 37 171 130 255 
-0.2689047 -0.9726874 -2.622421 0 0 -0 39 173 129 255 
-0.2634385 -1.037041 -2.632206 0 0 -0 46 179 124 255 
-0.2583038 -1.106691 -2.619077 0 0 -0 47 180 124 255 
-0.2552223 -1.178995 -2.602078 0 0 -0 45 178 125 255 
-0.2578218 -1.264197 -2.620751 0 0 -0 52 182 121 255 
-0.2141923 -1.279204 -2.457922 0 0 -0 56 89 140 255 
-0.1422883 -1.284859 -1.99467 0 0 -0 72 24 106 255 
-0.1047137 -1.281043 -1.749934 0 0 -0 72 35 116 255 
-0.09687352 1.450517 -1.18951 0 0 -0 43 117 142 255 
-0.1515828 1.426319 -1.514261 0 0 -0 49 104 142 255 
-0.2093623 1.401063 -1.877795 0 0 -0 61 77 138 255 
-0.2979796 1.389391 -2.361599 0 0 -0 49 104 142 255 
-0.3767718 1.357109 -2.847263 0 0 -0 47 107 142 255 
-0.4789443 1.325904 -3.463437 0 0 -0 51 98 141 255 
-0.5915145 1.286691 -4.164019 0 0 -0 53 94 141 255 
-0.7436596 1.25615 -4.998888 0 0 -0 63 71 136 255 
-0.7905501 1.175773 -5.323246 0 0 -0 47 107 142 255 
-0.7767797 1.078535 -5.28714 0 0 -0 45 113 142 255 
-0.7780671 0.9833128 -5.355035 0 0 -0 43 116 142 255 
-0.782389 0.9050727 -5.316821 0 0 -0 45 113 142 255 
-0.7782292 0.8083627 -5.341355 0 0 -0 46 111 142 255 
-0.7603691 0.7131871 -5.289175 0 0 -0 45 113 142 255 
-0.7583547 0.6184805 -5.343956 0 0 -0 41 123 142 255 
-0.7599207 0.5385779 -5.299238 0 0 -0 43 116 142 255 
-0.7487341 0.4454006 -5.283953 0 0 -0 44 114 142 255 
-0.7463342 0.3475505 -5.317847 0 0 -0 42 120 142 255 
-0.7339489 0.2513634 -5.311944 0 0 -0 39 126 142 255 
-0.7465875 0.1734102 -5.321395 0 0 -0 41 121 142 255 
-0.7364498 0.07560134 -5.310254 0 0 -0 40 124 142 255 
-0.4128742 -0.08764696 -3.469133 0 0 -0 45 113 142 255 
-0.4137269 -0.1719542 -3.516339 0 0 -0 31 161 136 255 
-0.3944886 -0.2429786 -3.446227 0 0 -0 71 42 122 255 
-0.283234 -0.2865846 -2.772007 0 0 -0 72 24 106 255 
-0.1905011 -0.2735548 -2.235752 0 0 -0 43 116 142 255 
-0.282293 -0.4453864 -2.8413 0 0 -0 30 157 137 255 
-0.2856728 -0.5079275 -2.849471 0 0 -0 30 157 137 255 
-0.2795718 -0.5770164 -2.831722 0 0 -0 31 154 138 255 
-0.2757187 -0.6543915 -2.842248 0 0 -0 31 150 139 255 
-0.2808858 -0.7455046 -2.906661 0 0 -0 30 155 138 255 
-0.2536974 -0.7751918 -2.758864 0 0 -0 42 120 142 255 
-0.2591923 -0.8591272 -2.80477 0 0 -0 34 141 141 255 
-0.2401893 -0.9136847 -2.711086 0 0 -0 31 156 137 255 
-0.2042987 -0.9398067 -2.503354 0 0 -0 50 102 142 255 
-0.2007289 -1.006061 -2.524848 0 0 -0 68 58 131 255 
-0.2083547 -1.095911 -2.59225 0 0 -0 68 58 131 255 
-0.191015 -1.142632 -2.483841 0 0 -0 70 51 127 255 
-0.1971246 -1.233081 -2.525717 0 0 -0 62 73 137 255 
-0.1600465 -1.257381 -2.396978 0 0 -0 64 70 136 255 
-0.1390851 -1.288469 -2.253613 0 0 -0 50 102 142 255 
-0.0997802 -1.279753 -1.990278 0 0 -0 72 26 108 255 
-0.05845916 -1.264739 -1.711524 0 0 -0 72 31 112 255 
-0.0496583 1.443954 -1.124891 0 0 -0 61 78 138 255 
-0.1143395 1.427705 -1.520538 0 0 -0 47 107 142 255 
-0.1698842 1.402533 -1.884427 0 0 -0 56 88 140 255 
-0.259515 1.392951 -2.392352 0 0 -0 48 105 142 255 
-0.3313428 1.3588 -2.854914 0 0 -0 47 108 142 255 
-0.4257773 1.326209 -3.448085 0 0 -0 51 98 141 255 
-0.5340669 1.287384 -4.149337 0 0 -0 54 93 141 255 
-0.6850201 1.258332 -5.008771 0 0 -0 64 69 136 255 
-0.7318724 1.178473 -5.345263 0 0 -0 50 100 142 255 
-0.7261262 1.082426 -5.356441 0 0 -0 46 111 142 255 
-0.713295 0.9851563 -5.341517 0 0 -0 46 109 142 255 
-0.7236863 0.9074501 -5.338866 0 0 -0 45 112 142 255 
-0.7154475 0.8106233 -5.33972 0 0 -0 46 111 142 255 
-0.7095329 0.7148933 -5.358506 0 0 -0 42 120 142 255 
-0.7032436 0.6200843 -5.389617 0 0 -0 39 127 142 255 
-0.7050967 0.5398798 -5.344919 0 0 -0 42 118 142 255 
-0.6978043 0.4455031 -5.353259 0 0 -0 41 121 142 255 
-0.6893797 0.348724 -5.351647 0 0 -0 41 122 142 255 
-0.6826842 0.250325 -5.381176 0 0 -0 39 127 142 255 
-0.6895709 0.1741707 -5.355221 0 0 -0 39 126 142 255 
-0.675656 0.07786679 -5.320399 0 0 -0 42 120 142 255 
-0.3652041 -0.08710486 -3.489153 0 0 -0 44 113 142 255 
-0.360154 -0.1672578 -3.501067 0 0 -0 31 156 137 255 
-0.3450532 -0.2411337 -3.454394 0 0 -0 72 36 117 255 
-0.4448276 -0.388674 -4.053015 0 0 -0 71 47 125 255 
-0.2360809 -0.283155 -2.767787 0 0 -0 72 27 109 255 
-0.1539732 -0.2775424 -2.277843 0 0 -0 41 123 142 255 
-0.2692416 -0.479112 -3.059391 0 0 -0 31 156 137 255 
-0.2762066 -0.5474551 -3.090669 0 0 -0 33 166 133 255 
-0.2700408 -0.6187509 -3.072528 0 0 -0 32 163 134 255 
-0.2856532 -0.723561 -3.210711 0 0 -0 31 156 137 255 
-0.2793285 -0.8038712 -3.20478 0 0 -0 33 166 133 255 
-0.2844496 -0.9616679 -3.275433 0 0 -0 37 171 130 255 
-0.2092159 -0.9337634 -2.810929 0 0 -0 31 153 138 255 
-0.2954917 -1.156556 -3.398171 0 0 -0 72 23 105 255 
-0.3828088 -1.385259 -4.027865 0 0 -0 70 11 94 255 
-0.1218951 -1.265857 -2.438179 0 0 -0 72 35 116 255 
-0.1001134 -1.293838 -2.283235 0 0 -0 51 98 141 255 
-0.06241769 -1.28541 -2.019593 0 0 -0 72 24 106 255 
-0.02448446 -1.274408 -1.751799 0 0 -0 72 31 112 255 
-0.02057278 1.449203 -1.165862 0 0 -0 44 114 142 255 
-0.07705671 1.4291 -1.526587 0 0 -0 46 110 142 255 
-0.1361005 1.407276 -1.926206 0 0 -0 51 98 141 255 
-0.2111257 1.391566 -2.363872 0 0 -0 46 110 142 255 
-0.2839569 1.359623 -2.850471 0 0 -0 49 104 142 255 
-0.3747556 1.327281 -3.444211 0 0 -0 51 99 141 255 
-0.4806418 1.289385 -4.157945 0 0 -0 53 94 141 255 
-0.6244165 1.259969 -5.006461 0 0 -0 57 85 140 255 
-0.6767755 1.182084 -5.390611 0 0 -0 46 110 142 255 
-0.6690302 1.085367 -5.389949 0 0 -0 46 111 142 255 
-0.6562474 0.9878652 -5.374981 0 0 -0 44 114 142 255 
-0.6666636 0.9099708 -5.372415 0 0 -0 47 107 142 255 
-0.6583809 0.8129148 -5.373248 0 0 -0 46 111 142 255 
-0.650443 0.71707 -5.380171 0 0 -0 43 117 142 255 
-0.6402245 0.6225969 -5.38756 0 0 -0 44 115 142 255 
-0.6479141 0.5415292 -5.37845 0 0 -0 41 121 142 255 
-0.6368233 0.447788 -5.363068 0 0 -0 46 111 142 255 
-0.6302307 0.350467 -5.373276 0 0 -0 41 121 142 255 
-0.6178361 0.2539369 -5.36726 0 0 -0 40 124 142 255 
-0.6303624 0.1757076 -5.376886 0 0 -0 40 124 142 255 
-0.618459 0.07841289 -5.353824 0 0 -0 44 113 142 255 
-0.2279127 0.2069101 -2.818082 0 0 -0 70 7 90 255 
-0.2759224 -0.05659306 -3.237666 0 0 -0 72 35 116 255 
-0.2942992 -0.1526493 -3.402972 0 0 -0 34 139 141 255 
-0.2955699 -0.2392764 -3.462259 0 0 -0 72 35 116 255 
-0.3880811 -0.3834329 -4.038007 0 0 -0 71 46 124 255 
-0.1943362 -0.2849299 -2.79849 0 0 -0 72 26 108 255 
-0.1116935 -0.2759557 -2.284568 0 0 -0 43 117 142 255 
-0.2326016 -0.4891381 -3.137112 0 0 -0 31 162 135 255 
-0.2341267 -0.5518563 -3.133275 0 0 -0 36 170 131 255 
-0.2297724 -0.6256557 -3.126733 0 0 -0 33 166 133 255 
-0.2410151 -0.7263229 -3.241651 0 0 -0 31 153 138 255 
-0.2364037 -0.8092697 -3.247288 0 0 -0 34 167 133 255 
-0.2376124 -0.9624486 -3.294707 0 0 -0 32 163 134 255 
-0.1686031 -0.9402004 -2.852853 0 0 -0 31 159 136 255 
-0.3245687 -1.374478 -4.001698 0 0 -0 70 8 92 255 
-0.2605519 -1.350654 -3.5832 0 0 -0 72 22 104 255 
-0.0913676 -1.291113 -2.536208 0 0 -0 72 22 104 255 
-0.0543589 -1.285292 -2.267152 0 0 -0 70 51 127 255 
-0.02312291 -1.287459 -2.037364 0 0 -0 72 32 113 255 
0.02121955 -1.258108 -1.712806 0 0 -0 72 31 112 255 
0.01638097 1.449207 -1.159555 0 0 -0 40 124 142 255 
-0.03419513 1.426896 -1.49702 0 0 -0 50 102 142 255 
-0.0889734 1.404411 -1.885155 0 0 -0 51 98 141 255 
-0.1686684 1.393164 -2.370506 0 0 -0 46 111 142 255 
-0.2366712 1.360453 -2.845727 0 0 -0 47 107 142 255 
-0.3219975 1.327591 -3.428177 0 0 -0 51 98 141 255 
-0.4289879 1.292055 -4.178069 0 0 -0 54 93 141 255 
-0.5620707 1.261054 -4.991922 0 0 -0 56 88 140 255 
-0.6193643 1.185279 -5.423802 0 0 -0 49 104 142 255 
-0.6115861 1.088334 -5.42313 0 0 -0 45 112 142 255 
-0.6006525 0.9908181 -5.41998 0 0 -0 44 114 142 255 
-0.6092918 0.9125177 -5.405633 0 0 -0 46 111 142 255 
-0.6027688 0.8152424 -5.418309 0 0 -0 46 110 142 255 
-0.5947362 0.7190588 -5.425212 0 0 -0 43 117 142 255 
-0.5861933 0.6240366 -5.44443 0 0 -0 40 124 142 255 
-0.5885911 0.5435179 -5.399788 0 0 -0 43 116 142 255 
-0.5811254 0.4488124 -5.408082 0 0 -0 41 122 142 255 
-0.5726491 0.3516902 -5.406408 0 0 -0 39 126 142 255 
-0.5655096 0.2529644 -5.435894 0 0 -0 39 127 142 255 
-0.5727164 0.1765179 -5.410042 0 0 -0 39 128 142 255 
-0.5538858 0.08244359 -5.339565 0 0 -0 62 73 137 255 
-0.1753904 0.212447 -2.777794 0 0 -0 70 50 126 255 
-0.1584426 0.1279672 -2.779071 0 0 -0 69 55 129 255 
-0.1628504 0.06780964 -2.777706 0 0 -0 70 48 126 255 
-0.1604055 -0.004097462 -2.784723 0 0 -0 68 57 131 255 
-0.2400001 -0.1465557 -3.375127 0 0 -0 37 132 142 255 
-0.2562578 -0.2465738 -3.540497 0 0 -0 53 95 141 255 
-0.341827 -0.387913 -4.093227 0 0 -0 66 65 134 255 
-0.1488645 -0.2832142 -2.805455 0 0 -0 72 23 105 255 
-0.07106006 -0.2762048 -2.302771 0 0 -0 40 125 142 255 
-0.1850133 -0.4873412 -3.144358 0 0 -0 32 163 134 255 
-0.1882213 -0.552117 -3.152252 0 0 -0 31 161 136 255 
-0.1838835 -0.6260271 -3.145682 0 0 -0 33 166 133 255 
-0.1960453 -0.7290621 -3.272336 0 0 -0 31 159 136 255 
-0.1897144 -0.8098426 -3.266283 0 0 -0 33 165 133 255 
-0.456085 -1.285471 -5.186652 0 0 -0 70 7 90 255 
-0.1840699 -0.9528087 -3.267303 0 0 -0 37 133 142 255 
-0.1258999 -0.9438952 -2.882982 0 0 -0 33 166 133 255 
-0.2714934 -1.372472 -4.009724 0 0 -0 71 13 96 255 
-0.2052852 -1.339644 -3.55633 0 0 -0 71 19 101 255 
-0.04110575 -1.27601 -2.497145 0 0 -0 72 22 104 255 
-0.008846402 -1.276745 -2.250766 0 0 -0 72 24 106 255 
0.0209772 -1.278739 -2.020861 0 0 -0 72 35 116 255 
0.05254006 -1.275153 -1.775275 0 0 -0 72 27 109 255 
0.05322164 1.449213 -1.15301 0 0 -0 42 118 142 255 
0.001164854 1.429507 -1.514385 0 0 -0 48 105 142 255 
-0.04945385 1.405907 -1.891047 0 0 -0 50 102 142 255 
-0.12262 1.392774 -2.35323 0 0 -0 50 102 142 255 
-0.1930205 1.363056 -2.864354 0 0 -0 47 107 142 255 
-0.2747636 1.330218 -3.447333 0 0 -0 51 99 141 255 
-0.3718923 1.292769 -4.162324 0 0 -0 58 84 140 255 
-0.5052366 1.263837 -5.012549 0 0 -0 56 88 140 255 
-0.5598567 1.18805 -5.444801 0 0 -0 50 102 142 255 
-0.5503142 1.090655 -5.43224 0 0 -0 45 113 142 255 
-0.5428373 0.9935821 -5.452796 0 0 -0 46 110 142 255 
-0.5498316 0.9149628 -5.42665 0 0 -0 47 107 142 255 
-0.5449333 0.8175891 -5.451187 0 0 -0 46 110 142 255 
-0.5350956 0.7212826 -5.446192 0 0 -0 43 117 142 255 
-0.5264007 0.6261548 -5.465383 0 0 -0 38 130 142 255 
-0.5290666 0.5455273 -5.420775 0 0 -0 42 118 142 255 
-0.5232257 0.450291 -5.440917 0 0 -0 42 118 142 255 
-0.5198103 0.3513266 -5.474811 0 0 -0 41 121 142 255 
-0.5073504 0.2539932 -5.468668 0 0 -0 38 130 142 255 
-0.518113 0.1758651 -5.466582 0 0 -0 38 130 142 255 
-0.5013355 0.08044565 -5.407838 0 0 -0 55 91 141 255 
-0.1284645 0.2151141 -2.77267 0 0 -0 70 52 128 255 
-0.1131774 0.1296852 -2.785708 0 0 -0 69 53 129 255 
-0.125895 0.06360745 -2.843513 0 0 -0 70 50 126 255 
-0.1150771 -0.002378345 -2.791406 0 0 -0 69 53 129 255 
-0.1729423 -0.1291844 -3.252491 0 0 -0 71 44 122 255 
-0.2982181 -0.3955936 -4.171761 0 0 -0 66 65 134 255 
-0.03185749 -0.2782817 -2.332482 0 0 -0 41 122 142 255 
-0.1373794 -0.4855323 -3.151312 0 0 -0 31 156 137 255 
-0.1405257 -0.5503067 -3.159241 0 0 -0 31 159 136 255 
-0.1378083 -0.6263815 -3.164361 0 0 -0 35 169 131 255 
-0.1491604 -0.7295005 -3.291095 0 0 -0 31 161 135 255 
-0.1428396 -0.8103974 -3.285001 0 0 -0 33 165 133 255 
-0.1449318 -0.9665551 -3.344039 0 0 -0 31 152 139 255 
-0.08286953 -0.9475678 -2.912872 0 0 -0 34 167 133 255 
-0.2089317 -1.264083 -3.883067 0 0 -0 70 11 94 255 
-0.210747 -1.355845 -3.959731 0 0 -0 71 14 97 255 
-0.1610154 -1.349854 -3.609673 0 0 -0 72 22 104 255 
-0.01056218 -1.304547 -2.606273 0 0 -0 72 22 104 255 
0.03494757 -1.271667 -2.245472 0 0 -0 72 22 104 255 
0.06041652 -1.280766 -2.03814 0 0 -0 72 29 111 255 
0.09635508 -1.262552 -1.747046 0 0 -0 72 24 106 255 
0.0882439 1.450546 -1.158034 0 0 -0 42 118 142 255 
0.04351693 1.4273 -1.484275 0 0 -0 45 112 142 255 
-0.006509006 1.405222 -1.873038 0 0 -0 49 103 142 255 
-0.08023077 1.394387 -2.359323 0 0 -0 47 107 142 255 
-0.1424091 1.362129 -2.835336 0 0 -0 47 108 142 255 
-0.2172154 1.328216 -3.395077 0 0 -0 52 97 141 255 
-0.3133632 1.292824 -4.134344 0 0 -0 56 88 140 255 
-0.4431458 1.264937 -4.997236 0 0 -0 54 92 141 255 
-0.5018266 1.191294 -5.477314 0 0 -0 51 99 141 255 
-0.4939924 1.094008 -5.476612 0 0 -0 45 113 142 255 
-0.4879891 0.9968195 -5.509042 0 0 -0 46 109 142 255 
-0.4968467 0.9179516 -5.494841 0 0 -0 43 117 142 255 
-0.4834335 0.8199315 -5.45996 0 0 -0 45 112 142 255 
-0.4736067 0.7236258 -5.454931 0 0 -0 44 113 142 255 
-0.4664102 0.6282939 -5.48598 0 0 -0 39 126 142 255 
-0.4742758 0.5466349 -5.477054 0 0 -0 43 117 142 255 
-0.4649817 0.4517959 -5.473414 0 0 -0 42 120 142 255 
-0.458069 0.3536805 -5.483553 0 0 -0 41 121 142 255 
-0.4456263 0.2563481 -5.477359 0 0 -0 39 127 142 255 
-0.4580077 0.1774753 -5.487225 0 0 -0 39 126 142 255 
-0.4431698 0.08106768 -5.440259 0 0 -0 51 98 141 255 
-0.0848707 0.2158865 -2.790954 0 0 -0 71 47 125 255 
-0.07262474 0.1281588 -2.827604 0 0 -0 70 48 126 255 
-0.07227087 0.07125425 -2.790788 0 0 -0 71 46 124 255 
-0.07445937 -0.004530191 -2.833285 0 0 -0 70 51 127 255 
-0.1234708 -0.2107953 -3.307018 0 0 -0 35 138 141 255 
-0.2411792 -0.3903071 -4.155791 0 0 -0 69 56 130 255 
-0.06245679 -0.284935 -2.853864 0 0 -0 72 32 113 255 
0.007671714 -0.2803367 -2.361973 0 0 -0 41 121 142 255 
-0.08970523 -0.4837117 -3.157975 0 0 -0 31 152 139 255 
-0.09737873 -0.5546379 -3.201112 0 0 -0 33 165 133 255 
-0.09306836 -0.6288805 -3.194472 0 0 -0 35 169 131 255 
-0.09906614 -0.7253695 -3.286205 0 0 -0 31 151 139 255 
-0.0987761 -0.8157214 -3.326767 0 0 -0 34 167 133 255 
-0.1757807 -1.015049 -3.957853 0 0 -0 69 5 89 255 
-0.1004313 -0.972471 -3.385734 0 0 -0 34 168 132 255 
-0.03655916 -0.9457988 -2.919325 0 0 -0 39 173 129 255 
-0.1580769 -1.264911 -3.901927 0 0 -0 70 7 90 255 
-0.1608431 -1.359664 -3.990151 0 0 -0 71 16 99 255 
-0.1089056 -1.34489 -3.605175 0 0 -0 72 23 105 255 
0.0367527 -1.296137 -2.589511 0 0 -0 72 26 108 255 
0.06460482 -1.30124 -2.353925 0 0 -0 72 23 105 255 
0.09582877 -1.293514 -2.089291 0 0 -0 72 24 106 255 
0.1299858 -1.275847 -1.797824 0 0 -0 72 27 109 255 
0.1232957 1.451888 -1.162843 0 0 -0 41 122 142 255 
0.08057338 1.428719 -1.489358 0 0 -0 49 103 142 255 
0.03455681 1.405633 -1.866587 0 0 -0 50 102 142 255 
-0.03454286 1.394002 -2.341464 0 0 -0 49 104 142 255 
-0.09381497 1.362087 -2.817837 0 0 -0 47 108 142 255 
-0.1716571 1.331639 -3.425477 0 0 -0 52 97 141 255 
-0.2536221 1.292211 -4.094104 0 0 -0 65 66 135 255 
-0.3812954 1.266041 -4.981521 0 0 -0 59 82 139 255 
-0.4434537 1.194565 -5.509492 0 0 -0 50 100 142 255 
-0.4355854 1.097051 -5.508777 0 0 -0 44 113 142 255 
-0.4245907 0.9989627 -5.505526 0 0 -0 46 109 142 255 
-0.4382935 0.9205828 -5.527078 0 0 -0 46 111 142 255 
-0.4266396 0.8223432 -5.50404 0 0 -0 44 114 142 255 
-0.4183677 0.7256001 -5.510875 0 0 -0 44 114 142 255 
-0.4077828 0.6302454 -5.518114 0 0 -0 41 123 142 255 
-0.4141357 0.5486939 -5.497358 0 0 -0 44 114 142 255 
-0.4079558 0.4529102 -5.517466 0 0 -0 43 116 142 255 
-0.397827 0.3555175 -5.503802 0 0 -0 41 123 142 255 
-0.3899983 0.2561294 -5.533206 0 0 -0 38 129 142 255 
-0.3977039 0.1791062 -5.50751 0 0 -0 42 119 142 255 
-0.3861998 0.08085978 -5.484213 0 0 -0 48 106 142 255 
-0.04109019 0.2166755 -2.808979 0 0 -0 71 46 124 255 
-0.02857471 0.1288251 -2.845569 0 0 -0 70 50 126 255 
-0.03451043 0.06710219 -2.856137 0 0 -0 71 47 125 255 
-0.02732515 -0.001489222 -2.827607 0 0 -0 71 45 123 255 
-0.06747317 -0.201333 -3.254468 0 0 -0 72 32 113 255 
-0.08296776 -0.2753816 -3.337234 0 0 -0 33 143 141 255 
-0.01368779 -0.2797256 -2.836454 0 0 -0 71 44 122 255 
0.05193347 -0.2768562 -2.355939 0 0 -0 42 118 142 255 
-0.04636109 -0.4877439 -3.199592 0 0 -0 31 152 139 255 
-0.04938632 -0.5527959 -3.207545 0 0 -0 31 158 137 255 
-0.04510099 -0.6270393 -3.2009 0 0 -0 34 168 132 255 
-0.0562712 -0.7325962 -3.339471 0 0 -0 31 158 137 255 
-0.04995942 -0.8138465 -3.333275 0 0 -0 32 163 134 255 
-0.3118926 -1.343075 -5.514913 0 0 -0 69 5 89 255 
-0.05122054 -0.9705809 -3.392293 0 0 -0 37 171 130 255 
0.006978571 -0.9494311 -2.948707 0 0 -0 40 174 128 255 
-0.1126217 -1.277009 -3.966804 0 0 -0 71 13 96 255 
-0.07743478 -1.293475 -3.742897 0 0 -0 71 16 99 255 
-0.02532452 -1.355572 -3.339415 0 0 -0 71 17 100 255 
0.0811522 -1.294429 -2.595329 0 0 -0 72 23 105 255 
0.1142237 -1.282273 -2.302519 0 0 -0 72 26 108 255 
0.1451472 -1.270468 -2.026493 0 0 -0 72 23 105 255 
0.1681983 -1.278023 -1.814421 0 0 -0 72 31 112 255 
0.1583769 1.453238 -1.167436 0 0 -0 42 119 142 255 
0.1207786 1.427719 -1.47054 0 0 -0 49 103 142 255 
0.07706034 1.404947 -1.848026 0 0 -0 51 99 141 255 
0.004658401 1.397645 -2.370728 0 0 -0 45 112 142 255 
-0.05167007 1.365613 -2.847485 0 0 -0 46 110 142 255 
-0.1226835 1.333524 -3.431867 0 0 -0 53 95 141 255 
-0.2066659 1.296924 -4.148527 0 0 -0 49 103 142 255 
-0.3227715 1.268293 -4.989183 0 0 -0 53 94 141 255 
-0.3847389 1.197863 -5.54133 0 0 -0 52 97 141 255 
-0.3783605 1.100465 -5.5525 0 0 -0 47 108 142 255 
-0.365819 1.001803 -5.537318 0 0 -0 44 113 142 255 
-0.3778757 0.9231039 -5.547071 0 0 -0 45 112 142 255 
-0.3633078 0.8247033 -5.500182 0 0 -0 50 102 142 255 
-0.3594906 0.7277983 -5.542706 0 0 -0 42 118 142 255 
-0.3473259 0.6324286 -5.538 0 0 -0 42 120 142 255 
-0.355297 0.550472 -5.529204 0 0 -0 44 114 142 255 
-0.3474637 0.4548846 -5.537394 0 0 -0 41 122 142 255 
-0.3433017 0.3552579 -5.571279 0 0 -0 41 123 142 255 
-0.3278817 0.2585257 -5.541175 0 0 -0 39 128 142 255 
-0.338681 0.1800216 -5.53932 0 0 -0 42 119 142 255 
-0.3243469 0.08324397 -5.492207 0 0 -0 45 113 142 255 
-0.002997518 0.2137024 -2.874237 0 0 -0 70 48 126 255 
0.01565742 0.1295081 -2.863273 0 0 -0 71 47 125 255 
0.006905556 0.06534022 -2.897593 0 0 -0 70 50 126 255 
0.009638965 -0.007461429 -2.904535 0 0 -0 70 50 126 255 
-0.1306771 -0.382947 -4.146355 0 0 -0 71 42 122 255 
0.09189326 -0.2788765 -2.384954 0 0 -0 42 118 142 255 
0.001608253 -0.4858916 -3.205696 0 0 -0 31 153 138 255 
-0.004124284 -0.5550328 -3.237171 0 0 -0 31 161 135 255 
0.00152719 -0.6273419 -3.218756 0 0 -0 34 167 133 255 
-0.008759916 -0.7329795 -3.357401 0 0 -0 30 157 137 255 
-0.005169749 -0.8191218 -3.374529 0 0 -0 33 166 133 255 
-0.246859 -1.335709 -5.499498 0 0 -0 70 7 90 255 
-0.005995929 -0.9764478 -3.433469 0 0 -0 37 172 130 255 
0.05084151 -0.9530421 -2.97784 0 0 -0 41 175 127 255 
-0.07170856 -1.300347 -4.077803 0 0 -0 71 19 101 255 
-0.04956281 -1.343925 -3.957596 0 0 -0 71 19 101 255 
0.06642354 -1.335255 -2.972399 0 0 -0 72 22 104 255 
0.1255856 -1.292709 -2.600875 0 0 -0 72 20 103 255 
0.1530746 -1.291004 -2.342127 0 0 -0 72 22 104 255 
0.1835683 -1.276032 -2.054423 0 0 -0 72 26 108 255 
0.2065831 -1.280185 -1.830791 0 0 -0 72 35 116 255 
0.1964655 1.451934 -1.148149 0 0 -0 41 123 142 255 
0.1577497 1.42915 -1.47515 0 0 -0 50 102 142 255 
0.1163491 1.406469 -1.852903 0 0 -0 51 98 141 255 
0.05457884 1.394239 -2.316717 0 0 -0 48 106 142 255 
-0.003294349 1.365581 -2.829391 0 0 -0 48 106 142 255 
-0.070732 1.333856 -3.414189 0 0 -0 51 99 141 255 
-0.1503375 1.297654 -4.131341 0 0 -0 52 96 141 255 
-0.2597957 1.268833 -4.960798 0 0 -0 52 96 141 255 
-0.3227711 1.200262 -5.549021 0 0 -0 52 97 141 255 
-0.3192015 1.103563 -5.583991 0 0 -0 49 104 142 255 
-0.3095839 1.005133 -5.592588 0 0 -0 43 116 142 255 
-0.318714 0.9257846 -5.578614 0 0 -0 46 111 142 255 
-0.3058335 0.8271676 -5.54358 0 0 -0 48 106 142 255 
-0.300274 0.7300228 -5.574194 0 0 -0 45 113 142 255 
-0.2895072 0.6342275 -5.581353 0 0 -0 39 126 142 255 
-0.2989722 0.5516778 -5.584529 0 0 -0 42 120 142 255 
-0.2881948 0.4564683 -5.56887 0 0 -0 43 116 142 255 
-0.2809738 0.3576739 -5.578936 0 0 -0 42 120 142 255 
-0.2684995 0.2596542 -5.572568 0 0 -0 41 122 142 255 
-0.2779143 0.1816969 -5.55889 0 0 -0 41 121 142 255 
-0.2666229 0.08309132 -5.535487 0 0 -0 45 113 142 255 
0.04004234 0.2135943 -2.903659 0 0 -0 70 48 126 255 
0.05460781 0.1259009 -2.928207 0 0 -0 70 48 126 255 
0.04742181 0.0624336 -2.950686 0 0 -0 71 44 122 255 
0.0529688 -0.008246422 -2.93388 0 0 -0 70 50 126 255 
0.03099698 -0.1105614 -3.183122 0 0 -0 72 29 111 255 
0.1295283 -0.2845404 -2.437312 0 0 -0 41 122 142 255 
0.04567897 -0.4898756 -3.246808 0 0 -0 31 160 136 255 
0.04146218 -0.5572467 -3.266537 0 0 -0 34 167 133 255 
0.0470314 -0.6297799 -3.248068 0 0 -0 38 173 129 255 
0.03763753 -0.735612 -3.386761 0 0 -0 31 159 136 255 
0.042656 -0.8195995 -3.392156 0 0 -0 33 165 133 255 
-0.1769619 -1.318435 -5.436975 0 0 -0 70 7 90 255 
0.04223722 -0.9771135 -3.451099 0 0 -0 37 171 130 255 
0.0950259 -0.9566308 -3.006722 0 0 -0 46 179 124 255 
-0.01066935 -1.281366 -4.014677 0 0 -0 71 16 99 255 
-0.01040292 -1.373887 -4.091262 0 0 -0 72 20 103 255 
0.1241844 -1.304174 -2.874664 0 0 -0 71 17 100 255 
0.2010716 -1.204004 -2.308126 0 0 -0 72 27 109 255 
0.195954 -1.289337 -2.347235 0 0 -0 71 17 100 255 
0.2199221 -1.288717 -2.104925 0 0 -0 71 17 100 255 
0.2510836 -1.263879 -1.790153 0 0 -0 72 27 109 255 
0.2328725 1.451961 -1.140454 0 0 -0 42 120 142 255 
0.1919189 1.433028 -1.50324 0 0 -0 50 102 142 255 
0.1556674 1.407999 -1.857538 0 0 -0 50 102 142 255 
0.09532988 1.396893 -2.333597 0 0 -0 46 110 142 255 
0.04482538 1.365549 -2.810984 0 0 -0 46 110 142 255 
-0.02322799 1.336545 -3.431853 0 0 -0 53 95 141 255 
-0.09426117 1.298385 -4.113794 0 0 -0 51 98 141 255 
-0.2000049 1.270527 -4.955811 0 0 -0 53 95 141 255 
-0.2649114 1.204071 -5.592063 0 0 -0 56 88 140 255 
-0.255577 1.105638 -5.579388 0 0 -0 46 109 142 255 
-0.2527198 1.0085 -5.647548 0 0 -0 46 111 142 255 
-0.2523303 0.9277816 -5.55021 0 0 -0 49 103 142 255 
-0.2506104 0.8297169 -5.610493 0 0 -0 46 109 142 255 
-0.2393643 0.7323612 -5.593412 0 0 -0 43 116 142 255 
-0.2298622 0.6362579 -5.612453 0 0 -0 42 120 142 255 
-0.2352519 0.5544029 -5.579943 0 0 -0 45 113 142 255 
-0.2259041 0.4588952 -5.576163 0 0 -0 42 118 142 255 
-0.2172685 0.3606287 -5.574296 0 0 -0 42 120 142 255 
-0.2100991 0.26017 -5.615523 0 0 -0 41 122 142 255 
-0.2196176 0.1819315 -5.601904 0 0 -0 41 123 142 255 
-0.2110547 0.08127522 -5.602231 0 0 -0 41 121 142 255 
0.07680374 0.2088137 -2.992286 0 0 -0 70 48 126 255 
0.0969072 0.1244811 -2.969182 0 0 -0 71 46 124 255 
0.09764344 0.0677489 -2.920459 0 0 -0 72 41 121 255 
0.09533232 -0.01029181 -2.974837 0 0 -0 70 50 126 255 
0.06982332 -0.1184713 -3.2716 0 0 -0 37 132 142 255 
0.1727808 -0.2828526 -2.442297 0 0 -0 44 115 142 255 
0.09145743 -0.4918845 -3.2759 0 0 -0 31 158 137 255 
0.08861369 -0.5573992 -3.28388 0 0 -0 34 168 132 255 
0.09285915 -0.6321951 -3.277119 0 0 -0 34 167 133 255 
0.08435923 -0.7382215 -3.415853 0 0 -0 31 160 136 255 
0.08702689 -0.827204 -3.444592 0 0 -0 33 166 133 255 
0.1894646 -0.6903005 -2.48889 0 0 -0 70 50 126 255 
0.09064972 -0.9777604 -3.468441 0 0 -0 40 174 128 255 
0.14072 -0.9574981 -3.023719 0 0 -0 42 176 127 255 
0.0507282 -1.259591 -3.939517 0 0 -0 72 26 108 255 
0.04788464 -1.360162 -4.051027 0 0 -0 71 14 97 255 
0.1668746 -1.312119 -2.914425 0 0 -0 71 16 99 255 
0.2134277 -1.29258 -2.622618 0 0 -0 72 22 104 255 
0.2377447 -1.291114 -2.363519 0 0 -0 72 22 104 255 
0.2669439 -1.269257 -2.052616 0 0 -0 71 17 100 255 
0.2860997 -1.277087 -1.840123 0 0 -0 72 28 110 255 
0.2331147 1.430816 -1.471826 0 0 -0 52 96 141 255 
0.1963448 1.408429 -1.850058 0 0 -0 52 97 141 255 
0.1349155 1.400577 -2.362118 0 0 -0 45 112 142 255 
0.09135538 1.366417 -2.804159 0 0 -0 47 108 142 255 
0.02975464 1.336098 -3.401629 0 0 -0 56 88 140 255 
-0.04106432 1.300468 -4.119707 0 0 -0 50 101 142 255 
-0.1389965 1.271648 -4.938537 0 0 -0 55 90 140 255 
-0.2052597 1.207444 -5.622854 0 0 -0 56 88 140 255 
-0.1998754 1.109839 -5.64593 0 0 -0 45 113 142 255 
-0.1900624 1.010955 -5.654476 0 0 -0 46 111 142 255 
-0.198077 0.9310805 -5.628728 0 0 -0 49 103 142 255 
-0.1907308 0.8322214 -5.641317 0 0 -0 46 110 142 255 
-0.1808308 0.734551 -5.636125 0 0 -0 45 112 142 255 
-0.1686124 0.6385117 -5.631271 0 0 -0 42 119 142 255 
-0.1793135 0.5553766 -5.646525 0 0 -0 44 115 142 255 
-0.1699158 0.4593093 -5.642703 0 0 -0 42 120 142 255 
-0.1587014 0.3615095 -5.616947 0 0 -0 42 120 142 255 
-0.1512157 0.2607182 -5.658143 0 0 -0 41 123 142 255 
-0.1595813 0.182926 -5.632671 0 0 -0 44 114 142 255 
-0.1497283 0.08288205 -5.621056 0 0 -0 42 118 142 255 
0.122107 0.2097007 -3.009353 0 0 -0 71 45 123 255 
0.1408948 0.1241603 -2.998032 0 0 -0 71 42 122 255 
0.1364294 0.06255615 -2.99682 0 0 -0 71 46 124 255 
0.1406032 -0.009749293 -2.991822 0 0 -0 70 48 126 255 
0.12572 -0.193814 -3.277318 0 0 -0 36 135 142 255 
0.2184207 -0.277501 -2.423418 0 0 -0 44 114 142 255 
0.1363931 -0.4958141 -3.316511 0 0 -0 31 161 136 255 
0.1359431 -0.5575333 -3.300941 0 0 -0 32 164 134 255 
0.142491 -0.6281463 -3.270657 0 0 -0 36 170 131 255 
0.1314035 -0.740808 -3.444676 0 0 -0 30 155 138 255 
0.1365655 -0.8252593 -3.449963 0 0 -0 33 165 133 255 
0.2421708 -0.6688243 -2.400108 0 0 -0 63 72 137 255 
0.1505035 -0.9525762 -3.368845 0 0 -0 43 116 142 255 
0.1843539 -0.9637399 -3.063723 0 0 -0 49 181 123 255 
0.0900743 -1.29126 -4.084571 0 0 -0 71 19 101 255 
0.1067321 -1.343541 -3.99881 0 0 -0 69 5 89 255 
0.1457338 -1.332022 -3.624021 0 0 -0 70 11 94 255 
0.2154274 -1.303805 -2.896441 0 0 -0 71 14 97 255 
0.2559224 -1.297506 -2.650309 0 0 -0 72 24 106 255 
0.2891516 -1.261808 -2.27655 0 0 -0 71 13 96 255 
0.3038489 -1.281903 -2.102666 0 0 -0 71 17 100 255 
0.3290441 -1.264471 -1.810306 0 0 -0 72 26 108 255 
0.2700903 1.43227 -1.475745 0 0 -0 58 84 140 255 
0.2356433 1.409976 -1.854202 0 0 -0 51 99 141 255 
0.1824237 1.398172 -2.319073 0 0 -0 47 107 142 255 
0.1339918 1.370001 -2.832738 0 0 -0 49 103 142 255 
0.07982844 1.337228 -3.394876 0 0 -0 59 82 139 255 
0.01464617 1.301208 -4.101457 0 0 -0 52 97 141 255 
-0.0794906 1.273355 -4.932793 0 0 -0 53 94 141 255 
-0.1427969 1.209902 -5.62944 0 0 -0 63 71 136 255 
-0.1384813 1.112661 -5.66444 0 0 -0 46 111 142 255 
-0.1261458 1.013185 -5.649085 0 0 -0 45 112 142 255 
-0.1379821 0.9338375 -5.659215 0 0 -0 49 104 142 255 
-0.1305183 0.8347522 -5.671788 0 0 -0 47 107 142 255 
-0.120609 0.7368544 -5.666564 0 0 -0 45 113 142 255 
-0.1107649 0.6402041 -5.685537 0 0 -0 43 116 142 255 
-0.1141555 0.5584278 -5.629253 0 0 -0 44 114 142 255 
-0.1083709 0.4613777 -5.661202 0 0 -0 43 117 142 255 
-0.09965551 0.3624225 -5.659259 0 0 -0 41 121 142 255 
-0.08951163 0.2625643 -5.676571 0 0 -0 40 125 142 255 
-0.09921229 0.1839467 -5.663086 0 0 -0 43 116 142 255 
-0.08821511 0.08450955 -5.63951 0 0 -0 45 112 142 255 
0.1711101 0.2134043 -2.990433 0 0 -0 71 46 124 255 
0.1920817 0.1302707 -2.955241 0 0 -0 70 48 126 255 
0.1830376 0.06439298 -3.001663 0 0 -0 70 48 126 255 
0.1871947 -0.007912993 -2.996658 0 0 -0 71 46 124 255 
0.1785854 -0.1858842 -3.234879 0 0 -0 62 76 138 255 
0.1702483 -0.2530744 -3.27087 0 0 -0 47 107 142 255 
0.1961561 -0.2998986 -3.063945 0 0 -0 72 38 119 255 
0.2549484 -0.286742 -2.498712 0 0 -0 41 123 142 255 
0.1839821 -0.4958336 -3.333286 0 0 -0 31 153 138 255 
0.1812586 -0.561718 -3.341271 0 0 -0 34 167 133 255 
0.1876576 -0.6326694 -3.310909 0 0 -0 33 165 133 255 
0.1776919 -0.7456305 -3.484961 0 0 -0 31 160 136 255 
0.1861349 -0.823303 -3.45503 0 0 -0 34 167 133 255 
0.2905715 -0.6547855 -2.346029 0 0 -0 62 76 138 255 
0.2955459 -0.7159982 -2.311693 0 0 -0 62 74 137 255 
0.2305411 -0.9645678 -3.080188 0 0 -0 46 179 124 255 
0.1031513 -1.398683 -4.54323 0 0 -0 71 17 100 255 
0.1515771 -1.364662 -4.096973 0 0 -0 71 19 101 255 
0.1934255 -1.339051 -3.663876 0 0 -0 70 10 93 255 
0.2930063 -1.201435 -2.544376 0 0 -0 70 8 92 255 
0.3491692 -1.266017 -2.061185 0 0 -0 71 13 96 255 
0.3676789 -1.266589 -1.825718 0 0 -0 72 29 111 255 
0.3094839 1.431278 -1.455686 0 0 -0 51 98 141 255 
0.2749667 1.411532 -1.858106 0 0 -0 51 99 141 255 
0.2257931 1.398818 -2.311399 0 0 -0 48 106 142 255 
0.1805065 1.370887 -2.825349 0 0 -0 51 99 141 255 
0.1274302 1.339952 -3.41164 0 0 -0 65 66 135 255 
0.06893057 1.30263 -4.094776 0 0 -0 54 92 141 255 
-0.02127117 1.275658 -4.938605 0 0 -0 54 93 141 255 
-0.08262765 1.213322 -5.659512 0 0 -0 68 59 132 255 
-0.0792169 1.11622 -5.706459 0 0 -0 48 106 142 255 
-0.06921011 1.016884 -5.714951 0 0 -0 46 111 142 255 
-0.07987207 0.9369223 -5.713233 0 0 -0 48 105 142 255 
-0.06882709 0.8372743 -5.689958 0 0 -0 47 107 142 255 
-0.06119168 0.7391055 -5.708591 0 0 -0 42 118 142 255 
-0.05004704 0.6423166 -5.715584 0 0 -0 44 115 142 255 
-0.0571866 0.5594685 -5.695166 0 0 -0 44 115 142 255 
-0.04664189 0.4634666 -5.679331 0 0 -0 42 119 142 255 
-0.04013228 0.3633674 -5.701232 0 0 -0 41 122 142 255 
-0.02762115 0.264431 -5.694629 0 0 -0 41 123 142 255 
-0.04073101 0.1835501 -5.716997 0 0 -0 40 124 142 255 
-0.02871591 0.08447951 -5.681434 0 0 -0 43 117 142 255 
0.2132397 0.2115253 -3.042677 0 0 -0 72 37 118 255 
0.2309082 0.1246516 -3.043057 0 0 -0 72 36 117 255 
0.2221187 0.0581131 -3.089484 0 0 -0 72 40 120 255 
0.2327431 -0.007339716 -3.013093 0 0 -0 72 36 117 255 
0.2138444 -0.1141384 -3.298462 0 0 -0 68 59 132 255 
0.2235579 -0.1884831 -3.275103 0 0 -0 49 104 142 255 
0.2154362 -0.2559441 -3.311124 0 0 -0 46 111 142 255 
0.2495143 -0.2877786 -2.997526 0 0 -0 72 29 111 255 
0.298575 -0.2850119 -2.502929 0 0 -0 42 119 142 255 
0.2368515 -0.4861469 -3.290785 0 0 -0 33 142 141 255 
0.2546509 -0.5110334 -3.063215 0 0 -0 68 59 132 255 
0.3013382 -0.4936907 -2.562743 0 0 -0 72 27 109 255 
0.3179066 -0.5406343 -2.432871 0 0 -0 71 16 99 255 
0.2496608 -0.7881117 -3.2957 0 0 -0 62 73 137 255 
0.3363027 -0.645694 -2.31502 0 0 -0 64 69 136 255 
0.3371332 -0.7168846 -2.327457 0 0 -0 54 92 141 255 
0.2788464 -0.9599998 -3.073068 0 0 -0 40 174 128 255 
0.1566405 -1.404862 -4.583514 0 0 -0 72 22 104 255 
0.2052246 -1.362532 -4.102078 0 0 -0 72 20 103 255 
0.3521213 -1.147835 -2.364344 0 0 -0 70 8 92 255 
0.3445746 -1.297288 -2.670475 0 0 -0 72 23 105 255 
0.3677608 -1.282564 -2.365037 0 0 -0 71 17 100 255 
0.3839689 -1.2893 -2.145059 0 0 -0 71 16 99 255 
0.4010355 -1.290767 -1.909218 0 0 -0 72 31 112 255 
0.3486094 1.430283 -1.435371 0 0 -0 49 104 142 255 
0.3154271 1.411978 -1.84987 0 0 -0 52 97 141 255 
0.270164 1.398445 -2.291551 0 0 -0 47 108 142 255 
0.228014 1.370869 -2.805754 0 0 -0 51 98 141 255 
0.1785232 1.340302 -3.392349 0 0 -0 56 88 140 255 
0.1220066 1.304742 -4.099687 0 0 -0 54 93 141 255 
0.03808516 1.277384 -4.932124 0 0 -0 54 93 141 255 
-0.0286895 1.219626 -5.76087 0 0 -0 71 46 124 255 
-0.02056259 1.120173 -5.760076 0 0 -0 44 113 142 255 
-0.009362042 1.020133 -5.756603 0 0 -0 44 115 142 255 
-0.01897144 0.9397377 -5.74302 0 0 -0 44 114 142 255 
-0.005877912 0.8397787 -5.695805 0 0 -0 47 108 142 255 
0.001891971 0.7416164 -5.714417 0 0 -0 44 113 142 255 
0.01204967 0.6446437 -5.733318 0 0 -0 41 121 142 255 
0.002671599 0.5611226 -5.736863 0 0 -0 41 121 142 255 
0.01002353 0.463592 -5.756825 0 0 -0 41 123 142 255 
0.01986778 0.3643448 -5.742859 0 0 -0 40 124 142 255 
0.02932507 0.2631828 -5.772012 0 0 -0 37 132 142 255 
0.02355617 0.1867864 -5.71091 0 0 -0 42 119 142 255 
0.03228503 0.08531773 -5.711086 0 0 -0 42 118 142 255 
0.2539259 0.2078255 -3.118529 0 0 -0 52 96 141 255 
0.2727854 0.1212087 -3.106859 0 0 -0 50 101 142 255 
0.2692934 0.05999213 -3.093801 0 0 -0 55 90 140 255 
0.2724669 -0.01437682 -3.100597 0 0 -0 54 93 141 255 
0.2573965 -0.1191294 -3.362267 0 0 -0 53 94 141 255 
0.2728969 -0.1850553 -3.267606 0 0 -0 55 91 141 255 
0.2718894 -0.2412694 -3.220736 0 0 -0 70 48 126 255 
0.2981398 -0.2825062 -2.978091 0 0 -0 72 31 112 255 
0.3403053 -0.286908 -2.530525 0 0 -0 41 121 142 255 
0.3650423 -0.3216796 -2.303536 0 0 -0 71 19 101 255 
0.367338 -0.3692046 -2.254033 0 0 -0 72 35 116 255 
0.3736958 -0.4277797 -2.213625 0 0 -0 72 32 113 255 
0.3807653 -0.4915977 -2.190028 0 0 -0 72 20 103 255 
0.3914403 -0.546779 -2.115603 0 0 -0 71 19 101 255 
0.3797928 -0.6415339 -2.307128 0 0 -0 66 63 133 255 
0.3843509 -0.702319 -2.272861 0 0 -0 55 90 140 255 
0.3243308 -0.9634874 -3.100626 0 0 -0 37 172 130 255 
0.2105943 -1.411011 -4.623491 0 0 -0 72 20 103 255 
0.259782 -1.357494 -4.095241 0 0 -0 71 14 97 255 
0.3890328 -1.168784 -2.448853 0 0 -0 70 11 94 255 
0.3894648 -1.295494 -2.674406 0 0 -0 72 24 106 255 
0.4116124 -1.277402 -2.357363 0 0 -0 71 13 96 255 
0.4281462 -1.276967 -2.114464 0 0 -0 71 17 100 255 
0.4446054 -1.274456 -1.867247 0 0 -0 72 27 109 255 
0.3811511 1.436686 -1.486145 0 0 -0 49 104 142 255 
0.3547209 1.41355 -1.853284 0 0 -0 50 101 142 255 
0.3069204 1.405258 -2.354787 0 0 -0 46 111 142 255 
0.2742161 1.371763 -2.797777 0 0 -0 51 99 141 255 
0.2293518 1.340651 -3.372734 0 0 -0 52 96 141 255 
0.1761325 1.30618 -4.092336 0 0 -0 54 92 141 255 
0.09835881 1.278525 -4.913332 0 0 -0 54 92 141 255 
0.03155285 1.223596 -5.80221 0 0 -0 70 48 126 255 
0.04376715 1.122342 -5.7536 0 0 -0 48 106 142 255 
0.05395669 1.022668 -5.762035 0 0 -0 45 113 142 255 
0.04327077 0.9424231 -5.760491 0 0 -0 45 113 142 255 
0.05309987 0.8424618 -5.749098 0 0 -0 46 109 142 255 
0.06104815 0.7438501 -5.76769 0 0 -0 44 114 142 255 
0.07334876 0.6468059 -5.762637 0 0 -0 42 120 142 255 
0.06497699 0.5633724 -5.7543 0 0 -0 41 121 142 255 
0.07541078 0.4669182 -5.738377 0 0 -0 42 120 142 255 
0.08130628 0.3658634 -5.772187 0 0 -0 41 121 142 255 
0.09194463 0.2651052 -5.789353 0 0 -0 39 127 142 255 
0.08387661 0.1871675 -5.75218 0 0 -0 43 117 142 255 
0.09265971 0.08534914 -5.752308 0 0 -0 42 119 142 255 
0.3012474 0.2097189 -3.122612 0 0 -0 52 96 141 255 
0.3191249 0.1220435 -3.122766 0 0 -0 52 97 141 255 
0.3155598 0.06072688 -3.109736 0 0 -0 53 95 141 255 
0.3206499 -0.01121616 -3.092729 0 0 -0 55 90 140 255 
0.3099391 -0.1116438 -3.318868 0 0 -0 72 32 113 255 
0.1181539 -0.5921941 -5.857631 0 0 -0 57 86 140 255 
0.3393134 -0.2908587 -3.053102 0 0 -0 72 36 117 255 
0.3850143 -0.2833365 -2.52239 0 0 -0 47 108 142 255 
0.4109815 -0.3122503 -2.259849 0 0 -0 71 46 124 255 
0.4103583 -0.3654904 -2.245794 0 0 -0 71 42 122 255 
0.4164736 -0.4239646 -2.205381 0 0 -0 72 37 118 255 
0.4225422 -0.4899229 -2.193534 0 0 -0 72 20 103 255 
0.4293721 -0.5545914 -2.165995 0 0 -0 72 32 113 255 
0.4214751 -0.642287 -2.322394 0 0 -0 68 59 132 255 
0.4250031 -0.7057611 -2.299782 0 0 -0 54 93 141 255 
0.3775918 -0.9427948 -3.02292 0 0 -0 47 107 142 255 
0.2806351 -1.36393 -4.441999 0 0 -0 70 11 94 255 
0.3150343 -1.349554 -4.076444 0 0 -0 71 14 97 255 
0.430149 -1.176744 -2.487066 0 0 -0 71 13 96 255 
0.4635117 -1.167215 -2.240921 0 0 -0 69 5 89 255 
0.4706653 -1.203425 -2.12 0 0 -0 72 22 104 255 
0.4673265 -1.285963 -2.152198 0 0 -0 71 13 96 255 
0.4868658 -1.261833 -1.836379 0 0 -0 72 32 113 255 
0.4211491 1.434466 -1.453468 0 0 -0 47 107 142 255 
0.3950059 1.414006 -1.84455 0 0 -0 51 99 141 255 
0.3541946 1.401811 -2.298666 0 0 -0 48 105 142 255 
0.3202946 1.372661 -2.78951 0 0 -0 50 100 142 255 
0.2770336 1.343409 -3.3886 0 0 -0 54 92 141 255 
0.2301394 1.307624 -4.084645 0 0 -0 53 94 141 255 
0.160287 1.278476 -4.870266 0 0 -0 52 97 141 255 
0.08847725 1.229526 -5.891009 0 0 -0 50 101 142 255 
0.1051678 1.125622 -5.782596 0 0 -0 46 111 142 255 
0.1136026 1.026226 -5.814927 0 0 -0 45 113 142 255 
0.1028739 0.9456074 -5.813471 0 0 -0 46 110 142 255 
0.1136241 0.8451392 -5.790087 0 0 -0 47 107 142 255 
0.123574 0.7463321 -5.784729 0 0 -0 42 118 142 255 
0.13407 0.6488125 -5.803555 0 0 -0 41 123 142 255 
0.1265485 0.5653641 -5.78332 0 0 -0 45 112 142 255 
0.1351208 0.4679018 -5.791275 0 0 -0 43 117 142 255 
0.1448558 0.3684209 -5.777236 0 0 -0 43 116 142 255 
0.1538622 0.2664271 -5.818264 0 0 -0 37 131 142 255 
0.1455598 0.1882939 -5.781151 0 0 -0 41 122 142 255 
0.1543859 0.08624303 -5.781239 0 0 -0 43 117 142 255 
0.3494736 0.2125448 -3.114472 0 0 -0 55 90 140 255 
0.3664885 0.1239514 -3.126472 0 0 -0 56 88 140 255 
0.3628568 0.06263077 -3.113482 0 0 -0 56 89 140 255 
0.3644453 -0.01437682 -3.144072 0 0 -0 54 92 141 255 
0.1783811 -0.4047586 -5.867309 0 0 -0 40 125 142 255 
0.1903954 -0.5038033 -5.841038 0 0 -0 40 124 142 255 
0.1815904 -0.5911927 -5.87457 0 0 -0 41 121 142 255 
0.4393774 -0.2580132 -2.371965 0 0 -0 72 29 111 255 
0.4483299 -0.322125 -2.334023 0 0 -0 72 37 118 255 
0.4500353 -0.369862 -2.284488 0 0 -0 70 52 128 255 
0.4543397 -0.4329414 -2.267561 0 0 -0 71 45 123 255 
0.4619765 -0.4949801 -2.232069 0 0 -0 72 26 108 255 
0.4717916 -0.5505483 -2.157481 0 0 -0 72 38 119 255 
0.4640934 -0.6405689 -2.325688 0 0 -0 68 59 132 255 
0.4682617 -0.7014813 -2.291376 0 0 -0 55 91 141 255 
0.466977 -0.7907541 -2.372912 0 0 -0 71 13 96 255 
0.4654818 -0.8805777 -2.443316 0 0 -0 70 10 93 255 
0.4802298 -1.06718 -2.378124 0 0 -0 70 7 90 255 
0.4912807 -1.097414 -2.213633 0 0 -0 70 7 90 255 
0.4813977 -1.281898 -2.646914 0 0 -0 71 13 96 255 
0.4954789 -1.284256 -2.398569 0 0 -0 71 19 101 255 
0.5083408 -1.287832 -2.166824 0 0 -0 71 19 101 255 
0.5217659 -1.285924 -1.91927 0 0 -0 72 28 110 255 
0.457102 1.437194 -1.468138 0 0 -0 47 107 142 255 
0.4351618 1.414465 -1.835562 0 0 -0 50 100 142 255 
0.3944314 1.405575 -2.325679 0 0 -0 46 109 142 255 
0.3644592 1.375399 -2.804819 0 0 -0 50 101 142 255 
0.3284317 1.342961 -3.356419 0 0 -0 53 94 141 255 
0.2857736 1.307689 -4.052722 0 0 -0 54 93 141 255 
0.2163465 1.282009 -4.898512 0 0 -0 43 117 142 255 
0.1578167 1.229205 -5.824034 0 0 -0 60 80 139 255 
0.1651616 1.129669 -5.83515 0 0 -0 49 104 142 255 
0.1747167 1.029566 -5.855503 0 0 -0 47 107 142 255 
0.1656888 0.9483426 -5.830202 0 0 -0 47 107 142 255 
0.173762 0.8478958 -5.842689 0 0 -0 45 113 142 255 
0.1845869 0.7487004 -5.825329 0 0 -0 43 117 142 255 
0.1944314 0.650672 -5.856085 0 0 -0 40 125 142 255 
0.1867614 0.5668302 -5.83591 0 0 -0 43 116 142 255 
0.1962752 0.4693114 -5.831863 0 0 -0 41 122 142 255 
0.2051555 0.36898 -5.82974 0 0 -0 40 124 142 255 
0.2161031 0.2677752 -5.84681 0 0 -0 33 145 140 255 
0.2059298 0.1880262 -5.833658 0 0 -0 37 131 142 255 
0.2148204 0.0855087 -5.833691 0 0 -0 38 130 142 255 
0.3959582 0.2135383 -3.129905 0 0 -0 55 90 140 255 
0.4130927 0.1248169 -3.141816 0 0 -0 56 89 140 255 
0.4078154 0.0610975 -3.152691 0 0 -0 56 88 140 255 
0.4119673 -0.01245368 -3.147534 0 0 -0 54 92 141 255 
0.2465164 -0.3952764 -5.812484 0 0 -0 32 147 140 255 
0.2553021 -0.4997141 -5.833762 0 0 -0 31 158 137 255 
0.2490167 -0.5822535 -5.831772 0 0 -0 32 147 140 255 
0.4881547 -0.2418035 -2.280331 0 0 -0 70 10 93 255 
0.498253 -0.3011371 -2.218849 0 0 -0 72 26 108 255 
0.4930959 -0.3661284 -2.275731 0 0 -0 72 27 109 255 
0.4987534 -0.4248419 -2.235239 0 0 -0 72 29 111 255 
0.5032946 -0.4955208 -2.246846 0 0 -0 72 24 106 255 
0.510558 -0.5583085 -2.207423 0 0 -0 72 23 105 255 
0.5095239 -0.6290286 -2.281818 0 0 -0 72 27 109 255 
0.5169438 -0.6766858 -2.189078 0 0 -0 72 27 109 255 
0.5167871 -0.7622309 -2.259194 0 0 -0 71 13 96 255 
0.5251753 -0.8117577 -2.16679 0 0 -0 71 17 100 255 
0.4200903 -1.353886 -4.119199 0 0 -0 72 26 108 255 
0.5180261 -1.090325 -2.473738 0 0 -0 69 4 87 255 
0.5228726 -1.147374 -2.401244 0 0 -0 70 11 94 255 
0.5230147 -1.296695 -2.707572 0 0 -0 71 16 99 255 
0.5405697 -1.272197 -2.367134 0 0 -0 71 17 100 255 
0.552636 -1.271944 -2.123974 0 0 -0 71 19 101 255 
0.5614235 -1.287959 -1.933535 0 0 -0 72 27 109 255 
0.4957182 1.436209 -1.446871 0 0 -0 49 103 142 255 
0.4735416 1.417188 -1.85016 0 0 -0 51 98 141 255 
0.4383033 1.405217 -2.304749 0 0 -0 52 96 141 255 
0.410433 1.376311 -2.795987 0 0 -0 51 99 141 255 
0.3761556 1.345741 -3.371687 0 0 -0 52 96 141 255 
0.3385876 1.309835 -4.056305 0 0 -0 54 92 141 255 
0.2751595 1.283762 -4.890553 0 0 -0 35 169 131 255 
0.219098 1.233256 -5.864276 0 0 -0 42 118 142 255 
0.2257681 1.133754 -5.887357 0 0 -0 38 130 142 255 
0.2355189 1.033198 -5.907692 0 0 -0 35 137 142 255 
0.225511 0.9517598 -5.894445 0 0 -0 35 137 142 255 
0.2352952 0.8506408 -5.882967 0 0 -0 37 133 142 255 
0.2437574 0.7509089 -5.901494 0 0 -0 34 140 141 255 
0.2561631 0.6527463 -5.896288 0 0 -0 31 148 140 255 
0.2468225 0.5680619 -5.900119 0 0 -0 35 138 141 255 
0.2571421 0.4703686 -5.884058 0 0 -0 33 145 140 255 
0.2660708 0.3695775 -5.881895 0 0 -0 32 146 140 255 
0.2779329 0.2685348 -5.886943 0 0 -0 31 152 139 255 
0.2669145 0.187797 -5.885813 0 0 -0 34 139 141 255 
0.2758692 0.0848127 -5.885791 0 0 -0 33 143 141 255 
0.4433442 0.2154642 -3.133117 0 0 -0 59 81 139 255 
0.4612782 0.1278 -3.133011 0 0 -0 58 84 140 255 
0.4575128 0.06647086 -3.120098 0 0 -0 60 80 139 255 
0.4609222 -0.008001208 -3.126881 0 0 -0 59 82 139 255 
0.3076859 -0.3981655 -5.864323 0 0 -0 32 146 140 255 
0.3180411 -0.5000795 -5.861747 0 0 -0 31 156 137 255 
0.3172652 -0.5701618 -5.764789 0 0 -0 54 93 141 255 
0.5310992 -0.2382762 -2.271268 0 0 -0 71 14 97 255 
0.5362204 -0.310969 -2.292545 0 0 -0 71 19 101 255 
0.5393237 -0.3523085 -2.207649 0 0 -0 72 24 106 255 
0.5381802 -0.4316375 -2.285172 0 0 -0 72 20 103 255 
0.5460596 -0.491565 -2.23783 0 0 -0 71 16 99 255 
0.5537183 -0.5518858 -2.186655 0 0 -0 71 19 101 255 
0.555644 -0.6126026 -2.214186 0 0 -0 72 24 106 255 
0.556265 -0.6852269 -2.238627 0 0 -0 71 19 101 255 
0.5633333 -0.7417815 -2.180164 0 0 -0 71 14 97 255 
0.563235 -0.8268057 -2.239428 0 0 -0 71 13 96 255 
0.4750536 -1.345926 -4.099391 0 0 -0 56 89 140 255 
0.4956254 -1.347684 -3.769514 0 0 -0 72 23 105 255 
0.5742248 -1.100448 -2.242438 0 0 -0 69 5 89 255 
0.5686826 -1.291535 -2.698891 0 0 -0 71 14 97 255 
0.5819328 -1.280738 -2.40432 0 0 -0 72 22 104 255 
0.5941685 -1.270251 -2.126634 0 0 -0 71 17 100 255 
0.6034547 -1.27532 -1.901909 0 0 -0 72 29 111 255 
0.5332969 1.436466 -1.437272 0 0 -0 50 100 142 255 
0.514336 1.416525 -1.828758 0 0 -0 51 99 141 255 
0.4834173 1.402778 -2.25968 0 0 -0 55 90 140 255 
0.4585231 1.374456 -2.751046 0 0 -0 63 72 137 255 
0.4255279 1.346915 -3.362768 0 0 -0 52 96 141 255 
0.3914198 1.311994 -4.059562 0 0 -0 53 95 141 255 
0.3331112 1.286128 -4.894191 0 0 -0 78 195 107 255 
0.2822997 1.236358 -5.88022 0 0 -0 47 107 142 255 
0.2877036 1.137501 -5.927235 0 0 -0 37 132 142 255 
0.2976372 1.036606 -5.947547 0 0 -0 34 141 141 255 
0.2889648 0.9545479 -5.910431 0 0 -0 37 131 142 255 
0.2972943 0.8534182 -5.922881 0 0 -0 37 132 142 255 
0.3066195 0.7534119 -5.929403 0 0 -0 36 134 142 255 
0.3190414 0.6550262 -5.924148 0 0 -0 32 146 140 255 
0.3104164 0.5704176 -5.916076 0 0 -0 36 135 142 255 
0.3199859 0.4722281 -5.911949 0 0 -0 33 142 141 255 
0.3289436 0.3712079 -5.90975 0 0 -0 32 146 140 255 
0.3408843 0.2699389 -5.914743 0 0 -0 31 153 138 255 
0.3291823 0.1883105 -5.92565 0 0 -0 33 143 141 255 
0.3388504 0.08579791 -5.913628 0 0 -0 34 141 141 255 
0.4894265 0.2155756 -3.15993 0 0 -0 59 82 139 255 
0.5087004 0.1297402 -3.135845 0 0 -0 58 83 139 255 
0.5029499 0.06497693 -3.158757 0 0 -0 59 82 139 255 
0.5077015 -0.007319093 -3.14167 0 0 -0 58 83 139 255 
0.3719559 -0.3955365 -5.868184 0 0 -0 35 137 142 255 
0.3804847 -0.5019035 -5.901248 0 0 -0 30 157 137 255 
0.4204275 -0.466594 -5.008327 0 0 -0 72 40 120 255 
0.5263132 -0.2866014 -3.089867 0 0 -0 72 22 104 255 
0.5727208 -0.2383521 -2.285634 0 0 -0 70 11 94 255 
0.5779994 -0.3111551 -2.306882 0 0 -0 71 16 99 255 
0.5758981 -0.3687179 -2.316485 0 0 -0 71 19 101 255 
0.5787839 -0.4362762 -2.323086 0 0 -0 71 19 101 255 
0.5875567 -0.4920807 -2.2521 0 0 -0 70 11 94 255 
0.5938032 -0.5572419 -2.224377 0 0 -0 71 17 100 255 
0.5926093 -0.6329091 -2.322267 0 0 -0 71 42 122 255 
0.5939845 -0.7039673 -2.3348 0 0 -0 65 66 135 255 
0.5574913 -0.9752407 -3.210998 0 0 -0 30 155 138 255 
0.5038095 -1.354861 -4.457172 0 0 -0 70 11 94 255 
0.5568939 -1.188114 -3.474102 0 0 -0 49 103 142 255 
0.5622077 -1.258828 -3.435828 0 0 -0 31 156 137 255 
0.6232566 -1.292681 -2.452755 0 0 -0 72 23 105 255 
0.6337867 -1.282718 -2.174858 0 0 -0 71 17 100 255 
0.6426589 -1.280998 -1.927098 0 0 -0 72 23 105 255 
0.5714318 1.435477 -1.415521 0 0 -0 49 104 142 255 
0.5534967 1.418132 -1.830952 0 0 -0 51 99 141 255 
0.5238507 1.406576 -2.28593 0 0 -0 52 97 141 255 
0.5033443 1.376295 -2.753576 0 0 -0 55 91 141 255 
0.4747713 1.348093 -3.353543 0 0 -0 53 95 141 255 
0.4455841 1.312761 -4.038573 0 0 -0 53 94 141 255 
0.3944098 1.285467 -4.837641 0 0 -0 208 225 28 255 
0.3476322 1.237997 -5.859863 0 0 -0 57 85 140 255 
0.3507475 1.140902 -5.954768 0 0 -0 38 130 142 255 
0.3614834 1.039519 -5.963072 0 0 -0 38 130 142 255 
0.352589 0.9573563 -5.926032 0 0 -0 39 127 142 255 
0.3591212 0.856284 -5.974408 0 0 -0 37 132 142 255 
0.3697991 0.7559416 -5.956934 0 0 -0 34 139 141 255 
0.3822379 0.6573327 -5.951628 0 0 -0 32 146 140 255 
0.3735591 0.5725269 -5.943628 0 0 -0 34 140 141 255 
0.3825359 0.4737351 -5.951441 0 0 -0 35 138 141 255 
0.3921311 0.3728647 -5.937228 0 0 -0 32 147 140 255 
0.4023982 0.2695419 -5.978076 0 0 -0 31 151 139 255 
0.3937041 0.19096 -5.929224 0 0 -0 33 142 141 255 
0.4015597 0.08599126 -5.953043 0 0 -0 33 143 141 255 
0.5369946 0.2175288 -3.162568 0 0 -0 60 80 139 255 
0.555019 0.1296024 -3.162269 0 0 -0 59 82 139 255 
0.5522422 0.07035375 -3.125553 0 0 -0 60 80 139 255 
0.5540848 -0.007873476 -3.168097 0 0 -0 60 80 139 255 
0.4335003 -0.3997281 -5.931197 0 0 -0 33 144 141 255 
0.4428532 -0.5051767 -5.952275 0 0 -0 31 158 137 255 
0.4386985 -0.5822581 -5.902818 0 0 -0 37 131 142 255 
0.6045631 -0.2726197 -2.524949 0 0 -0 67 61 132 255 
0.6204503 -0.3094084 -2.309131 0 0 -0 71 13 96 255 
0.616366 -0.3750112 -2.366038 0 0 -0 71 13 96 255 
0.622375 -0.4302834 -2.301762 0 0 -0 70 10 93 255 
0.6297094 -0.4903466 -2.254338 0 0 -0 70 10 93 255 
0.6353121 -0.5578663 -2.238352 0 0 -0 71 14 97 255 
0.6328164 -0.6433759 -2.383203 0 0 -0 66 63 133 255 
0.6352577 -0.7098752 -2.372198 0 0 -0 56 89 140 255 
0.6032756 -0.9866072 -3.271979 0 0 -0 44 177 126 255 
0.5989715 -1.115807 -3.468747 0 0 -0 40 174 128 255 
0.6044294 -1.200457 -3.534893 0 0 -0 32 164 134 255 
0.6126622 -1.25081 -3.415172 0 0 -0 66 65 134 255 
0.6433149 -1.209691 -2.651442 0 0 -0 69 5 89 255 
0.6682534 -1.211612 -2.438627 0 0 -0 70 8 92 255 
0.6651635 -1.30459 -2.500955 0 0 -0 72 24 106 255 
0.675631 -1.280994 -2.177023 0 0 -0 72 23 105 255 
0.6825724 -1.282997 -1.940633 0 0 -0 72 27 109 255 
0.6068233 1.43949 -1.441207 0 0 -0 47 107 142 255 
0.593275 1.418609 -1.820977 0 0 -0 51 99 141 255 
0.5670383 1.406217 -2.264182 0 0 -0 46 109 142 255 
0.5469743 1.380004 -2.779729 0 0 -0 48 105 142 255 
0.5238829 1.349276 -3.344011 0 0 -0 50 100 142 255 
0.497724 1.315641 -4.053137 0 0 -0 51 98 141 255 
0.4490739 1.290897 -4.900397 0 0 -0 157 217 59 255 
0.4121113 1.240136 -5.851075 0 0 -0 58 83 139 255 
0.4135318 1.144711 -5.9939 0 0 -0 38 130 142 255 
0.4249363 1.042719 -5.990192 0 0 -0 36 134 142 255 
0.4140929 0.9608831 -5.989186 0 0 -0 35 137 142 255 
0.4238013 0.8589525 -5.977622 0 0 -0 38 130 142 255 
0.4327418 0.7584426 -5.996072 0 0 -0 32 146 140 255 
0.4446735 0.659331 -6.002701 0 0 -0 33 145 140 255 
0.4353769 0.573871 -6.006752 0 0 -0 33 144 141 255 
0.4455481 0.4752747 -5.990559 0 0 -0 32 146 140 255 
0.4545818 0.3735657 -5.988281 0 0 -0 32 146 140 255 
0.4667115 0.2716143 -5.993153 0 0 -0 31 149 139 255 
0.4561508 0.1908312 -5.980277 0 0 -0 33 144 141 255 
0.4662689 0.08866298 -5.956201 0 0 -0 33 142 141 255 
0.5850928 0.2203993 -3.152958 0 0 -0 62 74 137 255 
0.6031046 0.1326112 -3.152584 0 0 -0 62 73 137 255 
0.5966692 0.06548709 -3.19946 0 0 -0 60 80 139 255 
0.602722 -0.003403962 -3.146546 0 0 -0 60 80 139 255 
0.4977022 -0.398419 -5.946199 0 0 -0 34 139 141 255 
0.5067543 -0.5054538 -5.979133 0 0 -0 31 158 137 255 
0.5013581 -0.5858777 -5.953474 0 0 -0 32 146 140 255 
0.6189745 -0.2894466 -3.142154 0 0 -0 72 23 105 255 
0.6424894 -0.294176 -2.68115 0 0 -0 42 120 142 255 
0.6598436 -0.3210511 -2.393986 0 0 -0 71 13 96 255 
0.6596321 -0.3712335 -2.356246 0 0 -0 70 11 94 255 
0.6773927 -0.5561259 -2.240316 0 0 -0 70 7 90 255 
0.6753945 -0.6440384 -2.396943 0 0 -0 68 59 132 255 
0.677786 -0.7106514 -2.385918 0 0 -0 61 78 138 255 
0.6509883 -0.9899337 -3.297619 0 0 -0 47 180 124 255 
0.6420704 -1.16105 -3.669385 0 0 -0 42 119 142 255 
0.6421103 -1.293283 -3.921447 0 0 -0 50 100 142 255 
0.6505663 -1.341304 -3.777558 0 0 -0 46 109 142 255 
0.673726 -1.333316 -3.104158 0 0 -0 71 16 99 255 
0.7140725 -1.186636 -2.359852 0 0 -0 71 19 101 255 
0.7130844 -1.261696 -2.364969 0 0 -0 72 23 105 255 
0.7185094 -1.268652 -2.144545 0 0 -0 72 26 108 255 
0.7226394 -1.284982 -1.953928 0 0 -0 72 36 117 255 
0.6441462 1.43976 -1.430913 0 0 -0 47 107 142 255 
0.6323864 1.42023 -1.822688 0 0 -0 50 102 142 255 
0.6083277 1.408998 -2.277989 0 0 -0 45 113 142 255 
0.5919682 1.381869 -2.781715 0 0 -0 49 104 142 255 
0.5733839 1.349643 -3.322216 0 0 -0 52 97 141 255 
0.5510426 1.317124 -4.043452 0 0 -0 56 88 140 255 
0.5086375 1.291459 -4.867048 0 0 -0 253 231 37 255 
0.4774769 1.241283 -5.81793 0 0 -0 64 69 136 255 
0.4772723 1.148167 -6.020672 0 0 -0 37 132 142 255 
0.4877289 1.046487 -6.040904 0 0 -0 35 137 142 255 
0.4778441 0.9639218 -6.016013 0 0 -0 39 128 142 255 
0.4865475 0.8618833 -6.028399 0 0 -0 35 138 141 255 
0.4970967 0.7610801 -6.010851 0 0 -0 34 141 141 255 
0.5081776 0.6615323 -6.041413 0 0 -0 31 149 139 255 
0.5007857 0.5768248 -5.997585 0 0 -0 34 141 141 255 
0.5094805 0.4772197 -6.017315 0 0 -0 33 143 141 255 
0.5171862 0.3738173 -6.050945 0 0 -0 32 146 140 255 
0.529438 0.2712946 -6.055746 0 0 -0 30 155 138 255 
0.5192035 0.190741 -6.030957 0 0 -0 33 143 141 255 
0.5292383 0.08810008 -6.006818 0 0 -0 33 145 140 255 
0.6317327 0.2205635 -3.178925 0 0 -0 61 78 138 255 
0.6494035 0.1314712 -3.190389 0 0 -0 62 73 137 255 
0.6457693 0.07087594 -3.165661 0 0 -0 62 74 137 255 
0.6494257 -0.003925204 -3.172403 0 0 -0 61 77 138 255 
0.5616634 -0.3984507 -5.972725 0 0 -0 35 136 142 255 
0.5705736 -0.5071802 -6.017508 0 0 -0 31 156 137 255 
0.5654144 -0.5863223 -5.979976 0 0 -0 31 149 139 255 
0.665377 -0.2925172 -3.179757 0 0 -0 72 26 108 255 
0.687228 -0.2923172 -2.682992 0 0 -0 42 118 142 255 
0.6695588 -0.493175 -3.473283 0 0 -0 35 138 141 255 
0.6726015 -0.5318205 -3.315889 0 0 -0 69 56 130 255 
0.6768904 -0.6044037 -3.297276 0 0 -0 72 35 116 255 
0.6862464 -0.7819915 -3.383066 0 0 -0 66 63 133 255 
0.6888818 -0.8568023 -3.432232 0 0 -0 42 119 142 255 
0.6849371 -0.9841688 -3.653573 0 0 -0 38 129 142 255 
0.6993248 -0.9905736 -3.311276 0 0 -0 39 173 129 255 
0.6662959 -1.392398 -4.651664 0 0 -0 72 22 104 255 
0.6885338 -1.348552 -4.156472 0 0 -0 58 83 139 255 
0.7052438 -1.309333 -3.663408 0 0 -0 55 91 141 255 
0.7567608 -1.188154 -2.373028 0 0 -0 71 14 97 255 
0.7593086 -1.218865 -2.22865 0 0 -0 71 16 99 255 
0.7601633 -1.266919 -2.146187 0 0 -0 72 23 105 255 
0.7650266 -1.257725 -1.875562 0 0 -0 72 28 110 255 
0.681332 1.440032 -1.420389 0 0 -0 48 105 142 255 
0.6715063 1.421861 -1.824157 0 0 -0 50 102 142 255 
0.6507077 1.409692 -2.267657 0 0 -0 46 111 142 255 
0.6392554 1.379064 -2.723651 0 0 -0 48 106 142 255 
0.6217083 1.351657 -3.324037 0 0 -0 49 103 142 255 
0.6059737 1.315769 -3.98555 0 0 -0 55 91 141 255 
0.5668855 1.29325 -4.857276 0 0 -0 253 231 37 255 
0.5432885 1.241418 -5.760413 0 0 -0 63 71 136 255 
0.5408968 1.152038 -6.059042 0 0 -0 36 134 142 255 
0.551537 1.050019 -6.079247 0 0 -0 35 138 141 255 
0.5410549 0.9673482 -6.066435 0 0 -0 35 137 142 255 
0.5519692 0.8645276 -6.018838 0 0 -0 38 130 142 255 
0.5612099 0.7636892 -6.037231 0 0 -0 35 137 142 255 
0.572527 0.6639273 -6.067749 0 0 -0 32 146 140 255 
0.5636659 0.5782402 -6.059957 0 0 -0 33 143 141 255 
0.5733338 0.4788214 -6.055671 0 0 -0 31 148 140 255 
0.5824333 0.3765389 -6.053316 0 0 -0 31 148 140 255 
0.5947351 0.2740201 -6.058069 0 0 -0 30 157 137 255 
0.5843672 0.1934578 -6.033364 0 0 -0 33 142 141 255 
0.5928096 0.08757579 -6.057059 0 0 -0 33 144 141 255 
0.6801493 0.2243524 -3.156766 0 0 -0 63 71 136 255 
0.6971725 0.1334656 -3.192068 0 0 -0 62 76 138 255 
0.6920136 0.06833839 -3.215145 0 0 -0 62 74 137 255 
0.6977931 0.0005530715 -3.150256 0 0 -0 63 72 137 255 
0.6262635 -0.3970981 -5.986947 0 0 -0 38 130 142 255 
0.6351655 -0.5074015 -6.043594 0 0 -0 31 158 137 255 
0.6294554 -0.5883057 -6.017985 0 0 -0 31 148 140 255 
0.7134836 -0.2888432 -3.169571 0 0 -0 72 27 109 255 
0.7310649 -0.2958224 -2.720145 0 0 -0 41 121 142 255 
0.7168509 -0.5063665 -3.569748 0 0 -0 32 147 140 255 
0.7144942 -0.5758212 -3.589648 0 0 -0 31 158 137 255 
0.7196906 -0.6446097 -3.535161 0 0 -0 31 160 136 255 
0.7285964 -0.7054788 -3.426553 0 0 -0 60 79 138 255 
0.7340358 -0.7916566 -3.443584 0 0 -0 44 115 142 255 
0.7383395 -0.8547357 -3.433924 0 0 -0 72 41 121 255 
0.733439 -1.004959 -3.760833 0 0 -0 31 148 140 255 
0.7478174 -0.9911978 -3.324639 0 0 -0 39 173 129 255 
0.7484679 -1.106825 -3.463087 0 0 -0 47 108 142 255 
0.7439369 -1.329076 -4.088384 0 0 -0 60 79 138 255 
0.754842 -1.325076 -3.734846 0 0 -0 44 113 142 255 
0.7690573 -1.326141 -3.096138 0 0 -0 72 23 105 255 
0.793511 -1.292108 -2.743508 0 0 -0 71 19 101 255 
0.7985092 -1.268359 -2.40255 0 0 -0 71 19 101 255 
0.8008341 -1.28283 -2.204911 0 0 -0 72 27 109 255 
0.8046294 -1.263354 -1.899782 0 0 -0 72 28 110 255 
0.7183814 1.440306 -1.409635 0 0 -0 46 111 142 255 
0.711408 1.421202 -1.801509 0 0 -0 50 101 142 255 
0.6929487 1.410389 -2.257062 0 0 -0 45 113 142 255 
0.6842879 1.379994 -2.713117 0 0 -0 47 107 142 255 
0.6700407 1.353681 -3.325563 0 0 -0 52 97 141 255 
0.6580044 1.318678 -3.999141 0 0 -0 51 98 141 255 
0.624997 1.295047 -4.847147 0 0 -0 253 231 37 255 
0.6062111 1.244575 -5.774386 0 0 -0 64 70 136 255 
0.6046228 1.156333 -6.10902 0 0 -0 37 132 142 255 
0.6168151 1.052756 -6.08123 0 0 -0 35 136 142 255 
0.6059197 0.9702625 -6.080497 0 0 -0 38 130 142 255 
0.6148692 0.8676568 -6.092838 0 0 -0 37 132 142 255 
0.624313 0.7661413 -6.111203 0 0 -0 33 143 141 255 
0.637184 0.6663488 -6.093694 0 0 -0 31 148 140 255 
0.628924 0.5809738 -6.06199 0 0 -0 35 136 142 255 
0.637641 0.4804557 -6.093642 0 0 -0 34 140 141 255 
0.6470833 0.3783109 -6.079259 0 0 -0 33 145 140 255 
0.6597537 0.2761627 -6.071971 0 0 -0 31 148 140 255 
0.6483306 0.193433 -6.083276 0 0 -0 32 146 140 255 
0.6584454 0.09112096 -6.047073 0 0 -0 34 141 141 255 
0.727398 0.225447 -3.170195 0 0 -0 61 77 138 255 
0.7449511 0.1354706 -3.193452 0 0 -0 60 79 138 255 
0.7407665 0.07373273 -3.180747 0 0 -0 63 72 137 255 
0.7442766 -0.002417326 -3.199403 0 0 -0 63 72 137 255 
0.6902544 -0.3997893 -6.036537 0 0 -0 43 116 142 255 
0.7000622 -0.5075963 -6.069288 0 0 -0 31 153 138 255 
0.6936972 -0.5918183 -6.067502 0 0 -0 33 145 140 255 
0.7595284 -0.2985727 -3.254128 0 0 -0 72 33 115 255 
0.7753484 -0.2992995 -2.757035 0 0 -0 41 121 142 255 
0.7677364 -0.4985433 -3.535635 0 0 -0 51 99 141 255 
0.7659681 -0.5637164 -3.531953 0 0 -0 50 100 142 255 
0.7651953 -0.6867917 -3.784646 0 0 -0 46 110 142 255 
0.7660082 -0.8323457 -4.111808 0 0 -0 45 113 142 255 
0.7720931 -0.925324 -4.12752 0 0 -0 38 130 142 255 
0.7776723 -0.9815576 -4.058032 0 0 -0 44 113 142 255 
0.7798818 -1.07146 -4.078884 0 0 -0 41 122 142 255 
0.7962825 -0.9944613 -3.349409 0 0 -0 42 176 127 255 
0.7922397 -1.199032 -3.86139 0 0 -0 37 133 142 255 
0.7976756 -1.323958 -4.078199 0 0 -0 31 149 139 255 
0.805469 -1.337796 -3.794371 0 0 -0 72 23 105 255 
0.8118342 -1.31564 -3.380585 0 0 -0 69 55 129 255 
0.8173177 -1.308104 -3.039657 0 0 -0 72 29 111 255 
0.8382132 -1.306711 -2.802365 0 0 -0 71 19 101 255 
0.8408594 -1.29044 -2.484221 0 0 -0 72 24 106 255 
0.8434968 -1.263426 -2.148705 0 0 -0 72 32 113 255 
0.8449109 -1.25802 -1.889468 0 0 -0 71 16 99 255 
0.7546393 1.443108 -1.422509 0 0 -0 45 113 142 255 
0.750083 1.423995 -1.814437 0 0 -0 52 96 141 255 
0.7353727 1.410033 -2.234258 0 0 -0 62 74 137 255 
0.7279389 1.384696 -2.750139 0 0 -0 45 112 142 255 
0.7189869 1.354055 -3.302857 0 0 -0 50 100 142 255 
0.7104803 1.320888 -4.00044 0 0 -0 52 97 141 255 
0.6826738 1.297474 -4.848637 0 0 -0 62 73 137 255 
0.669579 1.247242 -5.775989 0 0 -0 62 74 137 255 
0.6700606 1.159089 -6.110648 0 0 -0 38 129 142 255 
0.6807746 1.056903 -6.142781 0 0 -0 33 142 141 255 
0.6703873 0.9735703 -6.118155 0 0 -0 37 131 142 255 
0.6797328 0.8705523 -6.118473 0 0 -0 37 133 142 255 
0.6895882 0.7688584 -6.124811 0 0 -0 36 134 142 255 
0.7019021 0.6686418 -6.131242 0 0 -0 32 146 140 255 
0.6931823 0.5827153 -6.111601 0 0 -0 35 138 141 255 
0.7028828 0.48285 -6.107238 0 0 -0 35 137 142 255 
0.7120379 0.3801093 -6.104809 0 0 -0 33 142 141 255 
0.7240618 0.2759503 -6.133412 0 0 -0 30 155 138 255 
0.7133512 0.1948186 -6.108847 0 0 -0 32 146 140 255 
0.7228496 0.09065902 -6.096537 0 0 -0 34 141 141 255 
0.7213043 0.01014447 -6.078767 0 0 -0 41 123 142 255 
0.7460335 -0.1115615 -6.087469 0 0 -0 35 136 142 255 
0.7403592 -0.1953892 -6.060741 0 0 -0 42 118 142 255 
0.7451177 -0.3012472 -6.100595 0 0 -0 35 136 142 255 
0.7546583 -0.4037936 -6.097661 0 0 -0 31 148 140 255 
0.7654315 -0.5062981 -6.082679 0 0 -0 31 153 138 255 
0.7587115 -0.5937335 -6.104736 0 0 -0 33 145 140 255 
0.8081105 -0.2931925 -3.231479 0 0 -0 72 24 106 255 
0.8203932 -0.2991781 -2.76993 0 0 -0 40 125 142 255 
0.8155506 -0.5249608 -3.714459 0 0 -0 40 125 142 255 
0.8130496 -0.7393608 -4.092954 0 0 -0 39 126 142 255 
0.8200246 -0.8234231 -4.077631 0 0 -0 32 147 140 255 
0.8261986 -0.9160451 -4.093397 0 0 -0 31 161 135 255 
0.8309889 -0.9793073 -4.0592 0 0 -0 55 91 141 255 
0.8339192 -1.056504 -4.021425 0 0 -0 35 137 142 255 
0.845152 -0.9950492 -3.362183 0 0 -0 37 171 130 255 
0.8424551 -1.249466 -4.084363 0 0 -0 30 157 137 255 
0.8516384 -1.30738 -4.021069 0 0 -0 43 117 142 255 
0.8569051 -1.347502 -3.84197 0 0 -0 72 31 112 255 
0.8612362 -1.307387 -3.358453 0 0 -0 51 99 141 255 
0.8640552 -1.322141 -3.098506 0 0 -0 72 28 110 255 
0.8838497 -1.308078 -2.814809 0 0 -0 72 20 103 255 
0.8853651 -1.240835 -2.324045 0 0 -0 72 40 120 255 
0.8849476 -1.275763 -2.195463 0 0 -0 72 27 109 255 
0.884645 -1.278195 -1.958936 0 0 -0 72 20 103 255 
0.7913014 1.444659 -1.423233 0 0 -0 44 113 142 255 
0.7893912 1.424493 -1.803244 0 0 -0 52 96 141 255 
0.7750338 1.420274 -2.330697 0 0 -0 32 163 134 255 
0.7736968 1.38281 -2.703174 0 0 -0 49 104 142 255 
0.7669587 1.356927 -3.315755 0 0 -0 48 106 142 255 
0.7631795 1.322389 -3.989442 0 0 -0 53 95 141 255 
0.7419397 1.29553 -4.765905 0 0 -0 66 64 134 255 
0.7335989 1.248386 -5.74124 0 0 -0 62 76 138 255 
0.7344807 1.163847 -6.171833 0 0 -0 36 135 142 255 
0.7458612 1.060531 -6.179955 0 0 -0 36 135 142 255 
0.7351006 0.977101 -6.167414 0 0 -0 37 131 142 255 
0.7448991 0.8734743 -6.143713 0 0 -0 35 137 142 255 
0.7548364 0.7715561 -6.150017 0 0 -0 35 136 142 255 
0.7669002 0.6708159 -6.180396 0 0 -0 33 145 140 255 
0.7580382 0.5844958 -6.160821 0 0 -0 33 143 141 255 
0.7677756 0.484183 -6.156415 0 0 -0 34 141 141 255 
0.7771358 0.3814585 -6.141954 0 0 -0 32 147 140 255 
0.7893997 0.2769645 -6.170494 0 0 -0 31 150 139 255 
0.7783613 0.1948655 -6.157981 0 0 -0 34 140 141 255 
0.7878485 0.09023583 -6.145611 0 0 -0 34 141 141 255 
0.7862039 0.009351254 -6.127848 0 0 -0 32 146 140 255 
0.8111238 -0.1128866 -6.136386 0 0 -0 31 152 139 255 
0.8050241 -0.19935 -6.133574 0 0 -0 34 140 141 255 
0.8108063 -0.2984649 -6.101745 0 0 -0 32 146 140 255 
0.8200225 -0.4050555 -6.134551 0 0 -0 32 147 140 255 
0.8306635 -0.5093696 -6.131399 0 0 -0 31 154 138 255 
0.8244859 -0.5909474 -6.10588 0 0 -0 33 143 141 255 
0.8562184 -0.291154 -3.232297 0 0 -0 72 24 106 255 
0.865504 -0.300823 -2.794415 0 0 -0 40 125 142 255 
0.8524376 -0.8892667 -6.002059 0 0 -0 64 69 136 255 
0.8648409 -0.5893712 -3.711425 0 0 -0 71 19 101 255 
0.8620167 -0.8716536 -4.849949 0 0 -0 64 69 136 255 
0.8629193 -1.202477 -6.106943 0 0 -0 31 160 136 255 
0.8713956 -1.284934 -5.965784 0 0 -0 72 36 117 255 
0.8846341 -0.9600649 -3.977775 0 0 -0 72 28 110 255 
0.8878354 -1.006049 -3.799425 0 0 -0 50 102 142 255 
0.8941721 -0.9956193 -3.374658 0 0 -0 30 155 138 255 
0.8943955 -1.393859 -4.704059 0 0 -0 71 19 101 255 
0.9045569 -1.342313 -4.173374 0 0 -0 71 13 96 255 
0.9091915 -1.294802 -3.6451 0 0 -0 58 83 139 255 
0.9103801 -1.292966 -3.312821 0 0 -0 67 62 133 255 
0.9115618 -1.320126 -3.099252 0 0 -0 72 22 104 255 
0.9288746 -1.16771 -2.330819 0 0 -0 70 10 93 255 
0.9283231 -1.283326 -2.474231 0 0 -0 71 19 101 255 
0.9268833 -1.266938 -2.173143 0 0 -0 72 24 106 255 
0.9251009 -1.258269 -1.902396 0 0 -0 71 17 100 255 
0.8285043 1.442407 -1.387936 0 0 -0 47 108 142 255 
0.8288929 1.422677 -1.767922 0 0 -0 56 89 140 255 
0.8186604 1.413562 -2.235671 0 0 -0 253 231 37 255 
0.8178884 1.386598 -2.727695 0 0 -0 48 106 142 255 
0.8155495 1.357306 -3.292449 0 0 -0 50 102 142 255 
0.815879 1.323171 -3.966141 0 0 -0 52 97 141 255 
0.7986578 1.299847 -4.802629 0 0 -0 60 79 138 255 
0.7971846 1.249524 -5.706097 0 0 -0 58 83 139 255 
0.8000356 1.167448 -6.196648 0 0 -0 38 130 142 255 
0.811395 1.064191 -6.21673 0 0 -0 35 138 141 255 
0.8006671 0.9802845 -6.192286 0 0 -0 39 128 142 255 
0.8103639 0.8764226 -6.168556 0 0 -0 37 131 142 255 
0.8203825 0.7742802 -6.174826 0 0 -0 36 135 142 255 
0.832873 0.6736236 -6.181157 0 0 -0 33 145 140 255 
0.8236991 0.5868058 -6.185654 0 0 -0 37 132 142 255 
0.8334523 0.4862698 -6.181209 0 0 -0 34 139 141 255 
0.8425973 0.3823677 -6.190689 0 0 -0 33 145 140 255 
0.8552541 0.2785991 -6.195192 0 0 -0 31 150 139 255 
0.8442159 0.1969901 -6.170777 0 0 -0 34 141 141 255 
0.8536585 0.092242 -6.158371 0 0 -0 34 140 141 255 
0.8516962 0.008597136 -6.176531 0 0 -0 33 144 141 255 
0.8768526 -0.1131498 -6.17295 0 0 -0 31 152 139 255 
0.8708385 -0.1976655 -6.14628 0 0 -0 38 129 142 255 
0.8764534 -0.2969006 -6.114428 0 0 -0 41 123 142 255 
0.8860831 -0.3968673 -6.087574 0 0 -0 44 114 142 255 
0.8967041 -0.4992604 -6.072526 0 0 -0 48 106 142 255 
0.890141 -0.5943592 -6.154218 0 0 -0 35 137 142 255 
0.9043296 -0.2891053 -3.232817 0 0 -0 72 29 111 255 
0.9109102 -0.3024458 -2.818625 0 0 -0 40 125 142 255 
0.9176427 -0.8902798 -6.026408 0 0 -0 64 70 136 255 
0.9160067 -0.5533795 -3.510786 0 0 -0 61 77 138 255 
0.919856 -0.5962555 -3.314616 0 0 -0 72 40 120 255 
0.9287518 -1.184171 -6.02505 0 0 -0 50 102 142 255 
0.9318402 -0.7506387 -3.282552 0 0 -0 65 66 135 255 
0.9358737 -0.812443 -3.273115 0 0 -0 49 104 142 255 
0.9384688 -0.9100915 -3.365942 0 0 -0 42 119 142 255 
0.9428974 -0.9643949 -3.246385 0 0 -0 39 126 142 255 
0.945949 -1.009959 -3.093152 0 0 -0 60 80 139 255 
0.9544098 -1.114254 -3.253138 0 0 -0 41 123 142 255 
0.9579763 -1.188788 -3.238599 0 0 -0 39 127 142 255 
0.9587125 -1.266234 -3.220493 0 0 -0 41 123 142 255 
0.9589494 -1.311702 -3.076577 0 0 -0 72 26 108 255 
0.9717333 -1.169177 -2.342681 0 0 -0 72 24 106 255 
0.9723471 -1.295083 -2.520611 0 0 -0 72 26 108 255 
0.9687943 -1.268674 -2.18498 0 0 -0 72 29 111 255 
0.9653491 -1.260195 -1.914209 0 0 -0 72 20 103 255 
0.8677683 1.423173 -1.756245 0 0 -0 57 86 140 255 
0.8604105 1.414274 -2.224042 0 0 -0 253 231 37 255 
0.8626481 1.387555 -2.716059 0 0 -0 47 107 142 255 
0.8640164 1.356004 -3.244905 0 0 -0 64 70 136 255 
0.8681477 1.325405 -3.966472 0 0 -0 51 99 141 255 
0.8562167 1.301033 -4.77909 0 0 -0 52 96 141 255 
0.8601285 1.252213 -5.706529 0 0 -0 56 89 140 255 
0.8658288 1.171479 -6.233055 0 0 -0 38 130 142 255 
0.8774162 1.067595 -6.241107 0 0 -0 37 133 142 255 
0.866591 0.9832985 -6.204755 0 0 -0 38 129 142 255 
0.8760331 0.8795588 -6.216994 0 0 -0 36 135 142 255 
0.8860849 0.7768974 -6.247231 0 0 -0 34 139 141 255 
0.8987624 0.6758631 -6.229508 0 0 -0 34 141 141 255 
0.8896259 0.5889002 -6.222082 0 0 -0 36 134 142 255 
0.8994046 0.4880288 -6.217595 0 0 -0 34 141 141 255 
0.9086496 0.3833161 -6.239026 0 0 -0 33 145 140 255 
0.9214055 0.2802602 -6.219486 0 0 -0 31 151 139 255 
0.9102083 0.1984584 -6.195152 0 0 -0 33 142 141 255 
0.9196193 0.09268117 -6.194673 0 0 -0 34 141 141 255 
0.9177808 0.00876677 -6.21285 0 0 -0 32 146 140 255 
0.9429699 -0.1113408 -6.185202 0 0 -0 32 146 140 255 
0.9367415 -0.1926137 -6.122736 0 0 -0 66 64 134 255 
0.9380845 -0.1036418 -4.264555 0 0 -0 70 8 92 255 
0.9453608 -0.1658796 -4.060696 0 0 -0 70 7 90 255 
0.9546906 -0.2720655 -4.238491 0 0 -0 71 13 96 255 
0.9563006 -0.594633 -6.178355 0 0 -0 37 133 142 255 
0.9523388 -0.2837193 -3.209277 0 0 -0 72 27 109 255 
0.9565495 -0.3022707 -2.83069 0 0 -0 42 119 142 255 
0.966303 -0.4502932 -3.289402 0 0 -0 31 151 139 255 
0.9645554 -0.5135105 -3.286153 0 0 -0 31 150 139 255 
0.9683095 -0.5878835 -3.279381 0 0 -0 31 150 139 255 
0.9743364 -0.661844 -3.25365 0 0 -0 31 159 136 255 
0.9800748 -0.7415771 -3.247414 0 0 -0 32 163 134 255 
0.9839476 -0.800688 -3.226272 0 0 -0 31 158 137 255 
0.9863015 -0.8776217 -3.225363 0 0 -0 33 165 133 255 
0.9865456 -0.8485856 -2.743265 0 0 -0 62 73 137 255 
0.9860473 -0.8312204 -2.345957 0 0 -0 58 84 140 255 
0.9948988 -0.9323441 -2.519019 0 0 -0 60 80 139 255 
1.006443 -1.18968 -3.25036 0 0 -0 34 168 132 255 
1.006954 -1.264167 -3.220642 0 0 -0 31 161 135 255 
1.006585 -1.316066 -3.099871 0 0 -0 45 113 142 255 
1.015217 -1.180497 -2.388899 0 0 -0 72 28 110 255 
1.01583 -1.282991 -2.486179 0 0 -0 72 22 104 255 
1.011318 -1.28094 -2.230978 0 0 -0 72 23 105 255 
1.005586 -1.258471 -1.914342 0 0 -0 72 20 103 255 
0.9063874 1.42949 -1.804048 0 0 -0 50 102 142 255 
0.9018719 1.420335 -2.271918 0 0 -0 124 210 80 255 
0.9072981 1.386605 -2.680224 0 0 -0 46 109 142 255 
0.9118691 1.357215 -3.232976 0 0 -0 72 35 116 255 
0.9204144 1.32692 -3.954504 0 0 -0 53 95 141 255 
0.9134883 1.301583 -4.743215 0 0 -0 50 102 142 255 
0.9230703 1.254393 -5.694587 0 0 -0 60 79 138 255 
0.9320635 1.175543 -6.269056 0 0 -0 35 136 142 255 
0.9437889 1.07161 -6.289071 0 0 -0 36 134 142 255 
0.932757 0.987528 -6.288813 0 0 -0 35 136 142 255 
0.9422898 0.8827339 -6.265029 0 0 -0 37 132 142 255 
0.9524439 0.7797476 -6.247232 0 0 -0 37 133 142 255 
0.9652402 0.6781416 -6.277456 0 0 -0 33 145 140 255 
0.9560353 0.5907883 -6.270102 0 0 -0 35 136 142 255 
0.9657985 0.4898206 -6.253576 0 0 -0 35 137 142 255 
0.9751018 0.3857025 -6.250983 0 0 -0 33 144 141 255 
0.9879274 0.2813666 -6.255356 0 0 -0 31 148 140 255 
0.9766914 0.1979332 -6.255063 0 0 -0 34 139 141 255 
0.9861743 0.09157217 -6.254518 0 0 -0 33 143 141 255 
0.9843813 0.008087575 -6.260729 0 0 -0 32 146 140 255 
1.009739 -0.1145946 -6.256829 0 0 -0 31 151 139 255 
1.002822 -0.1931232 -6.158529 0 0 -0 65 66 135 255 
0.9922781 -0.09885275 -4.240633 0 0 -0 71 19 101 255 
1.000068 -0.1823412 -4.227568 0 0 -0 72 22 104 255 
1.008715 -0.2668231 -4.214563 0 0 -0 71 45 123 255 
1.022753 -0.5948801 -6.202085 0 0 -0 39 127 142 255 
1.000931 -0.2899587 -3.268626 0 0 -0 72 22 104 255 
1.002872 -0.3091702 -2.889945 0 0 -0 37 131 142 255 
1.013487 -0.4312016 -3.182644 0 0 -0 72 35 116 255 
1.012898 -0.5094421 -3.274234 0 0 -0 68 59 132 255 
1.023281 -0.6778976 -3.799158 0 0 -0 31 149 139 255 
1.027052 -0.7215793 -3.58378 0 0 -0 48 105 142 255 
1.022579 -0.6581235 -2.835294 0 0 -0 72 26 108 255 
1.019447 -0.6197863 -2.35643 0 0 -0 71 14 97 255 
1.021573 -0.6885026 -2.357261 0 0 -0 71 13 96 255 
1.029055 -0.8070093 -2.567582 0 0 -0 70 48 126 255 
1.028653 -0.8266197 -2.334165 0 0 -0 56 89 140 255 
1.035213 -0.8791287 -2.309089 0 0 -0 60 79 138 255 
1.063162 -1.30899 -3.726912 0 0 -0 71 14 97 255 
1.058577 -1.181925 -2.400234 0 0 -0 72 22 104 255 
1.060494 -1.294702 -2.532021 0 0 -0 72 26 108 255 
1.053499 -1.279123 -2.230828 0 0 -0 72 24 106 255 
1.047169 -1.278533 -1.982836 0 0 -0 71 19 101 255 
0.945234 1.427671 -1.768008 0 0 -0 49 103 142 255 
0.9437844 1.423212 -2.28368 0 0 -0 45 113 142 255 
0.9518945 1.392349 -2.727849 0 0 -0 46 111 142 255 
0.9600174 1.36435 -3.304544 0 0 -0 63 71 136 255 
0.9724588 1.327708 -3.930239 0 0 -0 56 89 140 255 
0.9705889 1.304681 -4.754922 0 0 -0 50 100 142 255 
0.9858629 1.25658 -5.682258 0 0 -0 58 84 140 255 
0.9987359 1.17964 -6.30465 0 0 -0 37 132 142 255 
1.010441 1.074778 -6.300638 0 0 -0 37 132 142 255 
0.9995041 0.9908036 -6.312468 0 0 -0 37 131 142 255 
1.008934 0.8857743 -6.288657 0 0 -0 38 130 142 255 
1.019357 0.7824764 -6.306824 0 0 -0 34 139 141 255 
1.032179 0.6805986 -6.312992 0 0 -0 32 147 140 255 
1.022687 0.5934232 -6.281721 0 0 -0 35 137 142 255 
1.032507 0.4919932 -6.277153 0 0 -0 34 141 141 255 
1.041972 0.3871828 -6.286513 0 0 -0 33 142 141 255 
1.05504 0.2819275 -6.302806 0 0 -0 31 148 140 255 
1.043356 0.2001342 -6.266641 0 0 -0 33 143 141 255 
1.053015 0.09287047 -6.278034 0 0 -0 34 141 141 255 
1.051274 0.009204686 -6.284262 0 0 -0 33 144 141 255 
1.076688 -0.1137429 -6.280218 0 0 -0 32 146 140 255 
1.06934 -0.1936002 -6.193912 0 0 -0 63 71 136 255 
1.047217 -0.1013993 -4.287998 0 0 -0 72 35 116 255 
1.055172 -0.1866794 -4.286781 0 0 -0 69 56 130 255 
1.064598 -0.2775402 -4.321318 0 0 -0 59 81 139 255 
1.089309 -0.5935566 -6.21351 0 0 -0 37 132 142 255 
1.097829 -0.6938953 -6.179684 0 0 -0 49 103 142 255 
1.048679 -0.3054118 -2.877713 0 0 -0 40 124 142 255 
1.112392 -0.8705251 -5.954861 0 0 -0 72 24 106 255 
1.06411 -0.5330863 -3.42769 0 0 -0 72 36 117 255 
1.069201 -0.6213241 -3.491568 0 0 -0 47 108 142 255 
1.04868 -0.4438421 -2.10917 0 0 -0 71 16 99 255 
1.054283 -0.5191547 -2.140423 0 0 -0 71 16 99 255 
1.0586 -0.581733 -2.17977 0 0 -0 72 22 104 255 
1.060699 -0.648783 -2.180958 0 0 -0 72 20 103 255 
1.062548 -0.6942688 -2.075644 0 0 -0 71 14 97 255 
1.070595 -0.8165084 -2.298757 0 0 -0 57 86 140 255 
1.078057 -0.8801347 -2.32034 0 0 -0 60 79 138 255 
1.100864 -1.170203 -2.365152 0 0 -0 72 26 108 255 
1.103618 -1.282608 -2.497052 0 0 -0 72 20 103 255 
1.093885 -1.256241 -2.161591 0 0 -0 71 14 97 255 
1.086352 -1.258627 -1.9253 0 0 -0 72 20 103 255 
0.9840123 1.429352 -1.76756 0 0 -0 51 98 141 255 
0.9851353 1.41965 -2.223478 0 0 -0 57 86 140 255 
0.9960482 1.390441 -2.679508 0 0 -0 44 113 142 255 
1.007813 1.363892 -3.268086 0 0 -0 55 90 140 255 
1.024504 1.329965 -3.929612 0 0 -0 56 88 140 255 
1.027271 1.305229 -4.718349 0 0 -0 52 96 141 255 
1.047896 1.256661 -5.621597 0 0 -0 58 84 140 255 
1.065684 1.183356 -6.327837 0 0 -0 37 132 142 255 
1.077412 1.078265 -6.323787 0 0 -0 36 135 142 255 
1.066377 0.9939002 -6.323715 0 0 -0 38 129 142 255 
1.075868 0.8888412 -6.311874 0 0 -0 37 131 142 255 
1.08626 0.7853461 -6.318005 0 0 -0 35 137 142 255 
1.099355 0.6832244 -6.336118 0 0 -0 33 143 141 255 
1.090048 0.5953803 -6.328917 0 0 -0 35 137 142 255 
1.099705 0.4938475 -6.312313 0 0 -0 34 141 141 255 
1.10928 0.3886959 -6.32163 0 0 -0 34 140 141 255 
1.122287 0.2836777 -6.325871 0 0 -0 33 145 140 255 
1.11122 0.1990204 -6.337707 0 0 -0 33 145 140 255 
1.120368 0.09341121 -6.313108 0 0 -0 35 138 141 255 
1.118677 0.009472966 -6.319351 0 0 -0 32 146 140 255 
1.14467 -0.1158953 -6.339058 0 0 -0 31 149 139 255 
1.136053 -0.1929381 -6.21694 0 0 -0 62 76 138 255 
1.102 -0.1002515 -4.299213 0 0 -0 72 37 118 255 
1.10946 -0.1829784 -4.274112 0 0 -0 59 82 139 255 
1.119373 -0.275161 -4.320539 0 0 -0 51 99 141 255 
1.156791 -0.5968344 -6.260218 0 0 -0 53 95 141 255 
1.165978 -0.7025971 -6.261952 0 0 -0 34 141 141 255 
1.095739 -0.310482 -2.924529 0 0 -0 39 126 142 255 
1.145846 -0.664328 -4.674359 0 0 -0 72 24 106 255 
1.11433 -0.5368721 -3.462493 0 0 -0 72 38 119 255 
1.085785 -0.3833506 -2.155942 0 0 -0 71 16 99 255 
1.089031 -0.4354454 -2.073196 0 0 -0 72 20 103 255 
1.095749 -0.5173528 -2.139812 0 0 -0 72 20 103 255 
1.098738 -0.5678684 -2.120392 0 0 -0 72 31 112 255 
1.099566 -0.624276 -2.07479 0 0 -0 72 28 110 255 
1.105934 -0.7109318 -2.156946 0 0 -0 72 33 115 255 
1.112432 -0.8091576 -2.27477 0 0 -0 56 88 140 255 
1.118992 -0.8640547 -2.26141 0 0 -0 57 85 140 255 
1.144449 -1.25356 -2.404298 0 0 -0 71 13 96 255 
1.133047 -1.229881 -2.080637 0 0 -0 72 40 120 255 
1.12702 -1.260502 -1.936123 0 0 -0 72 26 108 255 
1.022589 1.429867 -1.754935 0 0 -0 63 71 136 255 
1.026325 1.419301 -2.19888 0 0 -0 47 108 142 255 
1.040417 1.392373 -2.678743 0 0 -0 44 113 142 255 
1.055374 1.364277 -3.243309 0 0 -0 59 81 139 255 
1.076099 1.330754 -3.904712 0 0 -0 59 81 139 255 
1.084148 1.307706 -4.717376 0 0 -0 52 96 141 255 
1.110542 1.259911 -5.632479 0 0 -0 56 88 140 255 
1.134094 1.189183 -6.410563 0 0 -0 37 132 142 255 
1.144917 1.082079 -6.358519 0 0 -0 38 130 142 255 
1.134101 0.9976431 -6.370537 0 0 -0 38 130 142 255 
1.143583 0.8921212 -6.358671 0 0 -0 37 131 142 255 
1.153822 0.7881947 -6.352768 0 0 -0 35 137 142 255 
1.16682 0.6858769 -6.358828 0 0 -0 35 138 141 255 
1.157202 0.5980649 -6.339711 0 0 -0 35 136 142 255 
1.167336 0.4957348 -6.347053 0 0 -0 36 135 142 255 
1.176739 0.3906988 -6.344339 0 0 -0 33 143 141 255 
1.18982 0.2854543 -6.348518 0 0 -0 33 144 141 255 
1.178534 0.2012776 -6.348458 0 0 -0 34 139 141 255 
1.188155 0.09398478 -6.347765 0 0 -0 33 143 141 255 
1.1871 0.008029699 -6.377952 0 0 -0 31 149 139 255 
1.212416 -0.1149812 -6.361617 0 0 -0 33 145 140 255 
1.203053 -0.1922498 -6.239557 0 0 -0 65 68 135 255 
1.155643 -0.09422225 -4.262357 0 0 -0 71 47 125 255 
1.162603 -0.1752843 -4.225349 0 0 -0 36 135 142 255 
1.173801 -0.2713261 -4.307517 0 0 -0 48 105 142 255 
1.224516 -0.5985364 -6.294611 0 0 -0 52 97 141 255 
1.234454 -0.7079386 -6.320032 0 0 -0 33 143 141 255 
1.141611 -0.3067014 -2.911731 0 0 -0 42 118 142 255 
1.202136 -0.6580787 -4.649484 0 0 -0 72 24 106 255 
1.164258 -0.5366824 -3.473326 0 0 -0 72 40 120 255 
1.126951 -0.3794544 -2.143289 0 0 -0 72 22 104 255 
1.132317 -0.4468435 -2.143096 0 0 -0 72 27 109 255 
1.136444 -0.5109112 -2.11541 0 0 -0 72 26 108 255 
1.140869 -0.5708762 -2.143021 0 0 -0 72 35 116 255 
1.143002 -0.6375921 -2.144287 0 0 -0 72 38 119 255 
1.14794 -0.7117479 -2.167769 0 0 -0 72 40 120 255 
1.156794 -0.8210504 -2.332246 0 0 -0 60 79 138 255 
1.161683 -0.8650497 -2.272141 0 0 -0 57 86 140 255 
1.1797 -1.190654 -2.196272 0 0 -0 70 10 93 255 
1.178261 -1.259607 -2.18295 0 0 -0 71 16 99 255 
1.168262 -1.265985 -1.958127 0 0 -0 72 23 105 255 
1.061015 1.430384 -1.742074 0 0 -0 49 103 142 255 
1.067214 1.418949 -2.174033 0 0 -0 40 125 142 255 
1.08478 1.394314 -2.677704 0 0 -0 46 110 142 255 
1.103485 1.367226 -3.254142 0 0 -0 56 89 140 255 
1.128576 1.33451 -3.927395 0 0 -0 60 79 138 255 
1.140444 1.308897 -4.692095 0 0 -0 56 89 140 255 
1.17243 1.261576 -5.607021 0 0 -0 57 86 140 255 
1.201053 1.191707 -6.396945 0 0 -0 37 133 142 255 
1.213497 1.086537 -6.416811 0 0 -0 36 134 142 255 
1.202092 1.001213 -6.404941 0 0 -0 38 130 142 255 
1.211236 0.8952474 -6.381053 0 0 -0 39 126 142 255 
1.222479 0.7910413 -6.411103 0 0 -0 36 135 142 255 
1.235603 0.6881669 -6.417103 0 0 -0 33 143 141 255 
1.225839 0.5998647 -6.398061 0 0 -0 35 136 142 255 
1.236093 0.4969782 -6.405355 0 0 -0 36 135 142 255 
1.245195 0.3918209 -6.390605 0 0 -0 34 139 141 255 
1.258382 0.2861204 -6.394708 0 0 -0 32 146 140 255 
1.246704 0.2022337 -6.382745 0 0 -0 35 138 141 255 
1.255635 0.09614664 -6.358062 0 0 -0 35 136 142 255 
1.254781 0.01010811 -6.388271 0 0 -0 32 146 140 255 
1.281234 -0.1160481 -6.407656 0 0 -0 33 145 140 255 
1.270336 -0.1915351 -6.261756 0 0 -0 62 73 137 255 
1.210412 -0.09305239 -4.272906 0 0 -0 66 65 134 255 
1.216365 -0.1715834 -4.212025 0 0 -0 48 106 142 255 
1.223089 -0.2501926 -4.15129 0 0 -0 45 113 142 255 
1.291445 -0.5956032 -6.292898 0 0 -0 62 73 137 255 
1.302816 -0.7099396 -6.353924 0 0 -0 34 141 141 255 
1.189036 -0.3099579 -2.946102 0 0 -0 43 117 142 255 
1.257689 -0.6499543 -4.612423 0 0 -0 72 26 108 255 
1.214327 -0.5364759 -3.483849 0 0 -0 72 37 118 255 
1.167964 -0.3755562 -2.130385 0 0 -0 72 40 120 255 
1.173335 -0.4428294 -2.130198 0 0 -0 72 24 106 255 
1.178664 -0.5137236 -2.137825 0 0 -0 72 27 109 255 
1.180976 -0.5618435 -2.106649 0 0 -0 72 41 121 255 
1.183586 -0.6307409 -2.119714 0 0 -0 72 40 120 255 
1.189141 -0.7072893 -2.154935 0 0 -0 61 78 138 255 
1.19285 -0.780741 -2.167674 0 0 -0 70 10 93 255 
1.19917 -0.8348016 -2.154468 0 0 -0 72 27 109 255 
1.220651 -1.261268 -2.193239 0 0 -0 71 16 99 255 
1.206734 -1.249727 -1.911298 0 0 -0 72 22 104 255 
1.098948 1.429722 -1.717043 0 0 -0 47 107 142 255 
1.109152 1.422932 -2.196725 0 0 -0 43 116 142 255 
1.128442 1.394323 -2.652483 0 0 -0 47 107 142 255 
1.149953 1.365897 -3.204856 0 0 -0 52 97 141 255 
1.178756 1.333072 -3.865953 0 0 -0 65 68 135 255 
1.196798 1.310738 -4.678452 0 0 -0 58 84 140 255 
1.234015 1.263242 -5.581189 0 0 -0 55 91 141 255 
1.269764 1.196356 -6.442852 0 0 -0 39 127 142 255 
1.282009 1.090423 -6.450691 0 0 -0 39 128 142 255 
1.270897 1.005032 -6.450912 0 0 -0 39 128 142 255 
1.280747 0.8987991 -6.450987 0 0 -0 38 130 142 255 
1.291859 0.7939337 -6.469001 0 0 -0 35 137 142 255 
1.303853 0.690882 -6.438968 0 0 -0 35 138 141 255 
1.294381 0.6021564 -6.431999 0 0 -0 38 130 142 255 
1.303473 0.499943 -6.403282 0 0 -0 38 130 142 255 
1.313797 0.3934328 -6.424455 0 0 -0 35 137 142 255 
1.327074 0.2873911 -6.428491 0 0 -0 34 140 141 255 
1.31487 0.2038801 -6.404635 0 0 -0 37 133 142 255 
1.325021 0.09523082 -6.415811 0 0 -0 35 136 142 255 
1.322598 0.01220644 -6.398174 0 0 -0 34 139 141 255 
1.347819 -0.1110722 -6.381569 0 0 -0 38 129 142 255 
1.339284 -0.1940835 -6.319362 0 0 -0 63 72 137 255 
1.263449 -0.08702683 -4.235396 0 0 -0 64 70 136 255 
1.272833 -0.1758168 -4.269876 0 0 -0 50 101 142 255 
1.277302 -0.249263 -4.161439 0 0 -0 37 131 142 255 
1.358365 -0.5926566 -6.290776 0 0 -0 69 55 129 255 
1.368658 -0.7020413 -6.316131 0 0 -0 44 113 142 255 
1.233892 -0.3026451 -2.909013 0 0 -0 55 90 140 255 
1.315854 -0.6530781 -4.64608 0 0 -0 72 24 106 255 
1.263516 -0.5323195 -3.47041 0 0 -0 72 32 113 255 
1.209848 -0.3758105 -2.140849 0 0 -0 72 29 111 255 
1.216282 -0.4475809 -2.164198 0 0 -0 72 23 105 255 
1.222224 -0.5211337 -2.183506 0 0 -0 72 24 106 255 
1.222242 -0.5600241 -2.105273 0 0 -0 72 32 113 255 
1.226554 -0.6364528 -2.153506 0 0 -0 72 33 115 255 
1.229647 -0.7002039 -2.130154 0 0 -0 66 65 134 255 
1.22852 -0.748739 -2.037915 0 0 -0 70 7 90 255 
1.242458 -0.8414733 -2.187992 0 0 -0 72 35 116 255 
1.276474 -1.261396 -2.446567 0 0 -0 71 13 96 255 
1.263175 -1.262915 -2.203267 0 0 -0 72 20 103 255 
1.24579 -1.24072 -1.887094 0 0 -0 72 22 104 255 
1.13741 1.431422 -1.715654 0 0 -0 48 106 142 255 
1.149736 1.422583 -2.171379 0 0 -0 43 117 142 255 
1.172221 1.395301 -2.638951 0 0 -0 52 97 141 255 
1.197114 1.367138 -3.191183 0 0 -0 52 97 141 255 
1.229517 1.333858 -3.840124 0 0 -0 71 44 122 255 
1.251693 1.310621 -4.628542 0 0 -0 54 93 141 255 
1.295739 1.265447 -5.566965 0 0 -0 55 90 140 255 
1.337225 1.199337 -6.440389 0 0 -0 55 91 141 255 
1.345792 1.09092 -6.352286 0 0 -0 61 77 138 255 
1.336164 1.006923 -6.388546 0 0 -0 56 88 140 255 
1.344113 0.900858 -6.340621 0 0 -0 60 80 139 255 
1.355254 0.7970253 -6.358594 0 0 -0 59 81 139 255 
1.367453 0.6948544 -6.340515 0 0 -0 56 88 140 255 
1.358518 0.6066786 -6.345623 0 0 -0 57 86 140 255 
1.367381 0.5052439 -6.316901 0 0 -0 58 84 140 255 
1.376272 0.4008891 -6.302124 0 0 -0 57 85 140 255 
1.388936 0.296563 -6.294182 0 0 -0 58 84 140 255 
1.377753 0.2127476 -6.294414 0 0 -0 57 85 140 255 
1.385839 0.1082425 -6.257766 0 0 -0 59 81 139 255 
1.384895 0.02381212 -6.276119 0 0 -0 58 83 139 255 
1.408138 -0.0951255 -6.223672 0 0 -0 57 86 140 255 
1.4004 -0.1790943 -6.185521 0 0 -0 72 28 110 255 
1.318736 -0.08704138 -4.257204 0 0 -0 63 71 136 255 
1.327269 -0.1734077 -4.267796 0 0 -0 53 94 141 255 
1.336709 -0.2612286 -4.27836 0 0 -0 66 64 134 255 
1.321026 -0.3025129 -4.053027 0 0 -0 37 131 142 255 
1.324093 -0.3741122 -3.962539 0 0 -0 55 91 141 255 
1.448949 -0.8178812 -6.405156 0 0 -0 32 146 140 255 
1.369196 -0.6393387 -4.572819 0 0 -0 72 22 104 255 
1.314869 -0.536015 -3.503967 0 0 -0 72 32 113 255 
1.250699 -0.3719021 -2.12744 0 0 -0 72 20 103 255 
1.257281 -0.4435501 -2.150792 0 0 -0 72 23 105 255 
1.258542 -0.4985321 -2.076016 0 0 -0 72 24 106 255 
1.263497 -0.5581965 -2.103645 0 0 -0 72 28 110 255 
1.26386 -0.6170504 -2.069838 0 0 -0 72 22 104 255 
1.269855 -0.6931219 -2.105128 0 0 -0 72 22 104 255 
1.282398 -0.8044473 -2.2813 0 0 -0 66 64 134 255 
1.288686 -0.8594474 -2.267819 0 0 -0 56 89 140 255 
1.322594 -1.272988 -2.490764 0 0 -0 71 13 96 255 
1.305178 -1.261053 -2.20157 0 0 -0 71 19 101 255 
1.289098 -1.257014 -1.942626 0 0 -0 71 14 97 255 
1.175375 1.431942 -1.702098 0 0 -0 47 108 142 255 
1.190018 1.42223 -2.145792 0 0 -0 46 111 142 255 
1.217817 1.40019 -2.672955 0 0 -0 42 118 142 255 
1.244619 1.369246 -3.189181 0 0 -0 50 101 142 255 
1.282035 1.337648 -3.861851 0 0 -0 62 73 137 255 
1.308522 1.313778 -4.638165 0 0 -0 53 95 141 255 
1.357819 1.268203 -5.564341 0 0 -0 57 86 140 255 
1.397266 1.196316 -6.269783 0 0 -0 64 70 136 255 
1.406757 1.090434 -6.217566 0 0 -0 62 73 137 255 
1.39697 1.007244 -6.241892 0 0 -0 63 72 137 255 
1.407764 0.9031905 -6.265859 0 0 -0 63 72 137 255 
1.416207 0.800087 -6.223855 0 0 -0 61 78 138 255 
1.429291 0.698908 -6.229713 0 0 -0 59 82 139 255 
1.419943 0.6118181 -6.222921 0 0 -0 62 74 137 255 
1.429675 0.5108411 -6.218166 0 0 -0 60 80 139 255 
1.437838 0.4078496 -6.191419 0 0 -0 58 84 140 255 
1.449165 0.3056766 -6.159533 0 0 -0 57 86 140 255 
1.438718 0.2222204 -6.171867 0 0 -0 58 83 139 255 
1.448856 0.1158071 -6.183116 0 0 -0 56 89 140 255 
1.445118 0.03622514 -6.141759 0 0 -0 56 88 140 255 
1.469605 -0.08422065 -6.125161 0 0 -0 55 90 140 255 
1.461101 -0.1663435 -6.07521 0 0 -0 72 36 117 255 
1.372461 -0.08342326 -4.242897 0 0 -0 66 65 134 255 
1.380443 -0.1683547 -4.24156 0 0 -0 66 64 134 255 
1.388039 -0.2516468 -4.216423 0 0 -0 68 59 132 255 
1.478973 -0.554713 -6.035689 0 0 -0 68 58 131 255 
1.374776 -0.3668597 -3.924591 0 0 -0 67 61 132 255 
1.513371 -0.8061218 -6.342854 0 0 -0 48 105 142 255 
1.426239 -0.6386973 -4.5821 0 0 -0 72 23 105 255 
1.362729 -0.5279171 -3.466277 0 0 -0 72 37 118 255 
1.29468 -0.378346 -2.172794 0 0 -0 71 13 96 255 
1.296127 -0.4329622 -2.101794 0 0 -0 71 17 100 255 
1.304993 -0.5151262 -2.16821 0 0 -0 72 20 103 255 
1.306099 -0.5611501 -2.12524 0 0 -0 71 19 101 255 
1.309677 -0.6327622 -2.149979 0 0 -0 72 20 103 255 
1.312512 -0.6965243 -2.126623 0 0 -0 72 20 103 255 
1.329619 -0.8217117 -2.361008 0 0 -0 62 73 137 255 
1.330999 -0.857563 -2.265857 0 0 -0 61 78 138 255 
1.367815 -1.277792 -2.511683 0 0 -0 71 16 99 255 
1.348619 -1.266164 -2.22253 0 0 -0 72 27 109 255 
1.213743 1.433654 -1.700241 0 0 -0 48 106 142 255 
1.232217 1.426251 -2.167713 0 0 -0 42 120 142 255 
1.262706 1.403146 -2.682775 0 0 -0 49 181 123 255 
1.291536 1.370496 -3.174934 0 0 -0 50 101 142 255 
1.332477 1.338441 -3.8354 0 0 -0 55 90 140 255 
1.36606 1.317614 -4.659403 0 0 -0 52 97 141 255 
1.418697 1.269876 -5.537391 0 0 -0 59 82 139 255 
1.457645 1.194947 -6.146772 0 0 -0 63 72 137 255 
1.466705 1.090207 -6.094496 0 0 -0 62 74 137 255 
1.457203 1.007949 -6.118876 0 0 -0 62 74 137 255 
1.467443 0.9049491 -6.130809 0 0 -0 62 76 138 255 
1.475523 0.8030897 -6.088782 0 0 -0 59 81 139 255 
1.48851 0.7031487 -6.094601 0 0 -0 60 80 139 255 
1.478617 0.6173317 -6.075918 0 0 -0 62 74 137 255 
1.489491 0.5170497 -6.095124 0 0 -0 59 82 139 255 
1.49741 0.4152047 -6.068395 0 0 -0 60 79 138 255 
1.509088 0.31362 -6.048493 0 0 -0 60 80 139 255 
1.498846 0.2309934 -6.060947 0 0 -0 58 83 139 255 
1.508983 0.1256394 -6.072228 0 0 -0 60 80 139 255 
1.504368 0.04772329 -6.019021 0 0 -0 55 91 141 255 
1.527126 -0.06939209 -5.978545 0 0 -0 56 89 140 255 
1.51978 -0.1525517 -5.952627 0 0 -0 70 50 126 255 
1.51944 -0.2429669 -5.849394 0 0 -0 72 31 112 255 
1.529503 -0.3445411 -5.858241 0 0 -0 72 38 119 255 
1.539909 -0.4463139 -5.85498 0 0 -0 71 46 124 255 
1.541499 -0.5457103 -5.984882 0 0 -0 62 73 137 255 
1.550676 -0.6489584 -5.986786 0 0 -0 55 91 141 255 
1.444812 -0.4729371 -4.099703 0 0 -0 33 143 141 255 
1.484868 -0.641765 -4.614691 0 0 -0 71 16 99 255 
1.415942 -0.5354879 -3.522838 0 0 -0 72 33 115 255 
1.36406 -0.4550529 -2.618994 0 0 -0 69 56 130 255 
1.33881 -0.4354844 -2.123233 0 0 -0 71 14 97 255 
1.347369 -0.5155644 -2.177815 0 0 -0 71 13 96 255 
1.349728 -0.5664735 -2.158304 0 0 -0 71 14 97 255 
1.34444 -0.6083844 -2.042423 0 0 -0 71 17 100 255 
1.337985 -0.6397237 -1.879057 0 0 -0 71 13 96 255 
1.369442 -0.808864 -2.312147 0 0 -0 62 76 138 255 
1.367885 -0.8358878 -2.18218 0 0 -0 66 65 134 255 
1.2521 1.435372 -1.698147 0 0 -0 49 103 142 255 
1.273439 1.428097 -2.1655 0 0 -0 42 119 142 255 
1.303891 1.400217 -2.620658 0 0 -0 253 231 37 255 
1.339586 1.373492 -3.184304 0 0 -0 51 99 141 255 
1.383932 1.340748 -3.832565 0 0 -0 52 96 141 255 
1.419956 1.317487 -4.608497 0 0 -0 53 95 141 255 
1.479262 1.271548 -5.510075 0 0 -0 59 81 139 255 
1.51586 1.193091 -6.011459 0 0 -0 62 74 137 255 
1.52723 1.090891 -6.007031 0 0 -0 58 83 139 255 
1.517979 1.009286 -6.031469 0 0 -0 64 70 136 255 
1.526862 0.9068739 -6.0194 0 0 -0 62 73 137 255 
1.536699 0.8060277 -6.01329 0 0 -0 59 81 139 255 
1.54609 0.7073299 -5.959173 0 0 -0 55 91 141 255 
1.539025 0.6217294 -5.988491 0 0 -0 61 77 138 255 
1.547818 0.5232052 -5.971756 0 0 -0 60 79 138 255 
1.556942 0.4216325 -5.968989 0 0 -0 57 85 140 255 
1.568405 0.3209648 -5.949087 0 0 -0 58 84 140 255 
1.557632 0.23972 -5.949695 0 0 -0 61 78 138 255 
1.565558 0.1377095 -5.925149 0 0 -0 61 78 138 255 
1.563596 0.05746317 -5.919853 0 0 -0 60 80 139 255 
1.585149 -0.05759215 -5.867431 0 0 -0 65 68 135 255 
1.581497 -0.1453136 -5.901287 0 0 -0 64 70 136 255 
1.588125 -0.2472684 -5.917287 0 0 -0 63 71 136 255 
1.593701 -0.3416595 -5.854602 0 0 -0 67 62 133 255 
1.288322 1.43351 -1.660062 0 0 -0 50 102 142 255 
1.308338 1.420037 -2.055676 0 0 -0 46 111 142 255 
1.344331 1.397264 -2.558314 0 0 -0 63 188 115 255 
1.376227 1.362505 -3.002233 0 0 -0 65 68 135 255 
1.471068 1.315342 -4.5214 0 0 -0 67 62 133 255 
1.321756 1.428037 -1.586025 0 0 -0 44 113 142 255 
1.319471 1.379885 -1.599891 0 0 -0 40 124 142 255 
