ply
format ascii 1.0
comment VCGLIB generated
element vertex 5163
property float x
property float y
property float z
property float nx
property float ny
property float nz
property uchar red
property uchar green
property uchar blue
property uchar alpha
element face 0
property list uchar int vertex_indices
end_header
-1.828837 0.7081221 -2.237169 0 0 0 47 108 142 255 
-1.882619 0.6920246 -1.921765 0 0 0 38 130 142 255 
-1.784438 0.7123715 -2.26154 0 0 0 46 110 142 255 
-1.929031 0.6678919 -1.633114 0 0 0 54 92 141 255 
-1.853596 0.6864263 -1.901484 0 0 0 39 127 142 255 
-1.760162 0.7017506 -2.218167 0 0 0 42 118 142 255 
-1.979236 0.6511416 -1.359306 0 0 0 46 111 142 255 
-1.905344 0.6596884 -1.601988 0 0 0 52 97 141 255 
-1.817805 0.68598 -1.903429 0 0 0 37 131 142 255 
-1.722432 0.7010099 -2.219565 0 0 0 42 118 142 255 
-2.016843 0.6402619 -1.128959 0 0 0 41 121 142 255 
-1.950252 0.648416 -1.350819 0 0 0 46 110 142 255 
-1.881991 0.6514995 -1.570757 0 0 0 52 96 141 255 
-1.789037 0.6803708 -1.882791 0 0 0 38 130 142 255 
-1.691731 0.6953298 -2.198323 0 0 0 44 113 142 255 
-2.049855 0.6320537 -0.921738 0 0 0 36 134 142 255 
-1.989268 0.6376533 -1.120702 0 0 0 40 124 142 255 
-1.939438 0.6318477 -1.286654 0 0 0 48 105 142 255 
-1.855345 0.6459799 -1.550547 0 0 0 52 96 141 255 
-1.760467 0.6747642 -1.861997 0 0 0 39 126 142 255 
-1.657611 0.6921003 -2.188087 0 0 0 44 114 142 255 
-2.027242 0.6265672 -0.9026618 0 0 0 39 128 142 255 
-1.961744 0.6350346 -1.112276 0 0 0 40 124 142 255 
-1.907212 0.631893 -1.288996 0 0 0 50 101 142 255 
-1.821501 0.6457571 -1.552405 0 0 0 52 96 141 255 
-1.721027 0.6768234 -1.874435 0 0 0 39 127 142 255 
-1.627246 0.6864156 -2.166487 0 0 0 44 115 142 255 
-2.128581 0.5939291 -0.5036984 0 0 0 48 106 142 255 
-2.081774 0.5943455 -0.6528619 0 0 0 52 96 141 255 
-2.004819 0.6210847 -0.8834682 0 0 0 37 133 142 255 
-1.945563 0.6238146 -1.070593 0 0 0 44 113 142 255 
-1.874905 0.6319151 -1.291123 0 0 0 48 106 142 255 
-1.795109 0.6402291 -1.531867 0 0 0 52 97 141 255 
-1.685132 0.6762968 -1.875482 0 0 0 37 133 142 255 
-1.589564 0.6856051 -2.166984 0 0 0 43 117 142 255 
-2.153562 0.5878621 -0.3459836 0 0 0 253 231 37 255 
-2.108671 0.5884725 -0.4851933 0 0 0 47 108 142 255 
-2.060956 0.5889114 -0.6340368 0 0 0 52 97 141 255 
-1.978751 0.618577 -0.8751347 0 0 0 37 131 142 255 
-1.926015 0.6154813 -1.039882 0 0 0 47 107 142 255 
-1.842515 0.6319122 -1.293028 0 0 0 48 105 142 255 
-1.757409 0.6426075 -1.544372 0 0 0 51 98 141 255 
-1.660646 0.6681204 -1.843032 0 0 0 38 130 142 255 
-1.578622 0.6677567 -2.089463 0 0 0 61 78 138 255 
-2.17781 0.5821782 -0.1939243 0 0 0 63 71 136 255 
-2.080089 0.6282343 -0.4798087 0 0 0 45 178 125 255 
-2.085047 0.5861872 -0.4774868 0 0 0 50 101 142 255 
-2.028627 0.5926499 -0.6478964 0 0 0 50 101 142 255 
-1.960537 0.6101324 -0.8447313 0 0 0 38 130 142 255 
-1.895095 0.6157176 -1.042046 0 0 0 51 98 141 255 
-1.817845 0.6264088 -1.272687 0 0 0 46 110 142 255 
-1.742916 0.6291807 -1.49037 0 0 0 55 90 140 255 
-1.6365 0.6599584 -1.810475 0 0 0 37 131 142 255 
-1.533483 0.6717905 -2.111787 0 0 0 44 114 142 255 
-2.163904 0.5732877 -0.1650273 0 0 0 61 77 138 255 
-2.123928 0.5703722 -0.2876094 0 0 0 253 231 37 255 
-2.065438 0.5807343 -0.4587606 0 0 0 50 101 142 255 
-2.007975 0.587206 -0.6287929 0 0 0 50 101 142 255 
-1.93471 0.6076191 -0.8361241 0 0 0 37 133 142 255 
-1.876002 0.607399 -1.011114 0 0 0 50 100 142 255 
-1.797338 0.6181745 -1.241227 0 0 0 49 103 142 255 
-1.701229 0.6341459 -1.513479 0 0 0 50 100 142 255 
-1.596832 0.6619264 -1.821974 0 0 0 38 130 142 255 
-1.503871 0.6661038 -2.089512 0 0 0 40 124 142 255 
-1.393629 0.6756963 -2.413074 0 0 0 50 102 142 255 
-2.201136 0.553669 -0.002563929 0 0 0 48 105 142 255 
-2.142239 0.571168 -0.1576564 0 0 0 63 72 137 255 
-2.040987 0.6171076 -0.4422945 0 0 0 33 165 133 255 
-2.054085 0.5689815 -0.4182281 0 0 0 54 93 141 255 
-1.991547 0.5787238 -0.5986998 0 0 0 50 101 142 255 
-1.900864 0.6109966 -0.8491742 0 0 0 36 134 142 255 
-1.833017 0.6161221 -1.045741 0 0 0 42 119 142 255 
-1.769092 0.6154093 -1.23162 0 0 0 47 108 142 255 
-1.679396 0.6259881 -1.4813 0 0 0 51 99 141 255 
-1.577128 0.6512471 -1.7781 0 0 0 46 111 142 255 
-1.47447 0.6604193 -2.067078 0 0 0 42 118 142 255 
-1.354179 0.6745252 -2.412072 0 0 0 48 105 142 255 
-2.229085 0.5429578 0.1421519 0 0 0 49 104 142 255 
-2.188656 0.5447127 0.02605751 0 0 0 50 101 142 255 
-2.12883 0.5623022 -0.1286307 0 0 0 59 81 139 255 
-2.042229 0.5952759 -0.3694069 0 0 0 253 231 37 255 
-2.014468 0.579281 -0.4534978 0 0 0 57 86 140 255 
-1.959031 0.5824037 -0.611994 0 0 0 49 103 142 255 
-1.879117 0.6055084 -0.8293175 0 0 0 37 131 142 255 
-1.814174 0.6077972 -1.014524 0 0 0 41 121 142 255 
-1.736803 0.6153547 -1.232782 0 0 0 46 109 142 255 
-1.653792 0.620454 -1.460003 0 0 0 53 95 141 255 
-1.549696 0.6456285 -1.75616 0 0 0 50 101 142 255 
-1.44117 0.6571404 -2.055504 0 0 0 42 118 142 255 
-1.33108 0.6641672 -2.366638 0 0 0 45 112 142 255 
-2.252408 0.534134 0.2740927 0 0 0 46 109 142 255 
-2.217626 0.5338715 0.1704863 0 0 0 49 103 142 255 
-2.16817 0.5426864 0.03328539 0 0 0 50 101 142 255 
-2.09905 0.5669042 -0.1425169 0 0 0 44 113 142 255 
-2.023479 0.5897589 -0.3505266 0 0 0 31 148 140 255 
-2.011895 0.5612676 -0.3911872 0 0 0 63 71 136 255 
-1.934639 0.5799894 -0.6033692 0 0 0 50 101 142 255 
-1.861736 0.5970882 -0.7984895 0 0 0 37 131 142 255 
-1.787315 0.6051393 -1.005019 0 0 0 41 123 142 255 
-1.716955 0.6071389 -1.200966 0 0 0 46 109 142 255 
-1.620038 0.6201267 -1.460461 0 0 0 50 102 142 255 
-1.50996 0.6475376 -1.766982 0 0 0 36 134 142 255 
-1.407944 0.6538504 -2.043724 0 0 0 41 122 142 255 
-1.295953 0.6606887 -2.354184 0 0 0 49 103 142 255 
-2.267458 0.5345469 0.3814359 0 0 0 41 122 142 255 
-2.229209 0.5359139 0.2703188 0 0 0 45 112 142 255 
-2.198027 0.5319232 0.1775398 0 0 0 51 98 141 255 
-2.14773 0.5406544 0.04063942 0 0 0 50 101 142 255 
-2.073288 0.5681171 -0.1454612 0 0 0 38 130 142 255 
-1.987965 0.5972152 -0.374549 0 0 0 33 142 141 255 
-1.984622 0.5621076 -0.3936605 0 0 0 65 66 135 255 
-1.918776 0.5715228 -0.57297 0 0 0 53 95 141 255 
-1.8362 0.5945471 -0.7892734 0 0 0 38 129 142 255 
-1.747797 0.6109233 -1.027948 0 0 0 39 127 142 255 
-1.684721 0.6070579 -1.201758 0 0 0 46 109 142 255 
-1.603189 0.6093976 -1.417008 0 0 0 52 96 141 255 
-1.486975 0.6394018 -1.733735 0 0 0 36 135 142 255 
-1.374791 0.6505488 -2.03174 0 0 0 42 119 142 255 
-1.269386 0.6526451 -2.31953 0 0 0 49 103 142 255 
-2.249145 0.5327123 0.3881816 0 0 0 42 119 142 255 
-2.21881 0.5266916 0.2984772 0 0 0 47 108 142 255 
-2.191348 0.5193129 0.2165978 0 0 0 54 92 141 255 
-2.127337 0.5386149 0.04811789 0 0 0 50 100 142 255 
-2.056052 0.5626121 -0.1268486 0 0 0 38 129 142 255 
-1.982231 0.5819777 -0.3232158 0 0 0 58 186 118 255 
-1.974486 0.5504234 -0.3529187 0 0 0 65 66 135 255 
-1.903238 0.5630748 -0.54252 0 0 0 51 98 141 255 
-1.806413 0.5949197 -0.7907131 0 0 0 38 130 142 255 
-1.725164 0.6054167 -1.007197 0 0 0 41 123 142 255 
-1.656724 0.6042554 -1.191458 0 0 0 49 104 142 255 
-1.578192 0.6038741 -1.395312 0 0 0 71 46 124 255 
-1.447105 0.6412629 -1.744071 0 0 0 37 132 142 255 
-1.350333 0.64247 -1.997667 0 0 0 41 123 142 255 
-1.234554 0.6491559 -2.306695 0 0 0 50 102 142 255 
-2.30193 0.4995323 0.5540227 0 0 0 57 85 140 255 
-2.230873 0.5308726 0.395039 0 0 0 41 122 142 255 
-2.191269 0.5321063 0.2843935 0 0 0 45 112 142 255 
-2.150243 0.5350941 0.1707984 0 0 0 60 80 139 255 
-2.09827 0.5434389 0.03444479 0 0 0 50 102 142 255 
-2.030255 0.5637977 -0.1294794 0 0 0 37 133 142 255 
-1.968344 0.573243 -0.2933402 0 0 0 32 164 134 255 
-1.929828 0.5637234 -0.3980348 0 0 0 68 57 131 255 
-1.874907 0.5636723 -0.5443103 0 0 0 50 100 142 255 
-1.789679 0.5865213 -0.7595862 0 0 0 38 129 142 255 
-1.707104 0.5971099 -0.9755143 0 0 0 41 122 142 255 
-1.637541 0.5960584 -1.159299 0 0 0 46 109 142 255 
-1.540256 0.6060973 -1.406099 0 0 0 54 92 141 255 
-1.428911 0.6306453 -1.699647 0 0 0 40 125 142 255 
-1.321846 0.6367829 -1.974411 0 0 0 42 120 142 255 
-1.191051 0.6501823 -2.31553 0 0 0 50 102 142 255 
-2.300321 0.5115965 0.6108006 0 0 0 50 100 142 255 
-2.284685 0.4977898 0.5605693 0 0 0 56 89 140 255 
-2.203779 0.53656 0.3810166 0 0 0 41 123 142 255 
-2.176795 0.5265462 0.3021468 0 0 0 46 109 142 255 
-2.135073 0.5295743 0.1888416 0 0 0 63 72 137 255 
-2.08669 0.5345156 0.06345168 0 0 0 50 102 142 255 
-2.013254 0.5582916 -0.1106524 0 0 0 37 131 142 255 
-1.937023 0.5774151 -0.3061209 0 0 0 74 193 109 255 
-1.911191 0.5582758 -0.3785221 0 0 0 66 65 134 255 
-1.842061 0.5672514 -0.556639 0 0 0 51 98 141 255 
-1.764387 0.5839611 -0.7499267 0 0 0 38 130 142 255 
-1.684935 0.5916198 -0.9545622 0 0 0 41 123 142 255 
-1.600924 0.5986229 -1.170345 0 0 0 49 104 142 255 
-1.519912 0.5979881 -1.373226 0 0 0 52 96 141 255 
-1.406753 0.6225396 -1.666051 0 0 0 45 113 142 255 
-1.293571 0.6311004 -1.951005 0 0 0 42 120 142 255 
-1.169576 0.6398882 -2.269469 0 0 0 52 96 141 255 
-2.327165 0.5256707 0.7505922 0 0 0 48 105 142 255 
-2.339333 0.4870863 0.7612362 0 0 0 56 89 140 255 
-2.283417 0.5098779 0.6173502 0 0 0 50 102 142 255 
-2.263012 0.4998921 0.5567715 0 0 0 57 86 140 255 
-2.189963 0.5309346 0.3986194 0 0 0 41 123 142 255 
-2.131035 0.5464785 0.2463664 0 0 0 45 113 142 255 
-2.12457 0.52053 0.2175055 0 0 0 54 92 141 255 
-2.070933 0.5290337 0.08189306 0 0 0 50 102 142 255 
-2.000942 0.5494643 -0.08113253 0 0 0 38 130 142 255 
-1.946034 0.5526184 -0.2228323 0 0 0 226 228 24 255 
-1.888237 0.5559396 -0.3695995 0 0 0 62 74 137 255 
-1.818016 0.5648042 -0.547295 0 0 0 47 108 142 255 
-1.739157 0.5813923 -0.740112 0 0 0 39 128 142 255 
-1.662962 0.5861332 -0.9334973 0 0 0 41 121 142 255 
-1.591163 0.5850766 -1.116361 0 0 0 59 82 139 255 
-1.499905 0.589897 -1.340278 0 0 0 52 97 141 255 
-1.366901 0.6243501 -1.675738 0 0 0 46 111 142 255 
-1.265511 0.6254204 -1.927451 0 0 0 42 120 142 255 
-1.135059 0.6363727 -2.256021 0 0 0 58 84 140 255 
-2.32476 0.5114703 0.7878241 0 0 0 45 113 142 255 
-2.332445 0.4773193 0.7882277 0 0 0 56 88 140 255 
-2.266555 0.5081534 0.6240045 0 0 0 51 98 141 255 
-2.250321 0.494288 0.5739796 0 0 0 57 86 140 255 
-2.171756 0.5290702 0.4058385 0 0 0 40 124 142 255 
-2.143818 0.5190809 0.3273555 0 0 0 46 111 142 255 
-2.105267 0.5185546 0.2251303 0 0 0 49 104 142 255 
-2.050799 0.526974 0.08984506 0 0 0 50 100 142 255 
-1.975231 0.5506211 -0.08334545 0 0 0 38 130 142 255 
-1.905746 0.5631989 -0.2566083 0 0 0 30 155 138 255 
-1.837901 0.5721868 -0.4244549 0 0 0 37 131 142 255 
-1.798602 0.5593613 -0.5271191 0 0 0 51 99 141 255 
-1.713988 0.5788159 -0.7301437 0 0 0 37 131 142 255 
-1.636613 0.5834358 -0.923062 0 0 0 41 121 142 255 
-1.559123 0.5849378 -1.11625 0 0 0 63 71 136 255 
-1.466492 0.5895049 -1.339633 0 0 0 52 96 141 255 
-1.340586 0.6187196 -1.652684 0 0 0 41 123 142 255 
-1.233086 0.6220997 -1.914588 0 0 0 41 122 142 255 
-1.109782 0.6283614 -2.220636 0 0 0 51 98 141 255 
-2.313552 0.5056615 0.8044802 0 0 0 46 110 142 255 
-2.298208 0.4919307 0.753355 0 0 0 54 92 141 255 
-2.258942 0.498531 0.6514716 0 0 0 50 102 142 255 
-2.228601 0.4963657 0.5704452 0 0 0 57 86 140 255 
-2.158226 0.5234538 0.4235874 0 0 0 42 120 142 255 
-2.120558 0.5207911 0.3244012 0 0 0 46 111 142 255 
-2.076764 0.5236096 0.2118751 0 0 0 50 100 142 255 
-2.026089 0.5283168 0.08738685 0 0 0 47 108 142 255 
-1.958719 0.5451295 -0.06425601 0 0 0 38 129 142 255 
-1.869619 0.570516 -0.2794397 0 0 0 39 173 129 255 
-1.819298 0.5667028 -0.4044641 0 0 0 42 176 127 255 
-1.78866 0.5479606 -0.4855339 0 0 0 53 95 141 255 
-1.693524 0.5733418 -0.7093384 0 0 0 38 130 142 255 
-1.605684 0.583507 -0.9231758 0 0 0 39 126 142 255 
-1.527016 0.5847759 -1.115916 0 0 0 48 105 142 255 
-1.437665 0.5865356 -1.327993 0 0 0 51 99 141 255 
-1.314482 0.6130931 -1.629493 0 0 0 38 130 142 255 
-1.196093 0.6211166 -1.912339 0 0 0 43 117 142 255 
-1.08486 0.620366 -2.185147 0 0 0 49 104 142 255 
-2.293152 0.5082046 0.800716 0 0 0 45 112 142 255 
-2.296201 0.478114 0.7907721 0 0 0 55 91 141 255 
-2.2563 0.4849902 0.6892643 0 0 0 52 97 141 255 
-2.22546 0.483104 0.6085527 0 0 0 57 85 140 255 
-2.140177 0.5215847 0.4310023 0 0 0 42 120 142 255 
-2.101906 0.5188602 0.33205 0 0 0 46 111 142 255 
-2.066803 0.5145876 0.2407382 0 0 0 50 102 142 255 
-2.024754 0.5126326 0.1376446 0 0 0 49 103 142 255 
-1.937687 0.5429513 -0.05562417 0 0 0 40 125 142 255 
-1.866078 0.5554244 -0.2280013 0 0 0 60 80 139 255 
-1.772657 0.5797347 -0.4479805 0 0 0 38 173 129 255 
-1.750942 0.5544426 -0.5077486 0 0 0 53 95 141 255 
-1.668547 0.5707568 -0.699088 0 0 0 38 130 142 255 
-1.58411 0.5780162 -0.9017057 0 0 0 42 118 142 255 
-1.513687 0.5739579 -1.072511 0 0 0 50 102 142 255 
-1.39005 0.593743 -1.359122 0 0 0 53 95 141 255 
-1.28859 0.6074718 -1.60617 0 0 0 38 129 142 255 
-1.168476 0.6154262 -1.888267 0 0 0 43 116 142 255 
-1.032015 0.6257596 -2.214409 0 0 0 49 104 142 255 
-2.267919 0.5148946 0.786898 0 0 0 45 113 142 255 
-2.28515 0.4724251 0.807614 0 0 0 56 89 140 255 
-2.230422 0.49115 0.6754899 0 0 0 50 101 142 255 
-2.203826 0.485171 0.605228 0 0 0 56 89 140 255 
-2.112654 0.5271749 0.4178008 0 0 0 39 127 142 255 
-2.088059 0.5133099 0.3502191 0 0 0 45 112 142 255 
-2.028625 0.5266106 0.2069349 0 0 0 48 106 142 255 
-1.995453 0.5173634 0.1249223 0 0 0 51 98 141 255 
-1.921478 0.5374665 -0.03635684 0 0 0 38 130 142 255 
-1.863122 0.5403808 -0.1766451 0 0 0 65 66 135 255 
-1.787441 0.5526773 -0.3536459 0 0 0 253 231 37 255 
-1.731976 0.5490038 -0.4872413 0 0 0 50 101 142 255 
-1.64841 0.5652869 -0.6780587 0 0 0 37 131 142 255 
-1.586617 0.558718 -0.8268495 0 0 0 64 70 136 255 
-1.486499 0.5711274 -1.061158 0 0 0 50 100 142 255 
-1.375451 0.5831094 -1.314891 0 0 0 53 94 141 255 
-1.258133 0.6043 -1.593447 0 0 0 38 130 142 255 
-1.145857 0.6074049 -1.853297 0 0 0 42 120 142 255 
-1.012183 0.6155361 -2.167776 0 0 0 47 107 142 255 
-2.266516 0.500761 0.8241737 0 0 0 46 110 142 255 
-2.264665 0.4748231 0.8040417 0 0 0 54 92 141 255 
-2.204327 0.4972768 0.6619252 0 0 0 50 101 142 255 
-2.186903 0.4834026 0.6123781 0 0 0 55 91 141 255 
-2.104218 0.5178294 0.4461653 0 0 0 41 121 142 255 
-2.059923 0.5185885 0.3373094 0 0 0 45 112 142 255 
-2.023715 0.5140931 0.2463975 0 0 0 51 98 141 255 
-1.980411 0.5118974 0.1437924 0 0 0 50 100 142 255 
-1.890949 0.5418718 -0.04844923 0 0 0 38 130 142 255 
-1.855915 0.5285663 -0.1358903 0 0 0 65 68 135 255 
-1.71627 0.5810007 -0.449404 0 0 0 35 169 131 255 
-1.722879 0.5376501 -0.4454951 0 0 0 52 96 141 255 
-1.613945 0.5684295 -0.6887257 0 0 0 39 126 142 255 
-1.536718 0.5698073 -0.8690778 0 0 0 47 108 142 255 
-1.469066 0.5629992 -1.028325 0 0 0 55 91 141 255 
-1.356479 0.5750416 -1.281331 0 0 0 52 97 141 255 
-1.22291 0.6035598 -1.59124 0 0 0 38 130 142 255 
-1.113894 0.6040569 -1.839699 0 0 0 42 118 142 255 
-0.9734528 0.6142016 -2.164111 0 0 0 47 107 142 255 
-2.255793 0.4949658 0.8410805 0 0 0 46 111 142 255 
-2.248959 0.4731704 0.8108211 0 0 0 56 88 140 255 
-2.192607 0.4916141 0.6793131 0 0 0 50 100 142 255 
-2.174886 0.4778192 0.6299208 0 0 0 57 85 140 255 
-2.086311 0.5159437 0.4539121 0 0 0 42 120 142 255 
-2.051127 0.5094344 0.3660309 0 0 0 46 111 142 255 
-1.926432 0.567928 0.08840034 0 0 0 38 130 142 255 
-1.960664 0.5098211 0.1523033 0 0 0 51 98 141 255 
-1.879818 0.5330929 -0.01850491 0 0 0 39 128 142 255 
-1.814852 0.5390028 -0.1685559 0 0 0 63 71 136 255 
-1.727196 0.5570897 -0.3656933 0 0 0 253 231 37 255 
-1.699528 0.5351921 -0.4354133 0 0 0 56 89 140 255 
-1.594007 0.5629526 -0.6674182 0 0 0 39 128 142 255 
-1.505863 0.5698252 -0.868466 0 0 0 40 124 142 255 
-1.437242 0.5628032 -1.027321 0 0 0 61 78 138 255 
-1.337849 0.5669938 -1.247711 0 0 0 52 97 141 255 
-1.202368 0.5954976 -1.556765 0 0 0 38 130 142 255 
-1.086931 0.5983796 -1.815205 0 0 0 42 119 142 255 
-0.9494208 0.6062203 -2.128011 0 0 0 49 103 142 255 
-2.235366 0.4974699 0.8377836 0 0 0 44 115 142 255 
-2.218504 0.4835897 0.7871789 0 0 0 59 82 139 255 
-2.176133 0.4898719 0.6865274 0 0 0 50 100 142 255 
-2.163043 0.4722443 0.647511 0 0 0 58 83 139 255 
-2.073406 0.51034 0.4720482 0 0 0 43 117 142 255 
-2.027784 0.5110804 0.3637842 0 0 0 46 111 142 255 
-1.990472 0.5065805 0.2733635 0 0 0 50 102 142 255 
-1.94097 0.5077379 0.1609346 0 0 0 51 98 141 255 
-1.859073 0.5308965 -0.009386515 0 0 0 39 126 142 255 
-1.813055 0.5240423 -0.1172221 0 0 0 55 91 141 255 
-1.689416 0.5638402 -0.3871081 0 0 0 35 138 141 255 
-1.676242 0.5327279 -0.4251879 0 0 0 62 73 137 255 
-1.584215 0.5517725 -0.6249345 0 0 0 44 113 142 255 
-1.484896 0.5643374 -0.8464954 0 0 0 42 118 142 255 
-1.395409 0.5678464 -1.047292 0 0 0 51 98 141 255 
-1.299634 0.5690386 -1.256523 0 0 0 51 98 141 255 
-1.182173 0.5874541 -1.522218 0 0 0 38 130 142 255 
-1.050227 0.5973328 -1.811913 0 0 0 41 122 142 255 
-0.9207649 0.6004571 -2.102515 0 0 0 50 100 142 255 
-2.229857 0.487541 0.8649177 0 0 0 46 109 142 255 
-2.217675 0.4698504 0.8246701 0 0 0 64 69 136 255 
-2.159704 0.4881252 0.6938435 0 0 0 51 99 141 255 
-2.141396 0.4742702 0.6446831 0 0 0 57 85 140 255 
-2.060681 0.5047445 0.4902368 0 0 0 42 119 142 255 
-2.014395 0.5055358 0.3822954 0 0 0 46 110 142 255 
-1.981547 0.4976113 0.3024782 0 0 0 50 101 142 255 
-1.926348 0.5022816 0.1800549 0 0 0 55 91 141 255 
-1.838384 0.5286942 -0.0001410078 0 0 0 38 130 142 255 
-1.791712 0.5217712 -0.1076906 0 0 0 42 118 142 255 
-1.711717 0.5339395 -0.2827176 0 0 0 41 121 142 255 
-1.653018 0.5302565 -0.41482 0 0 0 67 61 132 255 
-1.559765 0.5491698 -0.61401 0 0 0 63 72 137 255 
-1.474212 0.5533862 -0.8033423 0 0 0 42 119 142 255 
-1.378462 0.5597224 -1.014076 0 0 0 49 103 142 255 
-1.281424 0.5610006 -1.222672 0 0 0 51 99 141 255 
-1.15224 0.5842675 -1.508839 0 0 0 37 132 142 255 
-1.018524 0.5939569 -1.797728 0 0 0 41 123 142 255 
-0.8973823 0.5925049 -2.066206 0 0 0 49 104 142 255 
-2.209453 0.4900289 0.8618395 0 0 0 46 109 142 255 
-2.19704 0.4721957 0.8216227 0 0 0 65 66 135 255 
-2.138266 0.490272 0.6910988 0 0 0 51 99 141 255 
-2.114612 0.4800667 0.631812 0 0 0 58 84 140 255 
-2.037966 0.5065551 0.4880324 0 0 0 43 117 142 255 
-1.991024 0.5071579 0.3803326 0 0 0 44 113 142 255 
-1.957695 0.4990724 0.3006811 0 0 0 53 95 141 255 
-1.901745 0.5035543 0.1785603 0 0 0 59 82 139 255 
-1.812657 0.5297524 -0.001129849 0 0 0 38 130 142 255 
-1.760235 0.5257989 -0.118821 0 0 0 41 121 142 255 
-1.653668 0.5528497 -0.3455635 0 0 0 74 193 109 255 
-1.62476 0.5307113 -0.4147685 0 0 0 65 68 135 255 
-1.525173 0.552241 -0.6238981 0 0 0 39 127 142 255 
-1.448676 0.550652 -0.7917441 0 0 0 40 124 142 255 
-1.361853 0.5516179 -0.9808139 0 0 0 49 104 142 255 
-1.253329 0.5579922 -1.209892 0 0 0 53 95 141 255 
-1.122391 0.581071 -1.495275 0 0 0 37 133 142 255 
-0.9920223 0.5882706 -1.772737 0 0 0 39 127 142 255 
-0.8539089 0.5933169 -2.07235 0 0 0 47 107 142 255 
-0.6912658 0.6021418 -2.416318 0 0 0 51 99 141 255 
-2.199221 0.4842491 0.8789833 0 0 0 47 108 142 255 
-2.186565 0.4665119 0.8389014 0 0 0 61 77 138 255 
-2.132105 0.4807245 0.7189079 0 0 0 51 99 141 255 
-2.097855 0.4782665 0.6395086 0 0 0 57 86 140 255 
-2.02032 0.5046556 0.4961882 0 0 0 42 118 142 255 
-1.983014 0.4980429 0.409246 0 0 0 47 107 142 255 
-1.933769 0.5005153 0.2990595 0 0 0 49 103 142 255 
-1.87707 0.504807 0.177246 0 0 0 63 71 136 255 
-1.79202 0.5275302 0.008399317 0 0 0 39 126 142 255 
-1.738883 0.5235003 -0.1089675 0 0 0 42 118 142 255 
-1.667071 0.5291481 -0.2622843 0 0 0 41 122 142 255 
-1.606767 0.5252923 -0.393657 0 0 0 66 63 133 255 
-1.505903 0.546776 -0.6021611 0 0 0 37 131 142 255 
-1.423213 0.5479109 -0.7799878 0 0 0 40 124 142 255 
-1.324892 0.5539712 -0.9895427 0 0 0 45 112 142 255 
-1.235671 0.54998 -1.175873 0 0 0 50 100 142 255 
-1.0978 0.5754619 -1.470972 0 0 0 38 129 142 255 
-0.9657416 0.5825905 -1.747614 0 0 0 43 117 142 255 
-0.825801 0.5875519 -2.046356 0 0 0 47 107 142 255 
-0.6558784 0.5983284 -2.399933 0 0 0 50 102 142 255 
-2.173587 0.490832 0.8661457 0 0 0 45 112 142 255 
-2.155522 0.4768316 0.8159919 0 0 0 56 89 140 255 
-2.115879 0.4789699 0.7264956 0 0 0 51 99 141 255 
-2.096692 0.4651342 0.6777381 0 0 0 58 83 139 255 
-2.002726 0.5027496 0.5044516 0 0 0 41 122 142 255 
-1.959684 0.4996471 0.4075366 0 0 0 46 110 142 255 
-1.920184 0.4950265 0.3180998 0 0 0 51 98 141 255 
-1.862742 0.4993475 0.1966674 0 0 0 55 90 140 255 
-1.776668 0.5220504 0.02835594 0 0 0 39 127 142 255 
-1.717594 0.5211965 -0.09898403 0 0 0 42 120 142 255 
-1.644842 0.5267419 -0.2518617 0 0 0 53 183 121 255 
-1.588973 0.5198817 -0.3724646 0 0 0 68 59 132 255 
-1.497302 0.5356656 -0.5594934 0 0 0 38 130 142 255 
-1.392585 0.5478759 -0.7785263 0 0 0 40 124 142 255 
-1.303459 0.5484822 -0.9665526 0 0 0 46 110 142 255 
-1.207868 0.5469688 -1.162811 0 0 0 52 97 141 255 
-1.073426 0.5698588 -1.446548 0 0 0 37 131 142 255 
-0.9396828 0.5769145 -1.72236 0 0 0 44 114 142 255 
-0.7979198 0.5817927 -2.020219 0 0 0 48 105 142 255 
-0.6205952 0.5945053 -2.383332 0 0 0 50 102 142 255 
-2.168762 0.4809399 0.8934239 0 0 0 48 106 142 255 
-2.150387 0.4671471 0.8434888 0 0 0 55 90 140 255 
-2.094455 0.4810899 0.7241114 0 0 0 51 99 141 255 
-2.069733 0.4708821 0.6653223 0 0 0 56 88 140 255 
-1.990459 0.4971614 0.5229545 0 0 0 41 123 142 255 
-1.946826 0.4941162 0.4263487 0 0 0 46 111 142 255 
-1.906782 0.4895468 0.3371947 0 0 0 50 101 142 255 
-1.853879 0.490557 0.226395 0 0 0 51 99 141 255 
-1.761506 0.5165774 0.04837795 0 0 0 39 128 142 255 
-1.701657 0.5157545 -0.07856411 0 0 0 40 125 142 255 
-1.638562 0.515264 -0.2102932 0 0 0 32 146 140 255 
-1.57667 0.5115663 -0.3408246 0 0 0 71 46 124 255 
-1.457361 0.5415064 -0.5792039 0 0 0 36 134 142 255 
-1.361903 0.54782 -0.7768474 0 0 0 39 127 142 255 
-1.276933 0.5455935 -0.9539067 0 0 0 46 110 142 255 
-1.180148 0.5439493 -1.149578 0 0 0 50 102 142 255 
-1.043965 0.5666515 -1.432499 0 0 0 35 136 142 255 
-0.9138467 0.5712433 -1.696974 0 0 0 46 110 142 255 
-0.7702654 0.5760374 -1.993942 0 0 0 46 111 142 255 
-0.5960428 0.5865638 -2.345389 0 0 0 50 101 142 255 
-2.1536 0.4792785 0.9007849 0 0 0 47 108 142 255 
-2.134928 0.4654554 0.8509684 0 0 0 55 90 140 255 
-2.072951 0.4831902 0.7218876 0 0 0 49 104 142 255 
-2.069113 0.4577892 0.703544 0 0 0 58 83 139 255 
-1.973031 0.4952535 0.5314033 0 0 0 42 120 142 255 
-1.928812 0.4921448 0.4350664 0 0 0 46 111 142 255 
-1.893562 0.484075 0.356342 0 0 0 51 99 141 255 
-1.818628 0.4984511 0.2050356 0 0 0 50 100 142 255 
-1.735824 0.5175907 0.04798412 0 0 0 39 128 142 255 
-1.680556 0.513445 -0.06835048 0 0 0 40 125 142 255 
-1.611302 0.5158818 -0.2099972 0 0 0 41 123 142 255 
-1.543254 0.5148924 -0.3505144 0 0 0 53 94 141 255 
-1.438564 0.5360494 -0.557142 0 0 0 36 134 142 255 
-1.347266 0.5396443 -0.7437851 0 0 0 41 122 142 255 
-1.245117 0.5452873 -0.9515129 0 0 0 45 112 142 255 
-1.147133 0.5433982 -1.146613 0 0 0 50 102 142 255 
-1.019962 0.5610521 -1.407805 0 0 0 36 134 142 255 
-0.8828607 0.5678498 -1.681947 0 0 0 51 98 141 255 
-0.7320935 0.5746033 -1.988546 0 0 0 45 113 142 255 
-0.5557193 0.5847811 -2.338948 0 0 0 52 96 141 255 
-2.138484 0.4776133 0.9082381 0 0 0 45 112 142 255 
-2.130263 0.4558038 0.8784721 0 0 0 56 89 140 255 
-2.078234 0.4659499 0.7698749 0 0 0 50 100 142 255 
-2.042062 0.4635062 0.691423 0 0 0 59 82 139 255 
-1.944854 0.5006673 0.5198187 0 0 0 41 122 142 255 
-1.910854 0.4901676 0.4438947 0 0 0 45 113 142 255 
-1.858928 0.4923519 0.3349382 0 0 0 50 100 142 255 
-1.804669 0.4929957 0.2247229 0 0 0 50 100 142 255 
-1.72633 0.5088902 0.07840154 0 0 0 39 126 142 255 
-1.65952 0.511129 -0.05800705 0 0 0 40 124 142 255 
-1.627359 0.4924154 -0.1273139 0 0 0 72 35 116 255 
-1.515075 0.5152859 -0.3496327 0 0 0 50 100 142 255 
-1.409109 0.5362095 -0.5556494 0 0 0 37 132 142 255 
-1.311239 0.5422578 -0.75212 0 0 0 38 129 142 255 
-1.22955 0.5372155 -0.9177427 0 0 0 46 110 142 255 
-1.119514 0.5403563 -1.133009 0 0 0 50 101 142 255 
-0.9961771 0.55546 -1.382996 0 0 0 38 130 142 255 
-0.8628466 0.559919 -1.645823 0 0 0 53 95 141 255 
-0.6993291 0.570994 -1.972406 0 0 0 44 113 142 255 
-0.5262594 0.5788956 -2.311233 0 0 0 52 96 141 255 
-2.123414 0.4759439 0.9157845 0 0 0 47 108 142 255 
-2.109586 0.4580884 0.8761448 0 0 0 56 89 140 255 
-2.051456 0.4719059 0.7578397 0 0 0 53 95 141 255 
-2.031114 0.4579479 0.7095874 0 0 0 57 86 140 255 
-1.921942 0.5023928 0.5185069 0 0 0 41 123 142 255 
-1.898413 0.4846488 0.4629143 0 0 0 45 112 142 255 
-1.856749 0.4800146 0.374552 0 0 0 51 98 141 255 
-1.790895 0.4875492 0.244465 0 0 0 50 102 142 255 
-1.700709 0.5098848 0.07829008 0 0 0 39 127 142 255 
-1.644031 0.5056975 -0.0373245 0 0 0 42 120 142 255 
-1.595 0.4960501 -0.1371194 0 0 0 67 62 133 255 
-1.5033 0.5069866 -0.3177304 0 0 0 50 100 142 255 
-1.385093 0.5335506 -0.5436509 0 0 0 36 135 142 255 
-1.30251 0.5314115 -0.7085511 0 0 0 41 123 142 255 
-1.21982 0.5265911 -0.8735876 0 0 0 46 109 142 255 
-1.097484 0.5348458 -1.108858 0 0 0 50 100 142 255 
-0.9726128 0.5498726 -1.358072 0 0 0 37 131 142 255 
-0.826674 0.5587798 -1.640902 0 0 0 44 114 142 255 
-0.6831788 0.5609452 -1.924729 0 0 0 47 108 142 255 
-0.5080561 0.5689504 -2.262437 0 0 0 56 89 140 255 
-2.097384 0.482436 0.9037218 0 0 0 46 111 142 255 
-2.10533 0.4484628 0.90368 0 0 0 58 84 140 255 
-2.046471 0.4624283 0.7858159 0 0 0 55 91 141 255 
-2.014843 0.4561401 0.7178017 0 0 0 57 86 140 255 
-1.926599 0.4858487 0.5673943 0 0 0 41 122 142 255 
-1.8751 0.4862 0.4618825 0 0 0 45 113 142 255 
-1.832902 0.4813978 0.3737396 0 0 0 51 98 141 255 
-1.777309 0.4821119 0.2642627 0 0 0 50 100 142 255 
-1.680568 0.5076429 0.08850768 0 0 0 39 128 142 255 
-1.623189 0.5033773 -0.02675501 0 0 0 41 123 142 255 
-1.556904 0.502645 -0.1568736 0 0 0 67 61 132 255 
-1.486301 0.5015926 -0.2960588 0 0 0 50 100 142 255 
-1.36671 0.5280948 -0.5212427 0 0 0 37 133 142 255 
-1.283126 0.5259565 -0.6856049 0 0 0 38 129 142 255 
-1.188312 0.5262696 -0.870742 0 0 0 46 109 142 255 
-1.064532 0.5342504 -1.10529 0 0 0 51 98 141 255 
-0.938139 0.5490157 -1.353768 0 0 0 34 139 141 255 
-0.8016056 0.5531178 -1.614951 0 0 0 42 119 142 255 
-0.6675181 0.5509313 -1.877048 0 0 0 46 109 142 255 
-0.4792027 0.5630882 -2.23449 0 0 0 57 86 140 255 
-2.093418 0.4725921 0.931155 0 0 0 44 113 142 255 
-2.079125 0.4546887 0.8917024 0 0 0 54 92 141 255 
-2.019542 0.4683476 0.7741027 0 0 0 58 83 139 255 
-1.987503 0.4617956 0.7062019 0 0 0 57 85 140 255 
-1.903859 0.4875719 0.5662627 0 0 0 41 122 142 255 
-1.86849 0.4771618 0.491074 0 0 0 47 108 142 255 
-1.820165 0.4759337 0.3932129 0 0 0 50 101 142 255 
-1.741533 0.4898996 0.2437561 0 0 0 50 101 142 255 
-1.638057 0.5182361 0.0584069 0 0 0 37 132 142 255 
-1.591191 0.5072451 -0.03635015 0 0 0 40 124 142 255 
-1.535335 0.500231 -0.1457696 0 0 0 48 105 142 255 
-1.452654 0.5048372 -0.3049354 0 0 0 52 96 141 255 
-1.354153 0.519863 -0.4885236 0 0 0 38 130 142 255 
-1.269572 0.5178392 -0.6523135 0 0 0 41 123 142 255 
-1.162384 0.5233666 -0.8573857 0 0 0 44 113 142 255 
-1.059699 0.5213967 -1.049939 0 0 0 52 96 141 255 
-0.9092563 0.545782 -1.338885 0 0 0 37 131 142 255 
-0.7654971 0.5519474 -1.609589 0 0 0 41 121 142 255 
-0.6185486 0.553727 -1.891645 0 0 0 46 111 142 255 
-0.4223946 0.5673211 -2.258393 0 0 0 50 102 142 255 
-1.007028 -1.534614 -1.544743 0 0 0 62 76 138 255 
-1.037307 -1.580876 -1.500889 0 0 0 70 50 126 255 
-2.078491 0.4709105 0.9389774 0 0 0 46 110 142 255 
-2.075215 0.4450831 0.919296 0 0 0 56 89 140 255 
-1.992415 0.474235 0.7626157 0 0 0 62 73 137 255 
-1.988083 0.4487844 0.7444524 0 0 0 56 88 140 255 
-1.892356 0.4820033 0.5851837 0 0 0 42 119 142 255 
-1.839574 0.4822125 0.480307 0 0 0 45 113 142 255 
-1.813267 0.4670732 0.4227559 0 0 0 52 96 141 255 
-1.745041 0.4745609 0.293956 0 0 0 50 101 142 255 
-1.651824 0.4967349 0.1294728 0 0 0 46 110 142 255 
-1.570354 0.5048997 -0.02545923 0 0 0 39 127 142 255 
-1.52519 0.4918521 -0.1142457 0 0 0 46 109 142 255 
-1.452901 0.4908308 -0.2524983 0 0 0 52 96 141 255 
-1.330556 0.5172065 -0.4761832 0 0 0 42 118 142 255 
-1.23929 0.5177341 -0.6496791 0 0 0 38 130 142 255 
-1.142227 0.517904 -0.8336191 0 0 0 46 111 142 255 
-1.026986 0.5207936 -1.04607 0 0 0 62 76 138 255 
-0.8918521 0.5378463 -1.303227 0 0 0 36 134 142 255 
-0.7407532 0.5462828 -1.583328 0 0 0 40 125 142 255 
-0.6034796 0.5437387 -1.843768 0 0 0 46 109 142 255 
-0.4051024 0.5574128 -2.209261 0 0 0 49 103 142 255 
-0.930338 -1.499397 -1.606633 0 0 0 69 56 130 255 
-0.9994012 -1.52897 -1.487354 0 0 0 62 76 138 255 
-1.035192 -1.572373 -1.433224 0 0 0 59 82 139 255 
-2.052236 0.477349 0.9273848 0 0 0 45 112 142 255 
-2.054545 0.4473299 0.9174376 0 0 0 55 90 140 255 
-1.982147 0.4686013 0.780908 0 0 0 59 82 139 255 
-1.972031 0.4469709 0.7529317 0 0 0 56 89 140 255 
-1.881034 0.4764451 0.6041445 0 0 0 44 114 142 255 
-1.833329 0.4731936 0.5095848 0 0 0 45 113 142 255 
-1.783815 0.4718334 0.4123237 0 0 0 50 100 142 255 
-1.720513 0.4757237 0.2938928 0 0 0 50 102 142 255 
-1.637738 0.4912948 0.1500399 0 0 0 54 92 141 255 
-1.57827 0.487138 0.03595442 0 0 0 54 93 141 255 
-1.498146 0.4924127 -0.1130551 0 0 0 44 113 142 255 
-1.419269 0.4940488 -0.2610331 0 0 0 49 103 142 255 
-1.312786 0.5117743 -0.4535359 0 0 0 47 107 142 255 
-1.208963 0.5176076 -0.6468254 0 0 0 39 127 142 255 
-1.105024 0.5200851 -0.8404165 0 0 0 46 111 142 255 
-1.005753 0.5153034 -1.021481 0 0 0 57 85 140 255 
-0.8632852 0.5346113 -1.28806 0 0 0 37 133 142 255 
-0.7219988 0.538398 -1.54666 0 0 0 41 122 142 255 
-0.5600938 0.5443589 -1.847457 0 0 0 45 112 142 255 
-0.3710064 0.5535493 -2.191115 0 0 0 51 98 141 255 
-0.9226635 -1.494249 -1.548878 0 0 0 69 53 129 255 
-0.9977829 -1.521037 -1.419583 0 0 0 61 77 138 255 
-1.006867 -1.575593 -1.418024 0 0 0 57 86 140 255 
-1.033057 -1.607367 -1.354156 0 0 0 71 16 99 255 
-2.048786 0.4675351 0.9548985 0 0 0 46 109 142 255 
-2.039548 0.445624 0.9255084 0 0 0 55 91 141 255 
-1.983549 0.4553328 0.8188637 0 0 0 52 96 141 255 
-1.956033 0.4451518 0.7615095 0 0 0 57 86 140 255 
-1.875669 0.4672753 0.6330165 0 0 0 42 118 142 255 
-1.810057 0.4747049 0.5090854 0 0 0 45 112 142 255 
-1.777286 0.4629917 0.4419556 0 0 0 52 96 141 255 
-1.707486 0.4703021 0.3139905 0 0 0 50 102 142 255 
-1.60645 0.495431 0.1406278 0 0 0 51 98 141 255 
-1.563685 0.481742 0.05697536 0 0 0 62 76 138 255 
-1.476849 0.4899887 -0.1015889 0 0 0 46 111 142 255 
-1.391266 0.4943771 -0.2591892 0 0 0 50 100 142 255 
-1.283594 0.5118744 -0.4510691 0 0 0 40 125 142 255 
-1.17859 0.5174612 -0.6437543 0 0 0 39 128 142 255 
-1.102552 0.5070036 -0.7858115 0 0 0 46 109 142 255 
-0.9847378 0.5098203 -0.9967957 0 0 0 52 97 141 255 
-0.8406327 0.5290364 -1.262485 0 0 0 36 135 142 255 
-0.7035998 0.530533 -1.509945 0 0 0 41 123 142 255 
-0.5340339 0.5386201 -1.81998 0 0 0 45 113 142 255 
-0.3428543 0.5476803 -2.162463 0 0 0 63 71 136 255 
-0.9045934 -1.493312 -1.512121 0 0 0 71 47 125 255 
-0.9968889 -1.513041 -1.351979 0 0 0 62 74 137 255 
-1.016781 -1.562267 -1.329663 0 0 0 56 88 140 255 
-1.021588 -1.603165 -1.30772 0 0 0 65 68 135 255 
-2.022385 0.4739375 0.9436224 0 0 0 45 113 142 255 
-2.018793 0.4478421 0.9239339 0 0 0 56 89 140 255 
-1.956331 0.4611795 0.8078008 0 0 0 50 101 142 255 
-1.934278 0.4470355 0.7603617 0 0 0 56 89 140 255 
-1.829734 0.4834309 0.5929744 0 0 0 41 122 142 255 
-1.80424 0.4657115 0.5384098 0 0 0 45 113 142 255 
-1.759386 0.4609436 0.4517209 0 0 0 50 101 142 255 
-1.688803 0.4681647 0.3241804 0 0 0 49 103 142 255 
-1.598419 0.4868064 0.1713798 0 0 0 42 118 142 255 
-1.531705 0.4855599 0.04802138 0 0 0 42 120 142 255 
-1.455627 0.4875596 -0.08999205 0 0 0 46 111 142 255 
-1.380818 0.4861426 -0.226926 0 0 0 52 97 141 255 
-1.26023 0.5091997 -0.4382963 0 0 0 37 133 142 255 
-1.159928 0.5120103 -0.6202161 0 0 0 38 130 142 255 
-1.071272 0.506626 -0.7820758 0 0 0 43 116 142 255 
-0.9403896 0.5140188 -1.012708 0 0 0 49 104 142 255 
-0.8123186 0.5257952 -1.247001 0 0 0 36 134 142 255 
-0.6620001 0.531545 -1.514058 0 0 0 40 125 142 255 
-0.4964316 0.5370873 -1.812862 0 0 0 45 113 142 255 
-0.3149448 0.5418171 -2.133672 0 0 0 49 103 142 255 
-0.9035557 -1.485941 -1.444073 0 0 0 71 42 122 255 
-0.9801046 -1.511738 -1.315762 0 0 0 66 63 133 255 
-0.9780603 -1.570195 -1.33514 0 0 0 51 98 141 255 
-1.010584 -1.598928 -1.261323 0 0 0 57 85 140 255 
-2.013408 0.4681857 0.9615302 0 0 0 46 111 142 255 
-2.009706 0.4421991 0.9419274 0 0 0 55 90 140 255 
-1.92892 0.4669947 0.7969695 0 0 0 49 103 142 255 
-1.924197 0.4415036 0.7789602 0 0 0 58 83 139 255 
-1.818645 0.4778669 0.6122133 0 0 0 41 121 142 255 
-1.781025 0.467207 0.53816 0 0 0 46 109 142 255 
-1.741547 0.4588919 0.4615957 0 0 0 52 97 141 255 
-1.670184 0.4660229 0.3344858 0 0 0 51 99 141 255 
-1.561092 0.494078 0.1524055 0 0 0 39 128 142 255 
-1.511396 0.4832215 0.05928245 0 0 0 40 125 142 255 
-1.452262 0.4762726 -0.04824492 0 0 0 47 108 142 255 
-1.37663 0.47509 -0.1846288 0 0 0 50 102 142 255 
-1.242885 0.5037712 -0.4153206 0 0 0 37 131 142 255 
-1.153357 0.5012969 -0.5764216 0 0 0 39 126 142 255 
-1.063725 0.4961335 -0.7376544 0 0 0 49 104 142 255 
-0.9314559 0.5037005 -0.9674175 0 0 0 49 103 142 255 
-0.7841015 0.5225461 -1.231344 0 0 0 36 135 142 255 
-0.644057 0.5236935 -1.477115 0 0 0 42 118 142 255 
-0.476667 0.5292534 -1.774857 0 0 0 45 113 142 255 
-0.2932352 0.5339785 -2.094518 0 0 0 47 107 142 255 
-0.8638779 -1.49352 -1.44887 0 0 0 70 48 126 255 
-0.9580668 -1.512674 -1.289883 0 0 0 70 52 128 255 
-0.9782016 -1.561506 -1.267808 0 0 0 50 101 142 255 
-0.988897 -1.599609 -1.235631 0 0 0 57 85 140 255 
-2.010538 0.4584095 0.9890807 0 0 0 46 109 142 255 
-1.994863 0.4404802 0.9502738 0 0 0 55 90 140 255 
-1.925043 0.4575714 0.8252294 0 0 0 51 99 141 255 
-1.902427 0.4433646 0.7780761 0 0 0 57 86 140 255 
-1.795813 0.4795123 0.6119454 0 0 0 39 128 142 255 
-1.751782 0.4721642 0.5282695 0 0 0 43 116 142 255 
-1.717804 0.4602057 0.4617283 0 0 0 51 99 141 255 
-1.657598 0.4606151 0.3547913 0 0 0 51 99 141 255 
-1.589292 0.4664592 0.2427397 0 0 0 56 89 140 255 
-1.491156 0.4808789 0.07066844 0 0 0 42 120 142 255 
-1.42538 0.4767972 -0.0464647 0 0 0 46 111 142 255 
-1.354908 0.4725763 -0.1724128 0 0 0 50 102 142 255 
-1.219745 0.5010923 -0.4022962 0 0 0 38 130 142 255 
-1.123234 0.5011318 -0.5728999 0 0 0 37 132 142 255 
-1.020608 0.5007765 -0.7537662 0 0 0 46 111 142 255 
-0.910966 0.4982259 -0.9423804 0 0 0 50 102 142 255 
-0.7559816 0.519289 -1.215514 0 0 0 37 133 142 255 
-0.6084256 0.5224624 -1.470574 0 0 0 38 129 142 255 
-0.4392179 0.5276979 -1.767315 0 0 0 46 110 142 255 
-0.2598522 0.5301096 -2.075681 0 0 0 48 106 142 255 
-0.8183649 -1.503288 -1.463695 0 0 0 71 42 122 255 
-0.9419112 -1.511335 -1.25357 0 0 0 68 57 131 255 
-0.9508811 -1.564682 -1.252267 0 0 0 48 106 142 255 
-0.9561548 -1.60525 -1.230438 0 0 0 62 76 138 255 
-1.995973 0.4567124 0.9974149 0 0 0 45 113 142 255 
-1.992054 0.4309437 0.9779822 0 0 0 57 86 140 255 
-1.909482 0.4557613 0.834089 0 0 0 51 98 141 255 
-1.874598 0.4488919 0.7676374 0 0 0 56 88 140 255 
-1.784966 0.4739539 0.6313239 0 0 0 41 122 142 255 
-1.746456 0.4631937 0.5577432 0 0 0 46 111 142 255 
-1.694001 0.4615012 0.4620405 0 0 0 50 100 142 255 
-1.627106 0.4649791 0.3455878 0 0 0 50 102 142 255 
-1.533899 0.4831951 0.194423 0 0 0 55 91 141 255 
-1.464938 0.4815764 0.07227309 0 0 0 39 126 142 255 
-1.4045 0.4743663 -0.03454956 0 0 0 44 113 142 255 
-1.315092 0.4785341 -0.1899622 0 0 0 50 100 142 255 
-1.190623 0.5011396 -0.3991185 0 0 0 37 132 142 255 
-1.099136 0.4983255 -0.5591406 0 0 0 38 129 142 255 
-0.995407 0.497841 -0.739378 0 0 0 46 111 142 255 
-0.8846199 0.4951569 -0.9273187 0 0 0 48 105 142 255 
-0.7340343 0.5137229 -1.18942 0 0 0 36 134 142 255 
-0.584927 0.5168248 -1.443554 0 0 0 40 124 142 255 
-0.4139115 0.5219627 -1.739237 0 0 0 44 113 142 255 
-0.2326723 0.5242652 -2.046485 0 0 0 47 108 142 255 
-0.7725825 -1.513106 -1.478132 0 0 0 71 47 125 255 
-0.9089296 -1.516798 -1.24813 0 0 0 68 57 131 255 
-0.9407495 -1.560686 -1.205699 0 0 0 54 93 141 255 
-0.9518806 -1.598456 -1.173695 0 0 0 69 53 129 255 
-1.981462 0.4550114 1.005838 0 0 0 46 110 142 255 
-1.971383 0.4331328 0.9768406 0 0 0 55 91 141 255 
-1.900029 0.4501612 0.8526881 0 0 0 51 98 141 255 
-1.88291 0.4323239 0.8155531 0 0 0 58 83 139 255 
-1.792555 0.4576479 0.6798383 0 0 0 42 119 142 255 
-1.723175 0.4646471 0.5579504 0 0 0 46 110 142 255 
-1.688402 0.4527085 0.4918769 0 0 0 50 101 142 255 
-1.614713 0.4595692 0.366085 0 0 0 49 104 142 255 
-1.520591 0.4777686 0.2155051 0 0 0 41 122 142 255 
-1.457002 0.4731383 0.1036828 0 0 0 41 123 142 255 
-1.383694 0.4719304 -0.02250605 0 0 0 44 114 142 255 
-1.299457 0.4731686 -0.1674415 0 0 0 52 97 141 255 
-1.179835 0.4929898 -0.3658701 0 0 0 36 134 142 255 
-1.087379 0.4902886 -0.5252724 0 0 0 38 129 142 255 
-0.9886912 0.487397 -0.6948131 0 0 0 44 113 142 255 
-0.8522278 0.49447 -0.9221259 0 0 0 46 109 142 255 
-0.712311 0.5081633 -1.163227 0 0 0 36 134 142 255 
-0.5678006 0.509011 -1.406351 0 0 0 41 121 142 255 
-0.3827003 0.5183062 -1.721137 0 0 0 49 104 142 255 
-0.1995897 0.5203864 -2.027276 0 0 0 48 106 142 255 
-0.7032937 -1.531642 -1.533273 0 0 0 71 45 123 255 
-0.8874946 -1.517718 -1.221923 0 0 0 68 59 132 255 
-0.9426021 -1.55185 -1.138679 0 0 0 59 82 139 255 
-1.005795 -1.566624 -1.014812 0 0 0 62 76 138 255 
-1.022473 -1.612119 -1.001073 0 0 0 71 45 123 255 
-0.5108402 -1.980765 -1.955184 0 0 0 69 4 87 255 
-1.967002 0.4533071 1.01435 0 0 0 45 113 142 255 
-1.956758 0.4314107 0.9854239 0 0 0 55 91 141 255 
-1.890752 0.4445702 0.8713105 0 0 0 51 98 141 255 
-1.867302 0.4304895 0.8246793 0 0 0 66 64 134 255 
-1.757672 0.4664474 0.6605124 0 0 0 41 122 142 255 
-1.71213 0.459164 0.57775 0 0 0 45 112 142 255 
-1.670812 0.4506385 0.502187 0 0 0 50 100 142 255 
-1.596356 0.4574092 0.3768451 0 0 0 51 98 141 255 
-1.501306 0.4754979 0.2268339 0 0 0 41 122 142 255 
-1.430866 0.4738193 0.1055701 0 0 0 41 122 142 255 
-1.332075 0.4840989 -0.05965506 0 0 0 42 118 142 255 
-1.271662 0.4734358 -0.1646473 0 0 0 48 105 142 255 
-1.16319 0.487583 -0.3425416 0 0 0 37 133 142 255 
-1.063577 0.4874848 -0.5112919 0 0 0 38 130 142 255 
-0.9452785 0.4919554 -0.7101385 0 0 0 44 114 142 255 
-0.8384084 0.4866166 -0.8867176 0 0 0 48 106 142 255 
-0.6784176 0.5071915 -1.156971 0 0 0 35 136 142 255 
-0.5324213 0.5077505 -1.399231 0 0 0 41 123 142 255 
-0.3826225 0.5043247 -1.652535 0 0 0 62 76 138 255 
-0.166626 0.5165005 -2.007862 0 0 0 49 103 142 255 
0.06869917 0.5401661 -2.411582 0 0 0 42 119 142 255 
-0.3562557 -0.8439584 -1.927289 0 0 0 67 61 132 255 
-0.3438494 -0.8930808 -1.96895 0 0 0 69 56 130 255 
-0.3467724 -0.9518706 -1.970732 0 0 0 66 63 133 255 
-0.3642255 -1.007758 -1.948088 0 0 0 60 80 139 255 
-0.3413774 -1.072931 -1.99331 0 0 0 54 92 141 255 
-0.3353556 -1.123664 -2.020249 0 0 0 50 100 142 255 
-0.3280727 -1.18415 -2.043629 0 0 0 46 109 142 255 
-0.334933 -1.24415 -2.03973 0 0 0 44 113 142 255 
-0.3322333 -1.308328 -2.053457 0 0 0 39 127 142 255 
-0.3314009 -1.358484 -2.062773 0 0 0 34 140 141 255 
-0.3458545 -1.415406 -2.051337 0 0 0 37 133 142 255 
-0.3534589 -1.476036 -2.048647 0 0 0 35 137 142 255 
-0.3613527 -1.537828 -2.047542 0 0 0 33 142 141 255 
-0.3549051 -1.591709 -2.061328 0 0 0 33 143 141 255 
-0.6860862 -1.530719 -1.495588 0 0 0 72 41 121 255 
-0.866282 -1.51863 -1.195622 0 0 0 65 68 135 255 
-0.9684464 -1.533317 -1.031 0 0 0 65 66 135 255 
-1.003307 -1.559653 -0.9586825 0 0 0 59 82 139 255 
-1.025768 -1.602065 -0.9348982 0 0 0 61 77 138 255 
-1.946421 0.4556053 1.013473 0 0 0 48 106 142 255 
-1.942186 0.4296857 0.9940979 0 0 0 55 90 140 255 
-1.887827 0.4352183 0.8995304 0 0 0 53 95 141 255 
-1.833222 0.4396394 0.8050594 0 0 0 68 58 131 255 
-1.759723 0.4537688 0.6992795 0 0 0 41 121 142 255 
-1.70127 0.4536909 0.5975837 0 0 0 44 114 142 255 
-1.659498 0.4452224 0.5223161 0 0 0 49 103 142 255 
-1.59671 0.4455475 0.4169449 0 0 0 58 83 139 255 
-1.488325 0.470083 0.2480455 0 0 0 41 122 142 255 
-1.435851 0.4593586 0.1566393 0 0 0 45 113 142 255 
-1.336069 0.4699585 -0.007863371 0 0 0 44 113 142 255 
-1.268793 0.4624657 -0.1222194 0 0 0 50 102 142 255 
-1.15925 0.4767607 -0.2993875 0 0 0 38 130 142 255 
-1.027359 0.489873 -0.5169812 0 0 0 39 127 142 255 
-0.93286 0.4840282 -0.6754203 0 0 0 46 110 142 255 
-0.8124086 0.4835359 -0.8712087 0 0 0 50 101 142 255 
-0.6570218 0.5016331 -1.13051 0 0 0 35 136 142 255 
-0.4970245 0.5064682 -1.391857 0 0 0 40 124 142 255 
-0.3456829 0.5027465 -1.644264 0 0 0 61 77 138 255 
-0.1525993 0.506773 -1.958117 0 0 0 50 102 142 255 
0.04764717 0.5193079 -2.299931 0 0 0 46 111 142 255 
-0.2401075 0.2601119 -1.854962 0 0 0 69 56 130 255 
-0.2298919 0.1590931 -1.898235 0 0 0 66 63 133 255 
-0.2386139 0.09888352 -1.890956 0 0 0 64 70 136 255 
-0.2410196 0.03925078 -1.89085 0 0 0 59 81 139 255 
-0.2448045 -0.005691424 -1.909518 0 0 0 62 76 138 255 
-0.2518712 -0.06563825 -1.904035 0 0 0 56 89 140 255 
-0.2552142 -0.124232 -1.90372 0 0 0 53 94 141 255 
-0.2258169 -0.178752 -1.954079 0 0 0 46 109 142 255 
-0.2444233 -0.227941 -1.947202 0 0 0 47 107 142 255 
-0.2528133 -0.2860721 -1.938728 0 0 0 46 111 142 255 
-0.2416723 -0.34446 -1.96341 0 0 0 41 121 142 255 
-0.2374512 -0.403826 -1.972928 0 0 0 41 121 142 255 
-0.2525101 -0.449872 -1.973433 0 0 0 39 126 142 255 
-0.2583274 -0.510294 -1.970298 0 0 0 41 123 142 255 
-0.2712741 -0.5565069 -1.963894 0 0 0 40 124 142 255 
-0.2712448 -0.6269978 -1.955802 0 0 0 39 126 142 255 
-0.2597617 -0.6763295 -1.99544 0 0 0 36 134 142 255 
-0.276546 -0.7338386 -1.977737 0 0 0 36 135 142 255 
-0.2885873 -0.791845 -1.963519 0 0 0 35 136 142 255 
-0.3122805 -0.8490506 -1.928821 0 0 0 38 130 142 255 
-0.2935628 -0.8991341 -1.980689 0 0 0 35 137 142 255 
-0.3087604 -0.9565291 -1.961875 0 0 0 38 130 142 255 
-0.3080764 -1.015459 -1.970165 0 0 0 36 134 142 255 
-0.3154956 -1.075632 -1.963802 0 0 0 39 127 142 255 
-0.3153906 -1.125094 -1.9804 0 0 0 35 138 141 255 
-0.3140258 -1.184067 -1.993445 0 0 0 36 135 142 255 
-0.3329934 -1.240874 -1.96905 0 0 0 36 135 142 255 
-0.3482614 -1.29985 -1.951996 0 0 0 37 131 142 255 
-0.323218 -1.355796 -2.00235 0 0 0 31 152 139 255 
-0.3436936 -1.410516 -1.98076 0 0 0 34 139 141 255 
-0.3452734 -1.472421 -1.988378 0 0 0 31 149 139 255 
-0.3590852 -1.531765 -1.977109 0 0 0 33 144 141 255 
-0.3703853 -1.578966 -1.960259 0 0 0 35 137 142 255 
-0.6336386 -1.542863 -1.519077 0 0 0 70 51 127 255 
-0.8393824 -1.52183 -1.179419 0 0 0 64 69 136 255 
-0.942557 -1.536396 -1.015416 0 0 0 66 63 133 255 
-1.001398 -1.552631 -0.9026903 0 0 0 62 76 138 255 
-1.035621 -1.589317 -0.8587902 0 0 0 62 76 138 255 
-0.4504005 -1.917179 -1.892398 0 0 0 60 80 139 255 
-0.4309857 -1.996757 -1.948164 0 0 0 50 101 142 255 
-1.932008 0.4538869 1.022199 0 0 0 46 110 142 255 
-1.921434 0.4318363 0.9933686 0 0 0 57 86 140 255 
-1.860261 0.4409533 0.8895501 0 0 0 50 101 142 255 
-1.823785 0.4341198 0.8240643 0 0 0 60 80 139 255 
-1.73713 0.4553887 0.6995573 0 0 0 44 115 142 255 
-1.671788 0.4585626 0.5885438 0 0 0 45 113 142 255 
-1.629558 0.4498214 0.5134602 0 0 0 49 103 142 255 
-1.559841 0.4530766 0.3987025 0 0 0 65 66 135 255 
-1.462951 0.4709414 0.2498468 0 0 0 41 123 142 255 
-1.416219 0.4570212 0.1684954 0 0 0 52 97 141 255 
-1.328029 0.4616865 0.02418047 0 0 0 45 112 142 255 
-1.253765 0.4571289 -0.09951976 0 0 0 53 95 141 255 
-1.12421 0.4794988 -0.3055281 0 0 0 36 135 142 255 
-1.016237 0.4818621 -0.4828928 0 0 0 44 115 142 255 
-0.9271006 0.4736463 -0.6307999 0 0 0 46 109 142 255 
-0.7801804 0.4828167 -0.8654599 0 0 0 49 104 142 255 
-0.6358514 0.496084 -1.103954 0 0 0 38 130 142 255 
-0.4869199 0.4965152 -1.344373 0 0 0 41 123 142 255 
-0.3024052 0.5031949 -1.645719 0 0 0 52 97 141 255 
-0.1580698 0.4912706 -1.878374 0 0 0 44 113 142 255 
-0.1580765 0.4450589 -1.897885 0 0 0 40 124 142 255 
-0.1835201 0.3783038 -1.863652 0 0 0 42 118 142 255 
-0.1906746 0.3191403 -1.860114 0 0 0 46 109 142 255 
-0.1956522 0.2593331 -1.855849 0 0 0 48 105 142 255 
-0.1929747 0.2148393 -1.882018 0 0 0 39 126 142 255 
-0.1978932 0.1552782 -1.878856 0 0 0 44 114 142 255 
-0.2066885 0.09507535 -1.871603 0 0 0 44 114 142 255 
-0.2281067 0.03222684 -1.841067 0 0 0 46 110 142 255 
-0.2001994 -0.007538699 -1.910477 0 0 0 39 127 142 255 
-0.2262576 -0.07031222 -1.874522 0 0 0 42 119 142 255 
-0.2233207 -0.1280374 -1.884373 0 0 0 45 113 142 255 
-0.237814 -0.1870757 -1.86322 0 0 0 43 116 142 255 
-0.2249003 -0.2328627 -1.907337 0 0 0 38 130 142 255 
-0.2459457 -0.2916291 -1.878455 0 0 0 41 122 142 255 
-0.247241 -0.3502077 -1.882583 0 0 0 41 123 142 255 
-0.2555572 -0.4092892 -1.87159 0 0 0 44 115 142 255 
-0.2516744 -0.4542735 -1.902754 0 0 0 38 130 142 255 
-0.2700306 -0.5140942 -1.879133 0 0 0 39 126 142 255 
-0.2767 -0.559761 -1.882982 0 0 0 39 126 142 255 
-0.283042 -0.6291888 -1.864655 0 0 0 40 124 142 255 
-0.264978 -0.6782098 -1.914389 0 0 0 35 136 142 255 
-0.2693911 -0.735904 -1.917252 0 0 0 36 134 142 255 
-0.293946 -0.7923315 -1.882585 0 0 0 38 130 142 255 
-0.2930046 -0.8514972 -1.889015 0 0 0 36 134 142 255 
-0.2987001 -0.8983818 -1.899719 0 0 0 35 137 142 255 
-0.3078059 -0.9559498 -1.891244 0 0 0 38 130 142 255 
-0.3008822 -1.015307 -1.90977 0 0 0 35 136 142 255 
-0.3144811 -1.073893 -1.893209 0 0 0 39 128 142 255 
-0.301933 -1.1253 -1.930265 0 0 0 33 142 141 255 
-0.3188378 -1.180011 -1.912579 0 0 0 37 132 142 255 
-0.3256842 -1.23896 -1.90878 0 0 0 35 137 142 255 
-0.3349306 -1.298992 -1.902046 0 0 0 35 137 142 255 
-0.3521338 -1.343224 -1.880741 0 0 0 39 126 142 255 
-0.4453079 -1.375806 -1.73683 0 0 0 52 97 141 255 
-0.4706583 -1.427708 -1.703858 0 0 0 54 93 141 255 
-0.3756226 -1.519689 -1.87629 0 0 0 38 129 142 255 
-0.3689255 -1.572348 -1.890117 0 0 0 33 143 141 255 
-0.6107761 -1.544128 -1.491274 0 0 0 69 53 129 255 
-0.788712 -1.534251 -1.203661 0 0 0 68 59 132 255 
-0.9286481 -1.534637 -0.9793935 0 0 0 65 66 135 255 
-0.9881864 -1.550599 -0.86707 0 0 0 61 78 138 255 
-1.016723 -1.589656 -0.8334925 0 0 0 59 82 139 255 
-1.031408 -1.635168 -0.8240045 0 0 0 64 69 136 255 
-0.3821846 -2.009097 -1.959316 0 0 0 32 164 134 255 
-1.930236 0.4441826 1.049824 0 0 0 47 108 142 255 
-1.919496 0.4223532 1.021169 0 0 0 55 91 141 255 
-1.863984 0.4278636 0.9273118 0 0 0 53 94 141 255 
-1.814526 0.4286115 0.8430933 0 0 0 57 86 140 255 
-1.714479 0.4569889 0.7000104 0 0 0 42 118 142 255 
-1.667444 0.4496508 0.6181482 0 0 0 43 116 142 255 
-1.618434 0.4444049 0.533766 0 0 0 51 99 141 255 
-1.560697 0.4412504 0.4388059 0 0 0 53 94 141 255 
-1.450233 0.4655332 0.2712194 0 0 0 39 128 142 255 
-1.383948 0.4606986 0.1610252 0 0 0 54 92 141 255 
-1.301229 0.462138 0.0269417 0 0 0 44 115 142 255 
-1.232574 0.4545913 -0.08654854 0 0 0 49 103 142 255 
-1.101754 0.4768089 -0.2917717 0 0 0 36 135 142 255 
-1.011824 0.4712926 -0.4389775 0 0 0 52 97 141 255 
-0.9026663 0.4707194 -0.6158321 0 0 0 44 114 142 255 
-0.7734709 0.4726367 -0.8199512 0 0 0 50 100 142 255 
-0.6085255 0.49281 -1.087211 0 0 0 45 113 142 255 
-0.4517409 0.4952191 -1.336641 0 0 0 40 125 142 255 
-0.2717764 0.4995234 -1.626933 0 0 0 48 105 142 255 
-0.1771976 0.4719891 -1.778953 0 0 0 46 110 142 255 
-0.1706492 0.4283431 -1.808249 0 0 0 41 123 142 255 
-0.1707968 0.3693099 -1.814057 0 0 0 41 121 142 255 
-0.2099679 0.3024221 -1.760349 0 0 0 44 113 142 255 
-0.1894511 0.2495223 -1.796138 0 0 0 49 104 142 255 
-0.192967 0.2039714 -1.812122 0 0 0 41 123 142 255 
-0.1915598 0.1462763 -1.818973 0 0 0 44 114 142 255 
-0.2068182 0.08535787 -1.801604 0 0 0 44 115 142 255 
-0.2156864 0.02524047 -1.791317 0 0 0 45 113 142 255 
-0.2128109 -0.01820076 -1.819993 0 0 0 39 128 142 255 
-0.220001 -0.0775587 -1.814491 0 0 0 42 120 142 255 
-0.2361439 -0.1370695 -1.793838 0 0 0 43 117 142 255 
-0.2316887 -0.1934033 -1.803146 0 0 0 42 118 142 255 
-0.2184566 -0.2388395 -1.847098 0 0 0 35 137 142 255 
-0.2333456 -0.296707 -1.828465 0 0 0 39 126 142 255 
-0.2346334 -0.3549406 -1.832557 0 0 0 38 129 142 255 
-0.2430423 -0.4136652 -1.821579 0 0 0 41 123 142 255 
-0.2452555 -0.4585022 -1.842459 0 0 0 36 134 142 255 
-0.2637639 -0.517833 -1.818909 0 0 0 41 122 142 255 
-0.2829947 -0.5629331 -1.802333 0 0 0 38 129 142 255 
-0.2642633 -0.6324831 -1.824857 0 0 0 38 130 142 255 
-0.258474 -0.6806766 -1.85402 0 0 0 35 137 142 255 
-0.2754226 -0.737022 -1.836451 0 0 0 38 130 142 255 
-0.2938923 -0.7932981 -1.812128 0 0 0 37 131 142 255 
-0.2929042 -0.8518872 -1.818539 0 0 0 38 130 142 255 
-0.2859599 -0.8998551 -1.849658 0 0 0 35 137 142 255 
-0.2888749 -0.9579553 -1.851438 0 0 0 36 134 142 255 
-0.3067595 -1.013108 -1.82907 0 0 0 37 133 142 255 
-0.3142083 -1.072088 -1.822802 0 0 0 38 130 142 255 
-0.3137622 -1.120636 -1.839348 0 0 0 34 141 141 255 
-0.3121433 -1.178512 -1.85237 0 0 0 34 139 141 255 
-0.331329 -1.234123 -1.828235 0 0 0 37 132 142 255 
-0.4328796 -1.270133 -1.66883 0 0 0 57 85 140 255 
-0.5298066 -1.291008 -1.515453 0 0 0 60 80 139 255 
-0.5558646 -1.33902 -1.484203 0 0 0 61 78 138 255 
-0.5566107 -1.395733 -1.492232 0 0 0 62 76 138 255 
-0.5514538 -1.455758 -1.511986 0 0 0 62 73 137 255 
-0.3924911 -1.557321 -1.77961 0 0 0 44 114 142 255 
-0.5276056 -1.567345 -1.564626 0 0 0 66 63 133 255 
-0.7557457 -1.539804 -1.197092 0 0 0 70 52 128 255 
-0.9270844 -1.527994 -0.9231558 0 0 0 66 64 134 255 
-0.9633063 -1.553597 -0.851603 0 0 0 63 71 136 255 
-1.021936 -1.579424 -0.7678506 0 0 0 58 84 140 255 
-1.012774 -1.635372 -0.7987118 0 0 0 59 82 139 255 
-0.3863465 -1.995616 -1.879696 0 0 0 31 161 136 255 
-1.903346 0.4504409 1.039916 0 0 0 46 109 142 255 
-1.930554 0.4051658 1.067749 0 0 0 56 88 140 255 
-1.836353 0.4335711 0.9176275 0 0 0 51 99 141 255 
-1.79909 0.4267547 0.8526384 0 0 0 57 85 140 255 
-1.704545 0.4514719 0.7196748 0 0 0 41 121 142 255 
-1.637849 0.4544873 0.6094648 0 0 0 44 113 142 255 
-1.613889 0.4356773 0.563704 0 0 0 52 96 141 255 
-1.523599 0.4487267 0.4210077 0 0 0 50 102 142 255 
-1.431296 0.4632511 0.2829819 0 0 0 38 129 142 255 
-1.345091 0.4673445 0.14414 0 0 0 44 115 142 255 
-1.29365 0.453893 0.05905122 0 0 0 46 110 142 255 
-1.198612 0.4576128 -0.0929362 0 0 0 50 101 142 255 
-1.085816 0.4714244 -0.26811 0 0 0 35 137 142 255 
-0.9821222 0.471066 -0.4343242 0 0 0 41 121 142 255 
-0.8654457 0.4727173 -0.6203567 0 0 0 45 112 142 255 
-0.7414378 0.4719051 -0.8138856 0 0 0 48 106 142 255 
-0.5877468 0.4872705 -1.060432 0 0 0 44 115 142 255 
-0.4358992 0.4874604 -1.298993 0 0 0 41 121 142 255 
-0.2541689 0.4917782 -1.588136 0 0 0 47 107 142 255 
-0.1780604 0.4585871 -1.709738 0 0 0 47 107 142 255 
-0.1713114 0.4153847 -1.738858 0 0 0 41 122 142 255 
-0.1843763 0.3534881 -1.72461 0 0 0 41 122 142 255 
-0.1981014 0.293841 -1.710946 0 0 0 46 109 142 255 
-0.1967861 0.2367801 -1.716534 0 0 0 49 103 142 255 
-0.1872548 0.1945722 -1.75244 0 0 0 39 126 142 255 
-0.2116411 0.1321782 -1.719053 0 0 0 45 113 142 255 
-0.2076908 0.07570777 -1.731794 0 0 0 45 113 142 255 
-0.2231147 0.01511932 -1.711418 0 0 0 46 109 142 255 
-0.2199809 -0.02779748 -1.739936 0 0 0 42 120 142 255 
-0.2143644 -0.08475179 -1.754576 0 0 0 43 116 142 255 
-0.2306591 -0.1437894 -1.733959 0 0 0 44 115 142 255 
-0.2326153 -0.2003031 -1.733079 0 0 0 45 113 142 255 
-0.2382993 -0.2468882 -1.746466 0 0 0 39 128 142 255 
-0.2533112 -0.3038415 -1.727847 0 0 0 42 120 142 255 
-0.2353436 -0.3602415 -1.76229 0 0 0 41 121 142 255 
-0.2438426 -0.4183781 -1.751319 0 0 0 41 121 142 255 
-0.2586212 -0.4629725 -1.751807 0 0 0 38 130 142 255 
-0.2581143 -0.5215193 -1.758801 0 0 0 37 131 142 255 
-0.2774156 -0.5662415 -1.742293 0 0 0 41 123 142 255 
-0.2649803 -0.6350113 -1.754535 0 0 0 39 126 142 255 
-0.2525849 -0.6830912 -1.793769 0 0 0 34 141 141 255 
-0.2696256 -0.7389677 -1.776269 0 0 0 37 133 142 255 
-0.2882424 -0.7947662 -1.752039 0 0 0 40 125 142 255 
-0.2872134 -0.8528947 -1.758429 0 0 0 39 126 142 255 
-0.2863313 -0.8997371 -1.779283 0 0 0 38 130 142 255 
-0.289214 -0.9572636 -1.781071 0 0 0 38 130 142 255 
-0.3009186 -1.012836 -1.768977 0 0 0 38 130 142 255 
-0.3021104 -1.07246 -1.772917 0 0 0 38 129 142 255 
-0.301533 -1.120737 -1.789437 0 0 0 34 141 141 255 
-0.3185539 -1.174307 -1.771955 0 0 0 35 137 142 255 
-0.400147 -1.214781 -1.646428 0 0 0 53 94 141 255 
-0.53352 -1.240971 -1.437035 0 0 0 60 79 138 255 
-0.4946483 -1.296165 -1.507427 0 0 0 59 82 139 255 
-0.5642236 -1.331907 -1.405388 0 0 0 61 77 138 255 
-0.5525103 -1.391691 -1.433701 0 0 0 59 82 139 255 
-0.5533264 -1.449262 -1.443326 0 0 0 62 74 137 255 
-0.5399615 -1.500312 -1.467623 0 0 0 63 72 137 255 
-0.357852 -1.621549 -1.77834 0 0 0 34 141 141 255 
-0.7471176 -1.536104 -1.149974 0 0 0 70 48 126 255 
-0.9139774 -1.526172 -0.887195 0 0 0 69 56 130 255 
-0.9445856 -1.554066 -0.8259416 0 0 0 67 62 133 255 
-0.9916412 -1.585011 -0.7626075 0 0 0 56 88 140 255 
-0.9943566 -1.635567 -0.7733427 0 0 0 56 89 140 255 
-0.3674592 -1.993582 -1.840344 0 0 0 31 161 136 255 
-1.882686 0.4526904 1.039575 0 0 0 46 110 142 255 
-1.890854 0.4188933 1.039066 0 0 0 57 86 140 255 
-1.808542 0.4392455 0.9081833 0 0 0 50 101 142 255 
-1.783712 0.4248951 0.8622774 0 0 0 57 86 140 255 
-1.688346 0.4495089 0.7298838 0 0 0 43 117 142 255 
-1.627428 0.44902 0.6296046 0 0 0 44 114 142 255 
-1.596747 0.4336025 0.5744754 0 0 0 61 78 138 255 
-1.524957 0.4369352 0.4611084 0 0 0 54 93 141 255 
-1.42538 0.4547474 0.3140889 0 0 0 41 122 142 255 
-1.331857 0.461961 0.1661921 0 0 0 44 115 142 255 
-1.260462 0.4572138 0.05242318 0 0 0 46 109 142 255 
-1.183949 0.4522767 -0.06992079 0 0 0 51 99 141 255 
-1.063593 0.4687316 -0.254117 0 0 0 35 137 142 255 
-0.9523914 0.4708193 -0.4294498 0 0 0 39 126 142 255 
-0.8540766 0.4648493 -0.5854473 0 0 0 47 107 142 255 
-0.7223992 0.466463 -0.7879758 0 0 0 52 96 141 255 
-0.5541852 0.4862438 -1.05322 0 0 0 35 136 142 255 
-0.4008787 0.4861445 -1.290872 0 0 0 39 126 142 255 
-0.2238968 0.4881084 -1.569053 0 0 0 50 102 142 255 
-0.1666234 0.4490829 -1.6605 0 0 0 46 109 142 255 
-0.1727094 0.4024948 -1.669661 0 0 0 39 127 142 255 
-0.1728852 0.344599 -1.675243 0 0 0 40 124 142 255 
-0.1932425 0.2837009 -1.651635 0 0 0 46 111 142 255 
-0.2049803 0.2241202 -1.637205 0 0 0 52 97 141 255 
-0.1821591 0.1852253 -1.692874 0 0 0 39 126 142 255 
-0.2002798 0.1245928 -1.669556 0 0 0 44 114 142 255 
-0.2027909 0.06729144 -1.672196 0 0 0 44 115 142 255 
-0.211867 0.008231677 -1.661867 0 0 0 48 106 142 255 
-0.22152 -0.03635063 -1.670199 0 0 0 41 123 142 255 
-0.2158389 -0.09273692 -1.684726 0 0 0 41 121 142 255 
-0.2322868 -0.1511866 -1.664137 0 0 0 43 116 142 255 
-0.2407789 -0.2077526 -1.653142 0 0 0 45 112 142 255 
-0.2203826 -0.2516815 -1.706792 0 0 0 36 134 142 255 
-0.2420093 -0.3088055 -1.678132 0 0 0 38 130 142 255 
-0.2497369 -0.3660665 -1.67202 0 0 0 42 119 142 255 
-0.2583258 -0.4233826 -1.661054 0 0 0 42 120 142 255 
-0.2600741 -0.4671631 -1.681746 0 0 0 39 126 142 255 
-0.2724181 -0.5250705 -1.668448 0 0 0 41 123 142 255 
-0.2788853 -0.5693795 -1.672245 0 0 0 42 120 142 255 
-0.2664367 -0.6374713 -1.684412 0 0 0 41 121 142 255 
-0.2601509 -0.6847534 -1.71337 0 0 0 36 134 142 255 
-0.2772603 -0.7399349 -1.695937 0 0 0 40 125 142 255 
-0.2768042 -0.7967586 -1.702206 0 0 0 38 130 142 255 
-0.2821358 -0.8538491 -1.698441 0 0 0 38 129 142 255 
-0.2874405 -0.8995507 -1.709106 0 0 0 34 141 141 255 
-0.2966533 -0.9556045 -1.700768 0 0 0 38 130 142 255 
-0.3083922 -1.010487 -1.688745 0 0 0 37 133 142 255 
-0.3158661 -1.068273 -1.682576 0 0 0 38 130 142 255 
-0.3087572 -1.117131 -1.709191 0 0 0 34 140 141 255 
-0.3258192 -1.17002 -1.691817 0 0 0 37 131 142 255 
-0.4836258 -1.192308 -1.445444 0 0 0 63 72 137 255 
-0.511296 -1.24287 -1.408808 0 0 0 61 77 138 255 
-0.5095944 -1.288055 -1.418348 0 0 0 61 78 138 255 
-0.5422037 -1.333573 -1.377324 0 0 0 63 72 137 255 
-0.5676877 -1.381932 -1.34505 0 0 0 59 81 139 255 
-0.5621241 -1.440693 -1.3648 0 0 0 64 69 136 255 
-0.5423765 -1.493287 -1.399129 0 0 0 64 69 136 255 
-0.3706822 -1.609774 -1.688637 0 0 0 38 130 142 255 
-0.6959108 -1.548646 -1.173192 0 0 0 72 41 121 255 
-0.8583495 -1.541438 -0.9214192 0 0 0 70 48 126 255 
-0.9383274 -1.549442 -0.7802008 0 0 0 68 58 131 255 
-0.9552262 -1.593273 -0.7671297 0 0 0 56 88 140 255 
-1.000409 -1.624678 -0.7079879 0 0 0 59 81 139 255 
-0.3851141 -1.974191 -1.741166 0 0 0 31 160 136 255 
-1.887846 0.4390416 1.076571 0 0 0 45 113 142 255 
-1.883086 0.4133085 1.057489 0 0 0 55 90 140 255 
-1.812915 0.4262031 0.9459245 0 0 0 52 96 141 255 
-1.781347 0.4157786 0.8908699 0 0 0 57 85 140 255 
-1.685223 0.4404703 0.7590783 0 0 0 46 111 142 255 
-1.610682 0.4469802 0.6402864 0 0 0 44 113 142 255 
-1.566652 0.4381361 0.5663072 0 0 0 67 62 133 255 
-1.500673 0.437969 0.4628682 0 0 0 50 100 142 255 
-1.400178 0.4555739 0.3164317 0 0 0 39 126 142 255 
-1.325359 0.4536011 0.1978985 0 0 0 43 117 142 255 
-1.240198 0.4547448 0.06535167 0 0 0 46 111 142 255 
-1.162941 0.4497175 -0.05652236 0 0 0 51 99 141 255 
-1.04801 0.4633588 -0.2302975 0 0 0 38 130 142 255 
-0.9291854 0.4679913 -0.4146394 0 0 0 41 123 142 255 
-0.8299268 0.4619057 -0.5700309 0 0 0 46 109 142 255 
-0.690445 0.4657056 -0.7815194 0 0 0 51 99 141 255 
-0.5271751 0.4829528 -1.035974 0 0 0 37 132 142 255 
-0.3658479 0.4848076 -1.282497 0 0 0 40 124 142 255 
-0.2134669 0.4783756 -1.520281 0 0 0 50 100 142 255 
-0.1754135 0.4338936 -1.58175 0 0 0 49 103 142 255 
-0.174843 0.3896715 -1.600666 0 0 0 40 125 142 255 
-0.1553071 0.3374493 -1.635813 0 0 0 38 130 142 255 
-0.2021498 0.2704332 -1.572628 0 0 0 46 109 142 255 
-0.2074522 0.2130215 -1.568082 0 0 0 51 98 141 255 
-0.1908151 0.1731616 -1.613541 0 0 0 41 123 142 255 
-0.2091248 0.1132275 -1.590228 0 0 0 45 112 142 255 
-0.205078 0.0577704 -1.602749 0 0 0 46 111 142 255 
-0.2142574 -0.0007031187 -1.592396 0 0 0 46 111 142 255 
-0.2303537 -0.04578807 -1.590661 0 0 0 42 118 142 255 
-0.211494 -0.09981605 -1.625096 0 0 0 41 122 142 255 
-0.2346517 -0.1585153 -1.594521 0 0 0 44 114 142 255 
-0.2432457 -0.2145084 -1.58352 0 0 0 44 114 142 255 
-0.2224558 -0.2579996 -1.636943 0 0 0 39 128 142 255 
-0.2508113 -0.3149429 -1.598303 0 0 0 39 126 142 255 
-0.2585825 -0.3715043 -1.592176 0 0 0 42 120 142 255 
-0.2476592 -0.4275987 -1.611409 0 0 0 42 119 142 255 
-0.2557524 -0.4712024 -1.62197 0 0 0 37 133 142 255 
-0.2616768 -0.5286621 -1.618791 0 0 0 40 124 142 255 
-0.2681034 -0.5726988 -1.622585 0 0 0 39 126 142 255 
-0.2621303 -0.6401255 -1.624581 0 0 0 39 128 142 255 
-0.255617 -0.6870459 -1.653443 0 0 0 35 136 142 255 
-0.2792861 -0.7412886 -1.625986 0 0 0 37 132 142 255 
-0.2852424 -0.7969584 -1.622138 0 0 0 38 130 142 255 
-0.3034866 -0.8519483 -1.598211 0 0 0 39 126 142 255 
-0.2892839 -0.8992965 -1.639134 0 0 0 35 136 142 255 
-0.2985244 -0.954769 -1.630844 0 0 0 39 127 142 255 
-0.310309 -1.009075 -1.618889 0 0 0 37 131 142 255 
-0.3049905 -1.06854 -1.63294 0 0 0 38 129 142 255 
-0.3040703 -1.115903 -1.649401 0 0 0 34 140 141 255 
-0.3212009 -1.168333 -1.632127 0 0 0 36 135 142 255 
-0.4677569 -1.192889 -1.40689 0 0 0 62 74 137 255 
-0.5019807 -1.241609 -1.360353 0 0 0 62 76 138 255 
-0.5191793 -1.281517 -1.3397 0 0 0 61 77 138 255 
-0.53933 -1.329892 -1.319005 0 0 0 61 77 138 255 
-0.5523913 -1.381551 -1.306993 0 0 0 61 78 138 255 
-0.5592263 -1.436066 -1.306634 0 0 0 62 74 137 255 
-0.5517602 -1.484088 -1.320829 0 0 0 62 73 137 255 
-0.5278804 -1.546887 -1.369053 0 0 0 68 57 131 255 
-0.6194915 -1.570584 -1.235936 0 0 0 71 44 122 255 
-0.8269541 -1.546975 -0.9151505 0 0 0 72 40 120 255 
-0.9201589 -1.549878 -0.7544686 0 0 0 69 55 129 255 
-0.9678984 -1.580271 -0.6917322 0 0 0 55 90 140 255 
-1.007151 -1.613721 -0.642868 0 0 0 65 66 135 255 
-1.037169 -1.653458 -0.6101094 0 0 0 66 63 133 255 
-1.867298 0.4412849 1.076404 0 0 0 46 110 142 255 
-1.855906 0.4192648 1.048006 0 0 0 55 91 141 255 
-1.798107 0.4243912 0.9554783 0 0 0 52 97 141 255 
-1.753139 0.4211662 0.8818408 0 0 0 57 86 140 255 
-1.682401 0.4314581 0.7882181 0 0 0 56 89 140 255 
-1.600571 0.4415268 0.6605165 0 0 0 45 113 142 255 
-1.56267 0.429441 0.5963339 0 0 0 54 92 141 255 
-1.482918 0.4357944 0.474331 0 0 0 52 97 141 255 
-1.374929 0.456382 0.3189668 0 0 0 39 126 142 255 
-1.305983 0.4512263 0.2104308 0 0 0 43 117 142 255 
-1.220014 0.4522714 0.07840423 0 0 0 46 111 142 255 
-1.148626 0.4443933 -0.03336379 0 0 0 51 99 141 255 
-1.019408 0.4633322 -0.2257202 0 0 0 36 134 142 255 
-0.899456 0.4677135 -0.4093641 0 0 0 39 127 142 255 
-0.8058703 0.4589577 -0.5544662 0 0 0 46 109 142 255 
-0.6849891 0.4556074 -0.7359197 0 0 0 53 95 141 255 
-0.5135277 0.4751808 -0.9990631 0 0 0 35 136 142 255 
-0.370612 0.470699 -1.215241 0 0 0 55 90 140 255 
-0.1637118 0.4807497 -1.530329 0 0 0 42 118 142 255 
-0.1784169 0.4206879 -1.513099 0 0 0 47 108 142 255 
-0.184342 0.3751096 -1.522038 0 0 0 40 125 142 255 
-0.1646425 0.3235486 -1.556939 0 0 0 41 123 142 255 
-0.1787224 0.2651622 -1.543261 0 0 0 45 112 142 255 
-0.1973709 0.2049292 -1.51894 0 0 0 50 101 142 255 
-0.2003267 0.1611802 -1.534494 0 0 0 41 121 142 255 
-0.20556 0.1044763 -1.531029 0 0 0 42 119 142 255 
-0.2213672 0.04601729 -1.513646 0 0 0 44 115 142 255 
-0.2240193 -0.01060366 -1.513191 0 0 0 46 110 142 255 
-0.2201896 -0.05230606 -1.541307 0 0 0 40 124 142 255 
-0.2210003 -0.108501 -1.545645 0 0 0 39 126 142 255 
-0.2311339 -0.1650597 -1.535102 0 0 0 44 115 142 255 
-0.2332088 -0.2199893 -1.534095 0 0 0 44 114 142 255 
-0.2252652 -0.2642494 -1.567303 0 0 0 35 136 142 255 
-0.2406723 -0.3198073 -1.54881 0 0 0 40 125 142 255 
-0.2353079 -0.3754541 -1.562728 0 0 0 40 124 142 255 
-0.2440767 -0.4319407 -1.551796 0 0 0 42 120 142 255 
-0.2520437 -0.4751875 -1.562327 0 0 0 36 134 142 255 
-0.2711288 -0.5320882 -1.539059 0 0 0 41 122 142 255 
-0.284031 -0.5754494 -1.532775 0 0 0 39 126 142 255 
-0.2781176 -0.6419149 -1.53475 0 0 0 41 122 142 255 
-0.2647777 -0.6885559 -1.573541 0 0 0 35 137 142 255 
-0.2755144 -0.7430514 -1.566302 0 0 0 37 133 142 255 
-0.2880124 -0.7976667 -1.552417 0 0 0 38 130 142 255 
-0.28033 -0.8548896 -1.568799 0 0 0 37 133 142 255 
-0.2918606 -0.8989732 -1.569373 0 0 0 34 140 141 255 
-0.3011263 -0.953865 -1.561134 0 0 0 38 130 142 255 
-0.2935354 -1.010675 -1.5794 0 0 0 35 137 142 255 
-0.2945988 -1.068768 -1.58336 0 0 0 37 132 142 255 
-0.2999899 -1.114622 -1.589744 0 0 0 33 143 141 255 
-0.310762 -1.167941 -1.582612 0 0 0 34 141 141 255 
-0.4843166 -1.186123 -1.318143 0 0 0 65 68 135 255 
-0.4995429 -1.238726 -1.301931 0 0 0 63 71 136 255 
-0.523217 -1.276571 -1.271372 0 0 0 60 79 138 255 
-0.5434209 -1.324369 -1.250813 0 0 0 60 79 138 255 
-0.5437914 -1.379245 -1.258917 0 0 0 56 88 140 255 
-0.5569211 -1.431386 -1.248611 0 0 0 61 78 138 255 
-0.5619789 -1.474807 -1.242825 0 0 0 63 72 137 255 
-0.525124 -1.541425 -1.310886 0 0 0 66 64 134 255 
-0.5484942 -1.590305 -1.28793 0 0 0 72 29 111 255 
-0.7768118 -1.559909 -0.9384977 0 0 0 72 41 121 255 
-0.8959669 -1.552861 -0.7385883 0 0 0 70 51 127 255 
-0.9192508 -1.593882 -0.7157847 0 0 0 56 88 140 255 
-1.033127 -1.594344 -0.5482853 0 0 0 69 55 129 255 
-1.032353 -1.64761 -0.5652388 0 0 0 58 83 139 255 
-1.866452 0.4316442 1.104052 0 0 0 46 111 142 255 
-1.835136 0.4213537 1.048031 0 0 0 54 92 141 255 
-1.770177 0.4300197 0.9464996 0 0 0 50 101 142 255 
-1.731349 0.4229082 0.8824105 0 0 0 58 83 139 255 
-1.646759 0.4400763 0.770471 0 0 0 57 86 140 255 
-1.577391 0.4428892 0.6619584 0 0 0 45 113 142 255 
-1.552361 0.4240635 0.6168655 0 0 0 53 94 141 255 
-1.45196 0.4399795 0.4669473 0 0 0 50 100 142 255 
-1.349636 0.4571721 0.3216939 0 0 0 41 121 142 255 
-1.293342 0.4458744 0.2326112 0 0 0 42 120 142 255 
-1.213238 0.4440675 0.1107017 0 0 0 47 107 142 255 
-1.134515 0.4390798 -0.01015638 0 0 0 53 95 141 255 
-0.9974487 0.4606254 -0.2113197 0 0 0 37 131 142 255 
-0.8897322 0.4597743 -0.3749519 0 0 0 39 127 142 255 
-0.7752283 0.4584395 -0.5484194 0 0 0 46 110 142 255 
-0.6599269 0.4525166 -0.719465 0 0 0 50 100 142 255 
-0.4868537 0.4718921 -0.9815649 0 0 0 36 135 142 255 
-0.3225405 0.4736004 -1.22606 0 0 0 49 104 142 255 
-0.1605818 0.4690441 -1.471671 0 0 0 40 125 142 255 
-0.1821485 0.4075509 -1.44466 0 0 0 49 103 142 255 
-0.1746121 0.3660324 -1.473093 0 0 0 39 128 142 255 
-0.1882241 0.3063574 -1.458731 0 0 0 40 124 142 255 
-0.2024302 0.2488738 -1.444976 0 0 0 45 112 142 255 
-0.2078885 0.1924905 -1.44032 0 0 0 49 103 142 255 
-0.18393 0.1547657 -1.495208 0 0 0 39 128 142 255 
-0.2159931 0.09326401 -1.452205 0 0 0 42 119 142 255 
-0.2185487 0.03779209 -1.4546 0 0 0 44 114 142 255 
-0.2145452 -0.01733756 -1.463997 0 0 0 45 113 142 255 
-0.2038321 -0.05784737 -1.501935 0 0 0 38 129 142 255 
-0.2180021 -0.1154572 -1.486362 0 0 0 41 123 142 255 
-0.2282261 -0.1715497 -1.47582 0 0 0 43 116 142 255 
-0.2570617 -0.2284075 -1.434974 0 0 0 45 113 142 255 
-0.2354703 -0.270931 -1.487914 0 0 0 38 130 142 255 
-0.2443449 -0.3254099 -1.479425 0 0 0 38 129 142 255 
-0.2322458 -0.3802147 -1.503236 0 0 0 39 128 142 255 
-0.2477618 -0.436386 -1.482336 0 0 0 42 118 142 255 
-0.2423094 -0.4790508 -1.512821 0 0 0 38 130 142 255 
-0.2748072 -0.5354797 -1.469628 0 0 0 40 125 142 255 
-0.2678536 -0.5788007 -1.493397 0 0 0 41 123 142 255 
-0.2619721 -0.6449941 -1.49532 0 0 0 40 125 142 255 
-0.2615882 -0.6907256 -1.513963 0 0 0 34 139 141 255 
-0.2855332 -0.7437896 -1.486727 0 0 0 36 135 142 255 
-0.2915128 -0.7983058 -1.482915 0 0 0 38 130 142 255 
-0.2837201 -0.8549598 -1.499239 0 0 0 38 129 142 255 
-0.2820536 -0.9001954 -1.519869 0 0 0 35 138 141 255 
-0.2848226 -0.9556563 -1.521686 0 0 0 37 133 142 255 
-0.3097947 -1.007078 -1.489832 0 0 0 38 130 142 255 
-0.3107865 -1.064346 -1.493812 0 0 0 38 130 142 255 
-0.3030197 -1.112042 -1.520215 0 0 0 32 146 140 255 
-0.3137842 -1.164798 -1.513148 0 0 0 33 142 141 255 
-0.4500395 -1.191035 -1.309744 0 0 0 64 69 136 255 
-0.4976999 -1.235789 -1.243658 0 0 0 62 76 138 255 
-0.4957445 -1.279972 -1.253178 0 0 0 53 95 141 255 
-0.5289464 -1.324162 -1.212774 0 0 0 56 88 140 255 
-0.5228518 -1.380721 -1.230839 0 0 0 55 91 141 255 
-0.5552081 -1.426651 -1.190736 0 0 0 55 90 140 255 
-0.5475265 -1.473931 -1.204898 0 0 0 60 80 139 255 
-0.5356653 -1.531445 -1.233 0 0 0 66 65 134 255 
-0.4071562 -1.63596 -1.448343 0 0 0 54 93 141 255 
-0.7073935 -1.580307 -0.9911052 0 0 0 71 42 122 255 
-0.8781757 -1.553285 -0.7126746 0 0 0 70 50 126 255 
-0.9204034 -1.586141 -0.6603853 0 0 0 66 63 133 255 
-0.9977293 -1.602765 -0.5528031 0 0 0 68 59 132 255 
-1.046606 -1.632991 -0.4909145 0 0 0 60 80 139 255 
-1.84596 0.4338745 1.104095 0 0 0 46 111 142 255 
-1.847536 0.40428 1.094367 0 0 0 55 90 140 255 
-1.768669 0.4207563 0.974859 0 0 0 52 97 141 255 
-1.736115 0.4102133 0.9204066 0 0 0 59 82 139 255 
-1.624192 0.4416208 0.7717095 0 0 0 45 112 142 255 
-1.59428 0.4238681 0.71979 0 0 0 56 89 140 255 
-1.515484 0.4318338 0.5997986 0 0 0 52 97 141 255 
-1.434231 0.4377831 0.4787073 0 0 0 51 98 141 255 
-1.344438 0.4487029 0.3529898 0 0 0 40 125 142 255 
-1.274183 0.4435 0.2453404 0 0 0 42 119 142 255 
-1.206782 0.4358896 0.1429653 0 0 0 50 102 142 255 
-1.113879 0.4365226 0.003548088 0 0 0 50 102 142 255 
-0.9755783 0.4579132 -0.1967824 0 0 0 34 139 141 255 
-0.880342 0.4518614 -0.3405556 0 0 0 41 122 142 255 
-0.7580504 0.4530463 -0.5228947 0 0 0 47 107 142 255 
-0.6349671 0.449421 -0.7028574 0 0 0 54 93 141 255 
-0.4602883 0.4685977 -0.9639041 0 0 0 38 130 142 255 
-0.3079947 0.4658999 -1.18801 0 0 0 43 116 142 255 
-0.1648151 0.4553957 -1.403436 0 0 0 42 118 142 255 
-0.1730832 0.3982522 -1.395907 0 0 0 48 105 142 255 
-0.1653667 0.3569938 -1.424205 0 0 0 36 135 142 255 
-0.1723503 0.2993541 -1.419622 0 0 0 38 129 142 255 
-0.2069509 0.2374026 -1.376525 0 0 0 46 110 142 255 
-0.2057242 0.1830447 -1.381611 0 0 0 49 103 142 255 
-0.1881522 0.1442851 -1.426423 0 0 0 38 129 142 255 
-0.2002576 0.08713518 -1.413041 0 0 0 42 118 142 255 
-0.2163375 0.02962104 -1.395696 0 0 0 43 117 142 255 
-0.2325886 -0.02811205 -1.375411 0 0 0 47 108 142 255 
-0.2148034 -0.06708544 -1.423006 0 0 0 38 130 142 255 
-0.2223532 -0.1231742 -1.417326 0 0 0 41 122 142 255 
-0.2461469 -0.180087 -1.38697 0 0 0 43 117 142 255 
-0.2415621 -0.2331848 -1.395782 0 0 0 44 113 142 255 
-0.2129099 -0.2750599 -1.458464 0 0 0 35 137 142 255 
-0.2353034 -0.3301808 -1.430133 0 0 0 39 126 142 255 
-0.2499468 -0.3857178 -1.414068 0 0 0 41 123 142 255 
-0.2521753 -0.4407616 -1.413103 0 0 0 44 115 142 255 
-0.2464559 -0.4829953 -1.443459 0 0 0 37 131 142 255 
-0.2658362 -0.5389161 -1.420347 0 0 0 40 125 142 255 
-0.2720731 -0.5816852 -1.424091 0 0 0 38 129 142 255 
-0.2595563 -0.6474782 -1.435946 0 0 0 41 123 142 255 
-0.2523413 -0.6932206 -1.464502 0 0 0 34 140 141 255 
-0.2764459 -0.7459214 -1.437382 0 0 0 37 133 142 255 
-0.2824519 -0.8000898 -1.433585 0 0 0 38 130 142 255 
-0.2811995 -0.855684 -1.439874 0 0 0 37 133 142 255 
-0.292582 -0.8989342 -1.440492 0 0 0 33 143 141 255 
-0.3019102 -0.9527785 -1.432346 0 0 0 38 129 142 255 
-0.3006445 -1.007551 -1.440533 0 0 0 37 132 142 255 
-0.3081903 -1.063305 -1.434546 0 0 0 38 130 142 255 
-0.3002103 -1.110646 -1.460876 0 0 0 34 140 141 255 
-0.2978823 -1.165678 -1.473793 0 0 0 34 139 141 255 
-0.3373398 -1.213724 -1.420557 0 0 0 38 129 142 255 
-0.470376 -1.23919 -1.225326 0 0 0 69 56 130 255 
-0.4944046 -1.276616 -1.195051 0 0 0 68 58 131 255 
-0.514825 -1.32393 -1.174726 0 0 0 69 55 129 255 
-0.5086104 -1.380269 -1.19275 0 0 0 69 56 130 255 
-0.5089614 -1.436105 -1.20242 0 0 0 70 51 127 255 
-0.4240379 -1.509239 -1.335307 0 0 0 69 55 129 255 
-0.4572417 -1.552745 -1.293906 0 0 0 72 31 112 255 
-0.366006 -1.644204 -1.449047 0 0 0 35 136 142 255 
-0.6817751 -1.583497 -0.9739096 0 0 0 71 44 122 255 
-0.8669593 -1.551127 -0.676847 0 0 0 70 51 127 255 
-0.9094646 -1.583715 -0.6248243 0 0 0 66 64 134 255 
-1.012592 -1.588834 -0.478443 0 0 0 70 48 126 255 
-1.036592 -1.629963 -0.4561573 0 0 0 60 79 138 255 
-1.832114 0.4321458 1.113442 0 0 0 46 111 142 255 
-1.840348 0.3987276 1.112906 0 0 0 56 88 140 255 
-1.747335 0.4226421 0.975451 0 0 0 51 98 141 255 
-1.714449 0.4119499 0.9211614 0 0 0 58 83 139 255 
-1.608318 0.4396405 0.7824121 0 0 0 43 117 142 255 
-1.571352 0.4252372 0.7213547 0 0 0 64 70 136 255 
-1.512063 0.4231727 0.6299039 0 0 0 53 94 141 255 
-1.430084 0.4292499 0.5093731 0 0 0 51 99 141 255 
-1.332781 0.4433315 0.3748222 0 0 0 42 119 142 255 
-1.261878 0.4381629 0.2676387 0 0 0 42 119 142 255 
-1.193862 0.4305849 0.1657086 0 0 0 52 96 141 255 
-1.11369 0.4257468 0.04591256 0 0 0 52 96 141 255 
-0.9741811 0.4472621 -0.1535186 0 0 0 38 129 142 255 
-0.857692 0.4490371 -0.3252985 0 0 0 39 126 142 255 
-0.7274849 0.4525033 -0.516474 0 0 0 48 106 142 255 
-0.5964906 0.4509356 -0.7053093 0 0 0 50 100 142 255 
-0.4202159 0.469728 -0.9653394 0 0 0 35 137 142 255 
-0.2529193 0.4708403 -1.207855 0 0 0 41 122 142 255 
-0.1697703 0.4418173 -1.335427 0 0 0 44 113 142 255 
-0.1713215 0.3871164 -1.337526 0 0 0 45 112 142 255 
-0.1702349 0.3444234 -1.35595 0 0 0 37 131 142 255 
-0.1841129 0.2856903 -1.341565 0 0 0 38 130 142 255 
-0.1849181 0.2322416 -1.347298 0 0 0 44 113 142 255 
-0.1973431 0.1751 -1.332814 0 0 0 49 103 142 255 
-0.2067269 0.1311637 -1.338294 0 0 0 39 126 142 255 
-0.1917017 0.07978836 -1.364063 0 0 0 43 116 142 255 
-0.2215485 0.02037679 -1.327128 0 0 0 42 118 142 255 
-0.2038714 -0.03170023 -1.355976 0 0 0 44 115 142 255 
-0.2130214 -0.07439318 -1.364074 0 0 0 38 130 142 255 
-0.227432 -0.1308213 -1.34852 0 0 0 41 121 142 255 
-0.2378365 -0.1857521 -1.337965 0 0 0 43 116 142 255 
-0.2536334 -0.2402577 -1.3171 0 0 0 44 114 142 255 
-0.2245147 -0.2816098 -1.379485 0 0 0 36 135 142 255 
-0.2335302 -0.3352856 -1.371014 0 0 0 38 130 142 255 
-0.2415048 -0.3900885 -1.364888 0 0 0 41 122 142 255 
-0.2573175 -0.4450672 -1.3441 0 0 0 41 122 142 255 
-0.2378169 -0.4867644 -1.394162 0 0 0 34 139 141 255 
-0.2505963 -0.5423778 -1.381054 0 0 0 39 128 142 255 
-0.2702809 -0.5846549 -1.364944 0 0 0 39 128 142 255 
-0.2644883 -0.6496146 -1.366798 0 0 0 39 127 142 255 
-0.2570285 -0.6949016 -1.395243 0 0 0 34 139 141 255 
-0.281269 -0.7470134 -1.368236 0 0 0 37 133 142 255 
-0.2805792 -0.8012199 -1.374391 0 0 0 38 130 142 255 
-0.2792845 -0.8563535 -1.380658 0 0 0 37 133 142 255 
-0.2906017 -0.899233 -1.381301 0 0 0 34 141 141 255 
-0.2999635 -0.9526109 -1.373201 0 0 0 36 134 142 255 
-0.3052864 -1.005885 -1.371443 0 0 0 37 132 142 255 
-0.3128384 -1.061043 -1.365505 0 0 0 38 130 142 255 
-0.3046256 -1.107935 -1.39176 0 0 0 33 142 141 255 
-0.3087757 -1.161048 -1.394738 0 0 0 37 133 142 255 
-0.3353063 -1.211332 -1.361595 0 0 0 36 134 142 255 
-0.3115934 -1.274709 -1.404962 0 0 0 35 138 141 255 
-0.3164005 -1.319054 -1.40439 0 0 0 33 142 141 255 
-0.3439758 -1.367104 -1.374128 0 0 0 36 135 142 255 
-0.3250372 -1.429844 -1.41165 0 0 0 32 146 140 255 
-0.3323667 -1.486448 -1.411193 0 0 0 32 146 140 255 
-0.3378471 -1.531951 -1.405166 0 0 0 33 143 141 255 
-0.3456179 -1.585407 -1.403258 0 0 0 34 140 141 255 
-0.3698683 -1.635947 -1.380524 0 0 0 35 138 141 255 
-0.6241683 -1.599097 -1.005708 0 0 0 70 50 126 255 
-0.79831 -1.572156 -0.7292818 0 0 0 71 47 125 255 
-0.8860792 -1.586648 -0.6088673 0 0 0 68 57 131 255 
-1.009176 -1.583237 -0.4337671 0 0 0 68 57 131 255 
-1.039554 -1.621058 -0.4018804 0 0 0 60 79 138 255 
-1.825085 0.4264815 1.131974 0 0 0 46 109 142 255 
-1.806286 0.4084426 1.094849 0 0 0 57 86 140 255 
-1.73271 0.4208103 0.9854068 0 0 0 51 99 141 255 
-1.706269 0.4064877 0.9405574 0 0 0 57 85 140 255 
-1.59251 0.4376569 0.7932118 0 0 0 42 120 142 255 
-1.534767 0.4333477 0.7045193 0 0 0 49 104 142 255 
-1.495335 0.4210756 0.6413002 0 0 0 52 96 141 255 
-1.39899 0.4333802 0.5025524 0 0 0 52 97 141 255 
-1.31449 0.4410378 0.3873092 0 0 0 40 125 142 255 
-1.242937 0.4357874 0.2805629 0 0 0 44 115 142 255 
-1.167464 0.4309731 0.1696125 0 0 0 60 79 138 255 
-1.079713 0.4286646 0.0408098 0 0 0 53 95 141 255 
-0.9321108 0.4524776 -0.1673077 0 0 0 37 132 142 255 
-0.8419912 0.4436837 -0.3003843 0 0 0 41 123 142 255 
-0.7106237 0.4471147 -0.4907371 0 0 0 52 96 141 255 
-0.5922291 0.4409137 -0.6596139 0 0 0 54 93 141 255 
-0.4006194 0.4642016 -0.9376822 0 0 0 37 133 142 255 
-0.2524755 0.4589534 -1.15032 0 0 0 44 114 142 255 
-0.1548196 0.4342515 -1.296545 0 0 0 44 115 142 255 
-0.170161 0.3760332 -1.279294 0 0 0 46 110 142 255 
-0.1552024 0.3372571 -1.316948 0 0 0 37 133 142 255 
-0.1760834 0.2771015 -1.292896 0 0 0 38 129 142 255 
-0.1975256 0.2193269 -1.269435 0 0 0 44 114 142 255 
-0.1756703 0.1700732 -1.30353 0 0 0 48 105 142 255 
-0.1919049 0.124882 -1.299282 0 0 0 37 133 142 255 
-0.1973796 0.07001219 -1.295641 0 0 0 40 125 142 255 
-0.2137321 0.01344343 -1.278337 0 0 0 43 117 142 255 
-0.2440626 -0.04534125 -1.238553 0 0 0 47 107 142 255 
-0.2324303 -0.08439108 -1.275887 0 0 0 39 126 142 255 
-0.2195144 -0.1367989 -1.299573 0 0 0 37 131 142 255 
-0.2162855 -0.1900073 -1.308676 0 0 0 41 123 142 255 
-0.2391009 -0.2449555 -1.278049 0 0 0 44 114 142 255 
-0.2232777 -0.287117 -1.320515 0 0 0 35 137 142 255 
-0.2528884 -0.3414333 -1.282496 0 0 0 39 126 142 255 
-0.2403852 -0.3946698 -1.305924 0 0 0 39 127 142 255 
-0.2563468 -0.4491678 -1.285197 0 0 0 42 120 142 255 
-0.2569277 -0.4906748 -1.305433 0 0 0 35 138 141 255 
-0.2561526 -0.5455976 -1.312112 0 0 0 37 132 142 255 
-0.2826886 -0.5872443 -1.286178 0 0 0 39 126 142 255 
-0.2701438 -0.6516811 -1.297889 0 0 0 41 123 142 255 
-0.262441 -0.6965126 -1.326221 0 0 0 33 143 141 255 
-0.2800414 -0.7485428 -1.30922 0 0 0 38 129 142 255 
-0.2793089 -0.8022947 -1.315353 0 0 0 38 130 142 255 
-0.298243 -0.854753 -1.29193 0 0 0 38 129 142 255 
-0.2757502 -0.901136 -1.342055 0 0 0 33 142 141 255 
-0.2851669 -0.9542767 -1.333996 0 0 0 34 141 141 255 
-0.2972178 -1.006263 -1.322366 0 0 0 36 135 142 255 
-0.3115019 -1.059886 -1.306584 0 0 0 38 129 142 255 
-0.2897086 -1.108958 -1.352531 0 0 0 31 149 139 255 
-0.3205095 -1.156333 -1.315998 0 0 0 35 137 142 255 
-0.320563 -1.211874 -1.322535 0 0 0 37 133 142 255 
-0.3164984 -1.270206 -1.336146 0 0 0 33 144 141 255 
-0.3212638 -1.314085 -1.335617 0 0 0 31 149 139 255 
-0.3291315 -1.367003 -1.335094 0 0 0 34 140 141 255 
-0.3362998 -1.421808 -1.333116 0 0 0 33 142 141 255 
-0.3763552 -1.46746 -1.283566 0 0 0 41 123 142 255 
-0.4145309 -1.501185 -1.228586 0 0 0 51 99 141 255 
-0.3566872 -1.575422 -1.324981 0 0 0 38 130 142 255 
-0.3744369 -1.627619 -1.312233 0 0 0 35 137 142 255 
-0.5919929 -1.604822 -0.9977874 0 0 0 69 53 129 255 
-0.7678063 -1.577775 -0.7224151 0 0 0 71 46 124 255 
-0.8627945 -1.589585 -0.5927665 0 0 0 70 50 126 255 
-0.9805384 -1.588851 -0.4281644 0 0 0 69 53 129 255 
-1.043075 -1.612099 -0.347788 0 0 0 64 70 136 255 
-1.804593 0.4286817 1.132389 0 0 0 46 110 142 255 
-1.799214 0.4028841 1.11356 0 0 0 56 88 140 255 
-1.738615 0.4078944 1.022915 0 0 0 54 92 141 255 
-1.69144 0.4046202 0.9507711 0 0 0 58 83 139 255 
-1.576768 0.4356701 0.8041086 0 0 0 42 118 142 255 
-1.525351 0.427922 0.7250214 0 0 0 50 100 142 255 
-1.478676 0.4189758 0.6528 0 0 0 53 94 141 255 
-1.374609 0.4343253 0.5053191 0 0 0 51 98 141 255 
-1.296275 0.4387397 0.3999076 0 0 0 42 120 142 255 
-1.210288 0.4392957 0.2748609 0 0 0 43 117 142 255 
-1.14103 0.4313427 0.1737173 0 0 0 58 83 139 255 
-1.066301 0.4233789 0.06428181 0 0 0 53 95 141 255 
-0.9174271 0.4471229 -0.1429208 0 0 0 37 132 142 255 
-0.8057556 0.4458914 -0.3038455 0 0 0 39 126 142 255 
-0.6939818 0.4417367 -0.4649357 0 0 0 57 85 140 255 
-0.5607109 0.4401033 -0.6521136 0 0 0 52 97 141 255 
-0.4020396 0.4520854 -0.8813002 0 0 0 39 127 142 255 
-0.2179585 0.4575599 -1.14079 0 0 0 43 117 142 255 
-0.1679707 0.4188154 -1.219286 0 0 0 45 113 142 255 
-0.1695999 0.3650063 -1.221216 0 0 0 44 113 142 255 
-0.1613315 0.3248034 -1.249036 0 0 0 39 128 142 255 
-0.1754732 0.2668963 -1.23465 0 0 0 37 133 142 255 
-0.1901537 0.2111324 -1.220894 0 0 0 44 113 142 255 
-0.2028569 0.1550345 -1.206389 0 0 0 48 106 142 255 
-0.1913084 0.1159451 -1.240856 0 0 0 37 133 142 255 
-0.1968444 0.06153335 -1.237174 0 0 0 41 122 142 255 
-0.2272032 0.003211312 -1.200434 0 0 0 43 116 142 255 
-0.2161895 -0.04886457 -1.219183 0 0 0 43 117 142 255 
-0.2181923 -0.08975147 -1.236909 0 0 0 38 130 142 255 
-0.2120793 -0.1427363 -1.250703 0 0 0 38 129 142 255 
-0.2226616 -0.1969633 -1.240176 0 0 0 41 121 142 255 
-0.2318521 -0.250193 -1.229206 0 0 0 43 117 142 255 
-0.2433581 -0.293982 -1.232294 0 0 0 36 134 142 255 
-0.2317951 -0.3453299 -1.253244 0 0 0 38 129 142 255 
-0.2398677 -0.3991957 -1.24712 0 0 0 39 126 142 255 
-0.2559775 -0.4532134 -1.226455 0 0 0 42 120 142 255 
-0.242619 -0.4942961 -1.266282 0 0 0 35 138 141 255 
-0.2624325 -0.5487468 -1.243413 0 0 0 38 130 142 255 
-0.2616488 -0.5905992 -1.256966 0 0 0 38 129 142 255 
-0.2765211 -0.6536769 -1.229224 0 0 0 40 124 142 255 
-0.2480399 -0.6992603 -1.286987 0 0 0 34 141 141 255 
-0.2657492 -0.7510481 -1.270067 0 0 0 33 142 141 255 
-0.2854632 -0.8026843 -1.246623 0 0 0 37 132 142 255 
-0.2840747 -0.8567812 -1.252849 0 0 0 38 130 142 255 
-0.2748512 -0.9013399 -1.283095 0 0 0 34 141 141 255 
-0.2843008 -0.9540142 -1.275083 0 0 0 37 132 142 255 
-0.289628 -1.006602 -1.273365 0 0 0 35 137 142 255 
-0.2972369 -1.06104 -1.267506 0 0 0 37 133 142 255 
-0.2886374 -1.107406 -1.29361 0 0 0 31 148 140 255 
-0.3196203 -1.154306 -1.257261 0 0 0 35 137 142 255 
-0.2994636 -1.213894 -1.293298 0 0 0 35 138 141 255 
-0.315421 -1.267253 -1.277394 0 0 0 35 137 142 255 
-0.313471 -1.312474 -1.28672 0 0 0 31 148 140 255 
-0.4145953 -1.339509 -1.148875 0 0 0 50 101 142 255 
-0.5145056 -1.365187 -1.009844 0 0 0 62 76 138 255 
-0.5144855 -1.419517 -1.01957 0 0 0 62 76 138 255 
-0.5394962 -1.455122 -0.9846833 0 0 0 64 69 136 255 
-0.5201601 -1.513313 -1.022321 0 0 0 61 77 138 255 
-0.3665824 -1.623979 -1.2637 0 0 0 35 137 142 255 
-0.5663489 -1.608071 -0.9798775 0 0 0 68 58 131 255 
-0.724219 -1.5886 -0.7347662 0 0 0 72 41 121 255 
-0.8526204 -1.587114 -0.5570952 0 0 0 71 47 125 255 
-0.9648288 -1.588844 -0.4029404 0 0 0 69 56 130 255 
-1.014952 -1.617786 -0.3423269 0 0 0 66 65 134 255 
-1.804673 0.419106 1.160031 0 0 0 47 107 142 255 
-1.785442 0.4011372 1.123205 0 0 0 55 91 141 255 
-1.703646 0.4171378 1.005586 0 0 0 54 93 141 255 
-1.676674 0.4027499 0.9610752 0 0 0 58 83 139 255 
-1.574927 0.4267117 0.8334361 0 0 0 48 105 142 255 
-1.516118 0.4225088 0.7455412 0 0 0 48 105 142 255 
-1.469013 0.4136187 0.6736482 0 0 0 50 100 142 255 
-1.38484 0.4195296 0.5546621 0 0 0 53 94 141 255 
-1.285087 0.4333883 0.4219165 0 0 0 42 119 142 255 
-1.198343 0.4339618 0.2974284 0 0 0 42 118 142 255 
-1.128478 0.4260418 0.1967418 0 0 0 51 98 141 255 
-1.025238 0.4289669 0.05024486 0 0 0 49 103 142 255 
-0.902954 0.4417786 -0.1184822 0 0 0 37 131 142 255 
-0.8112348 0.4330088 -0.2503864 0 0 0 51 99 141 255 
-0.6775597 0.4363703 -0.4390734 0 0 0 56 89 140 255 
-0.5501472 0.4324164 -0.6159285 0 0 0 54 93 141 255 
-0.3760977 0.4487928 -0.8631144 0 0 0 37 131 142 255 
-0.190433 0.454065 -1.121479 0 0 0 43 116 142 255 
-0.153977 0.41133 -1.180553 0 0 0 41 121 142 255 
-0.1696368 0.3540341 -1.163299 0 0 0 46 111 142 255 
-0.1751725 0.3106565 -1.171775 0 0 0 38 130 142 255 
-0.1684643 0.2583954 -1.186173 0 0 0 38 130 142 255 
-0.1972608 0.1999035 -1.153182 0 0 0 43 117 142 255 
-0.2030995 0.1458083 -1.148301 0 0 0 48 106 142 255 
-0.2052951 0.1043966 -1.163271 0 0 0 37 132 142 255 
-0.2039038 0.05189017 -1.169196 0 0 0 40 125 142 255 
-0.2065356 -0.00140889 -1.171297 0 0 0 42 119 142 255 
-0.2164298 -0.05635154 -1.160854 0 0 0 44 115 142 255 
-0.2182787 -0.09688608 -1.17849 0 0 0 36 135 142 255 
-0.2121052 -0.1494182 -1.192182 0 0 0 39 126 142 255 
-0.2227769 -0.2031785 -1.181662 0 0 0 41 122 142 255 
-0.2460313 -0.2570619 -1.151214 0 0 0 44 114 142 255 
-0.2156453 -0.2975031 -1.212813 0 0 0 34 141 141 255 
-0.2457552 -0.3509704 -1.175068 0 0 0 38 130 142 255 
-0.2469109 -0.4039013 -1.178707 0 0 0 41 122 142 255 
-0.2492504 -0.4570839 -1.177654 0 0 0 42 120 142 255 
-0.2425441 -0.4979522 -1.207545 0 0 0 37 133 142 255 
-0.2625019 -0.5519128 -1.184758 0 0 0 39 126 142 255 
-0.261602 -0.5934108 -1.198256 0 0 0 39 128 142 255 
-0.269771 -0.6562334 -1.180403 0 0 0 40 125 142 255 
-0.2409046 -0.701573 -1.237942 0 0 0 31 149 139 255 
-0.2724943 -0.7519593 -1.201483 0 0 0 35 136 142 255 
-0.2785667 -0.8042784 -1.197758 0 0 0 37 133 142 255 
-0.290895 -0.8565242 -1.18435 0 0 0 38 129 142 255 
-0.2676946 -0.9023333 -1.234109 0 0 0 32 146 140 255 
-0.2840329 -0.9536962 -1.216332 0 0 0 37 132 142 255 
-0.2893494 -1.005828 -1.21464 0 0 0 36 134 142 255 
-0.2969748 -1.059788 -1.208827 0 0 0 38 130 142 255 
-0.2813601 -1.107081 -1.244652 0 0 0 31 152 139 255 
-0.2989642 -1.156406 -1.22808 0 0 0 35 138 141 255 
-0.2989206 -1.211375 -1.234604 0 0 0 34 139 141 255 
-0.3014239 -1.267502 -1.238371 0 0 0 34 141 141 255 
-0.3938081 -1.288455 -1.110809 0 0 0 53 94 141 255 
-0.4887357 -1.315429 -0.9834419 0 0 0 58 84 140 255 
-0.5087808 -1.362638 -0.9622812 0 0 0 59 82 139 255 
-0.5220278 -1.412491 -0.9525086 0 0 0 62 76 138 255 
-0.5405391 -1.449752 -0.9275614 0 0 0 61 77 138 255 
-0.5408637 -1.500719 -0.9359132 0 0 0 63 72 137 255 
-0.4850237 -1.574988 -1.030588 0 0 0 65 66 135 255 
-0.3957327 -1.666396 -1.175382 0 0 0 45 113 142 255 
-0.6869825 -1.596873 -0.7370412 0 0 0 72 37 118 255 
-0.8099597 -1.598186 -0.5698087 0 0 0 70 52 128 255 
-0.9232025 -1.600136 -0.4163064 0 0 0 70 52 128 255 
-1.006301 -1.61465 -0.3077078 0 0 0 67 62 133 255 
-1.784242 0.421294 1.160654 0 0 0 47 107 142 255 
-1.771728 0.399387 1.132934 0 0 0 56 88 140 255 
-1.703085 0.4079393 1.033957 0 0 0 53 95 141 255 
-1.65503 0.4044459 0.9623562 0 0 0 58 83 139 255 
-1.573383 0.4177793 0.8626963 0 0 0 63 72 137 255 
-1.500096 0.420464 0.7569121 0 0 0 51 98 141 255 
-1.445576 0.414768 0.6761066 0 0 0 52 96 141 255 
-1.360668 0.4204756 0.5576016 0 0 0 53 95 141 255 
-1.267089 0.4310902 0.4346972 0 0 0 40 124 142 255 
-1.186596 0.4286399 0.3200287 0 0 0 44 114 142 255 
-1.102097 0.4263888 0.2011677 0 0 0 49 104 142 255 
-1.026045 0.4182581 0.09265967 0 0 0 53 94 141 255 
-0.9027497 0.431216 -0.07526145 0 0 0 38 130 142 255 
-0.8032117 0.4251855 -0.2159124 0 0 0 62 76 138 255 
-0.6683955 0.4286225 -0.4037299 0 0 0 49 103 142 255 
-0.5117361 0.4338669 -0.6175276 0 0 0 51 99 141 255 
-0.3573145 0.443312 -0.8353045 0 0 0 46 111 142 255 
-0.1559765 0.4526382 -1.111484 0 0 0 49 103 142 255 
-0.1544505 0.3999518 -1.122798 0 0 0 41 121 142 255 
-0.1561483 0.3468108 -1.124597 0 0 0 46 110 142 255 
-0.1616371 0.303617 -1.133042 0 0 0 36 135 142 255 
-0.1689897 0.2482925 -1.12821 0 0 0 38 130 142 255 
-0.1909662 0.1918041 -1.104885 0 0 0 42 118 142 255 
-0.1827483 0.1408877 -1.119168 0 0 0 46 110 142 255 
-0.1778087 0.1008868 -1.14373 0 0 0 36 134 142 255 
-0.1975704 0.04474127 -1.12073 0 0 0 42 119 142 255 
-0.2072725 -0.009311937 -1.113142 0 0 0 41 121 142 255 
-0.2031526 -0.06181895 -1.122004 0 0 0 43 116 142 255 
-0.2119219 -0.1030729 -1.129916 0 0 0 37 131 142 255 
-0.2268127 -0.1575977 -1.114458 0 0 0 40 124 142 255 
-0.2375728 -0.2106628 -1.103927 0 0 0 43 117 142 255 
-0.2399197 -0.2621955 -1.102665 0 0 0 42 119 142 255 
-0.230201 -0.3037631 -1.134853 0 0 0 35 136 142 255 
-0.2324637 -0.355152 -1.13613 0 0 0 39 126 142 255 
-0.247652 -0.4083082 -1.120279 0 0 0 41 121 142 255 
-0.2640532 -0.4612488 -1.099738 0 0 0 43 117 142 255 
-0.2360714 -0.5015304 -1.158726 0 0 0 37 133 142 255 
-0.2701582 -0.5549278 -1.116522 0 0 0 39 126 142 255 
-0.2761083 -0.5957958 -1.120193 0 0 0 40 124 142 255 
-0.2704815 -0.6584259 -1.121913 0 0 0 42 120 142 255 
-0.2481765 -0.7030099 -1.169452 0 0 0 33 144 141 255 
-0.2660525 -0.7538604 -1.152686 0 0 0 37 133 142 255 
-0.2721468 -0.8058323 -1.148979 0 0 0 37 132 142 255 
-0.2914951 -0.8569571 -1.125868 0 0 0 39 128 142 255 
-0.2748476 -0.9015812 -1.165668 0 0 0 33 142 141 255 
-0.3050734 -0.9504223 -1.128452 0 0 0 39 128 142 255 
-0.3103448 -1.001759 -1.126795 0 0 0 38 130 142 255 
-0.2904257 -1.059678 -1.160073 0 0 0 39 127 142 255 
-0.3020076 -1.101554 -1.156742 0 0 0 32 146 140 255 
-0.2922391 -1.155694 -1.179304 0 0 0 34 141 141 255 
-0.3126338 -1.205767 -1.156582 0 0 0 36 134 142 255 
-0.3218563 -1.259548 -1.150645 0 0 0 39 126 142 255 
-0.4693414 -1.265929 -0.9458082 0 0 0 60 80 139 255 
-0.4969432 -1.309525 -0.9163845 0 0 0 61 78 138 255 
-0.5170442 -1.356137 -0.8953729 0 0 0 61 77 138 255 
-0.5302681 -1.405397 -0.8857063 0 0 0 62 74 137 255 
-0.5488882 -1.442161 -0.8609197 0 0 0 64 70 136 255 
-0.562497 -1.488025 -0.8499305 0 0 0 63 71 136 255 
-0.5326533 -1.551989 -0.9055866 0 0 0 66 63 133 255 
-0.3623868 -1.672329 -1.165912 0 0 0 32 147 140 255 
-0.6429705 -1.607789 -0.7486429 0 0 0 71 44 122 255 
-0.780299 -1.603865 -0.5628701 0 0 0 71 47 125 255 
-0.9208666 -1.594467 -0.3715699 0 0 0 71 44 122 255 
-0.9783086 -1.620354 -0.301942 0 0 0 67 61 132 255 
-1.749782 0.4312745 1.143564 0 0 0 46 111 142 255 
-1.765066 0.3938498 1.151737 0 0 0 57 85 140 255 
-1.66784 0.4171255 1.017089 0 0 0 52 97 141 255 
-1.640336 0.4025631 0.9728832 0 0 0 58 83 139 255 
-1.544015 0.4227535 0.8555466 0 0 0 49 103 142 255 
-1.477108 0.4217669 0.7592545 0 0 0 58 83 139 255 
-1.436172 0.4094186 0.6970733 0 0 0 53 94 141 255 
-1.350549 0.4151442 0.5791198 0 0 0 51 99 141 255 
-1.249169 0.4287904 0.4475897 0 0 0 41 122 142 255 
-1.153843 0.4320931 0.3149216 0 0 0 42 118 142 255 
-1.089832 0.4210955 0.2243488 0 0 0 50 102 142 255 
-0.9777295 0.4264938 0.06981616 0 0 0 51 98 141 255 
-0.8746387 0.4311239 -0.06946269 0 0 0 38 130 142 255 
-0.7813352 0.4223768 -0.2001751 0 0 0 62 73 137 255 
-0.6382766 0.42805 -0.3965465 0 0 0 50 100 142 255 
-0.4945171 0.4284722 -0.5906086 0 0 0 54 92 141 255 
-0.3245531 0.4421946 -0.8262666 0 0 0 49 103 142 255 
-0.1428563 0.4449965 -1.072908 0 0 0 34 139 141 255 
-0.1484054 0.3905798 -1.074678 0 0 0 41 123 142 255 
-0.1786138 0.3304145 -1.038481 0 0 0 48 106 142 255 
-0.1626827 0.293107 -1.075297 0 0 0 35 136 142 255 
-0.1558775 0.2415131 -1.089464 0 0 0 36 135 142 255 
-0.1922648 0.1822236 -1.047136 0 0 0 44 114 142 255 
-0.2053739 0.1275226 -1.032632 0 0 0 48 106 142 255 
-0.1931088 0.08946404 -1.066567 0 0 0 35 138 141 255 
-0.2059422 0.03522483 -1.053176 0 0 0 42 118 142 255 
-0.2086053 -0.01715874 -1.05516 0 0 0 42 118 142 255 
-0.2115849 -0.07018361 -1.054319 0 0 0 43 116 142 255 
-0.2202434 -0.1109882 -1.062164 0 0 0 38 130 142 255 
-0.2210525 -0.1633832 -1.066009 0 0 0 41 121 142 255 
-0.2319015 -0.216096 -1.055494 0 0 0 41 122 142 255 
-0.2413867 -0.2678305 -1.044548 0 0 0 44 114 142 255 
-0.2385074 -0.3094881 -1.066913 0 0 0 37 132 142 255 
-0.2336931 -0.3599791 -1.077831 0 0 0 37 132 142 255 
-0.2419116 -0.4124388 -1.071715 0 0 0 41 121 142 255 
-0.2443073 -0.4648069 -1.070624 0 0 0 41 122 142 255 
-0.2512446 -0.5051116 -1.080875 0 0 0 34 141 141 255 
-0.2714788 -0.5579743 -1.058255 0 0 0 38 129 142 255 
-0.2703382 -0.5986732 -1.071631 0 0 0 39 126 142 255 
-0.2858701 -0.6599001 -1.044177 0 0 0 40 125 142 255 
-0.2421168 -0.7052259 -1.120665 0 0 0 33 144 141 255 
-0.2530734 -0.7562595 -1.113703 0 0 0 35 138 141 255 
-0.2802092 -0.8060396 -1.080845 0 0 0 38 130 142 255 
-0.2926875 -0.8573341 -1.067562 0 0 0 39 126 142 255 
-0.2896866 -0.8998985 -1.087758 0 0 0 34 141 141 255 
-0.3061717 -0.9499702 -1.070172 0 0 0 36 134 142 255 
-0.2836227 -1.005202 -1.107422 0 0 0 34 139 141 255 
-0.30517 -1.055911 -1.082264 0 0 0 38 129 142 255 
-0.2889939 -1.102417 -1.117841 0 0 0 32 146 140 255 
-0.3136082 -1.149303 -1.091766 0 0 0 35 136 142 255 
-0.3202806 -1.201598 -1.088607 0 0 0 35 136 142 255 
-0.4325893 -1.230131 -0.9372703 0 0 0 66 63 133 255 
-0.4438508 -1.269215 -0.9272962 0 0 0 60 80 139 255 
-0.4716508 -1.312786 -0.898024 0 0 0 61 78 138 255 
-0.5191851 -1.351529 -0.8384066 0 0 0 61 77 138 255 
-0.5256051 -1.40239 -0.8385053 0 0 0 63 71 136 255 
-0.551146 -1.436674 -0.8041985 0 0 0 61 78 138 255 
-0.5512269 -1.486654 -0.8126041 0 0 0 63 72 137 255 
-0.547975 -1.540829 -0.8295283 0 0 0 66 63 133 255 
-0.3625963 -1.66569 -1.10807 0 0 0 34 140 141 255 
-0.6054302 -1.616138 -0.7502461 0 0 0 72 37 118 255 
-0.7639836 -1.604105 -0.5365282 0 0 0 70 48 126 255 
-0.8923844 -1.600127 -0.3652614 0 0 0 70 50 126 255 
-0.9833593 -1.611264 -0.2481308 0 0 0 69 56 130 255 
-1.743223 0.425619 1.162395 0 0 0 46 109 142 255 
-1.737436 0.3996585 1.143696 0 0 0 56 88 140 255 
-1.68168 0.4006158 1.063497 0 0 0 55 91 141 255 
-1.625708 0.4006772 0.9834996 0 0 0 56 88 140 255 
-1.521574 0.4242321 0.8577013 0 0 0 43 117 142 255 
-1.475354 0.4130238 0.7890315 0 0 0 59 81 139 255 
-1.412765 0.410546 0.6998175 0 0 0 52 96 141 255 
-1.326412 0.4160691 0.5823537 0 0 0 51 99 141 255 
-1.224209 0.4295143 0.4514191 0 0 0 40 124 142 255 
-1.149447 0.4238574 0.3469162 0 0 0 44 113 142 255 
-1.070638 0.4186174 0.2383299 0 0 0 50 102 142 255 
-0.9718683 0.4185079 0.103007 0 0 0 49 103 142 255 
-0.8607971 0.4258134 -0.04488375 0 0 0 39 126 142 255 
-0.7381032 0.4270245 -0.212235 0 0 0 46 110 142 255 
-0.6224555 0.4227073 -0.3704656 0 0 0 50 102 142 255 
-0.4846854 0.4208255 -0.5542696 0 0 0 54 93 141 255 
-0.313279 0.4345485 -0.7888464 0 0 0 40 125 142 255 
-0.1372612 0.4353223 -1.024933 0 0 0 34 139 141 255 
-0.1715175 0.3734736 -0.9889555 0 0 0 46 110 142 255 
-0.1876683 0.317784 -0.9716757 0 0 0 48 105 142 255 
-0.164321 0.2826531 -1.017725 0 0 0 35 136 142 255 
-0.1646475 0.2298815 -1.022281 0 0 0 38 129 142 255 
-0.1798016 0.1757279 -1.008557 0 0 0 43 116 142 255 
-0.2002178 0.1198655 -0.9845716 0 0 0 49 104 142 255 
-0.2020685 0.07943933 -0.9992844 0 0 0 35 136 142 255 
-0.20068 0.02817298 -1.004977 0 0 0 42 120 142 255 
-0.2105329 -0.02494944 -0.9973555 0 0 0 42 118 142 255 
-0.2207304 -0.07847669 -0.9868999 0 0 0 42 118 142 255 
-0.2077987 -0.1162013 -1.023445 0 0 0 38 130 142 255 
-0.2157683 -0.1691278 -1.017652 0 0 0 39 128 142 255 
-0.2123869 -0.220194 -1.026372 0 0 0 41 122 142 255 
-0.2362857 -0.2728749 -0.9962274 0 0 0 42 118 142 255 
-0.2332399 -0.3142613 -1.018504 0 0 0 35 137 142 255 
-0.2426588 -0.3650777 -1.010075 0 0 0 37 132 142 255 
-0.2580582 -0.4171656 -0.9943093 0 0 0 39 126 142 255 
-0.2604773 -0.4688362 -0.9931952 0 0 0 42 119 142 255 
-0.2530182 -0.5085918 -1.022703 0 0 0 34 141 141 255 
-0.2662843 -0.561075 -1.009836 0 0 0 39 128 142 255 
-0.2792348 -0.601108 -1.003813 0 0 0 39 126 142 255 
-0.2665845 -0.6629807 -1.015136 0 0 0 40 124 142 255 
-0.2577788 -0.7061026 -1.042936 0 0 0 33 142 141 255 
-0.2758049 -0.755903 -1.026324 0 0 0 37 131 142 255 
-0.274859 -0.8074961 -1.032335 0 0 0 36 134 142 255 
-0.2662547 -0.86076 -1.048145 0 0 0 38 130 142 255 
-0.2631519 -0.9033346 -1.068305 0 0 0 33 145 140 255 
-0.2938136 -0.9514264 -1.031435 0 0 0 35 137 142 255 
-0.2920744 -1.003173 -1.039498 0 0 0 37 133 142 255 
-0.2997411 -1.055698 -1.033823 0 0 0 37 131 142 255 
-0.3042541 -1.09803 -1.040254 0 0 0 32 147 140 255 
-0.3080618 -1.148479 -1.043342 0 0 0 36 135 142 255 
-0.307787 -1.201954 -1.049883 0 0 0 35 138 141 255 
-0.4348604 -1.226829 -0.8799282 0 0 0 66 63 133 255 
-0.4738168 -1.258561 -0.8314347 0 0 0 63 71 136 255 
-0.4947541 -1.303068 -0.8120039 0 0 0 64 69 136 255 
-0.5356554 -1.342925 -0.762361 0 0 0 62 73 137 255 
-0.5488267 -1.390995 -0.7529054 0 0 0 63 71 136 255 
-0.5402884 -1.435496 -0.7668898 0 0 0 60 80 139 255 
-0.5744122 -1.473797 -0.7272844 0 0 0 62 76 138 255 
-0.5776924 -1.52477 -0.7346365 0 0 0 64 69 136 255 
-0.5407073 -1.635013 -0.7897623 0 0 0 71 17 100 255 
-0.7344151 -1.609807 -0.5292229 0 0 0 70 48 126 255 
-0.8772954 -1.600107 -0.339661 0 0 0 70 50 126 255 
-0.9356082 -1.625877 -0.2707165 0 0 0 66 65 134 255 
-1.751041 0.412194 1.198941 0 0 0 46 111 142 255 
-1.745159 0.3865823 1.180438 0 0 0 58 83 139 255 
-1.64628 0.4097601 1.047011 0 0 0 51 99 141 255 
-1.625372 0.391696 1.012186 0 0 0 57 85 140 255 
-1.513379 0.4187834 0.8780373 0 0 0 42 119 142 255 
-1.459602 0.4109786 0.8006533 0 0 0 47 107 142 255 
-1.410778 0.4019817 0.7299822 0 0 0 52 96 141 255 
-1.323723 0.4076311 0.6131094 0 0 0 53 94 141 255 
-1.206394 0.4271994 0.4645728 0 0 0 42 119 142 255 
-1.130998 0.4214613 0.3605298 0 0 0 42 118 142 255 
-1.073102 0.4077468 0.2800035 0 0 0 50 102 142 255 
-0.9591326 0.4132336 0.1269308 0 0 0 51 99 141 255 
-0.8327583 0.4257002 -0.03874286 0 0 0 39 128 142 255 
-0.7378751 0.4167477 -0.1682991 0 0 0 55 91 141 255 
-0.5924261 0.4221118 -0.3629159 0 0 0 49 104 142 255 
-0.4607539 0.4177152 -0.5365801 0 0 0 52 96 141 255 
-0.2806901 0.4334148 -0.779451 0 0 0 39 128 142 255 
-0.1538215 0.4195393 -0.9489798 0 0 0 37 132 142 255 
-0.1738809 0.3622769 -0.9318092 0 0 0 44 114 142 255 
-0.1901905 0.3070494 -0.9145345 0 0 0 48 105 142 255 
-0.1737772 0.2705231 -0.9509121 0 0 0 37 131 142 255 
-0.174124 0.218321 -0.9553639 0 0 0 37 131 142 255 
-0.1966358 0.1632305 -0.9321724 0 0 0 45 113 142 255 
-0.1955344 0.1122482 -0.9366091 0 0 0 49 104 142 255 
-0.1900524 0.07339346 -0.9607377 0 0 0 35 138 141 255 
-0.2031233 0.01997357 -0.9473698 0 0 0 39 126 142 255 
-0.2058179 -0.03160901 -0.9492505 0 0 0 43 117 142 255 
-0.2088782 -0.08382126 -0.9483281 0 0 0 44 115 142 255 
-0.2101475 -0.123127 -0.9656428 0 0 0 35 137 142 255 
-0.2109586 -0.1748312 -0.9693915 0 0 0 39 128 142 255 
-0.2292016 -0.2274789 -0.9493484 0 0 0 42 119 142 255 
-0.2460992 -0.2789308 -0.9288608 0 0 0 42 120 142 255 
-0.2284476 -0.3189931 -0.9701912 0 0 0 35 137 142 255 
-0.2451342 -0.3697841 -0.9521849 0 0 0 38 130 142 255 
-0.2390526 -0.4207814 -0.9652704 0 0 0 39 126 142 255 
-0.2415029 -0.4723344 -0.9641454 0 0 0 41 121 142 255 
-0.2482106 -0.5120162 -0.9743355 0 0 0 35 138 141 255 
-0.2543953 -0.5642524 -0.9711394 0 0 0 39 128 142 255 
-0.2673752 -0.6040961 -0.9651618 0 0 0 39 128 142 255 
-0.2833318 -0.6643193 -0.9378981 0 0 0 42 119 142 255 
-0.2528442 -0.7082135 -0.9944692 0 0 0 34 140 141 255 
-0.278092 -0.7571048 -0.968301 0 0 0 39 127 142 255 
-0.2842215 -0.8075754 -0.9646523 0 0 0 41 121 142 255 
-0.303955 -0.8571354 -0.9418663 0 0 0 44 113 142 255 
-0.2721982 -0.902399 -1.000485 0 0 0 34 141 141 255 
-0.3030529 -0.9498875 -0.9637985 0 0 0 38 130 142 255 
-0.301231 -1.001073 -0.9718457 0 0 0 37 131 142 255 
-0.3018415 -1.054222 -0.9758502 0 0 0 38 130 142 255 
-0.278106 -1.101438 -1.020805 0 0 0 31 149 139 255 
-0.3100057 -1.14619 -0.9853883 0 0 0 36 135 142 255 
-0.3096585 -1.199205 -0.9919323 0 0 0 36 134 142 255 
-0.4307231 -1.225129 -0.8323875 0 0 0 66 65 134 255 
-0.4838984 -1.253043 -0.7649252 0 0 0 61 78 138 255 
-0.4840079 -1.30256 -0.7744336 0 0 0 57 85 140 255 
-0.5251921 -1.342145 -0.7250419 0 0 0 57 85 140 255 
-0.5384009 -1.389971 -0.7156634 0 0 0 58 83 139 255 
-0.5435758 -1.429912 -0.7104637 0 0 0 55 91 141 255 
-0.5572345 -1.474638 -0.6997692 0 0 0 58 83 139 255 
-0.5673208 -1.523084 -0.6975777 0 0 0 61 77 138 255 
-0.5558379 -1.581325 -0.7257991 0 0 0 70 48 126 255 
-0.4140108 -1.677659 -0.9142525 0 0 0 64 70 136 255 
-0.7048371 -1.615528 -0.5216931 0 0 0 71 45 123 255 
-0.8218572 -1.617217 -0.3709756 0 0 0 71 44 122 255 
-0.9547571 -1.610782 -0.1980162 0 0 0 61 78 138 255 
-1.737784 0.4104599 1.208873 0 0 0 46 109 142 255 
-1.710324 0.396128 1.163824 0 0 0 55 91 141 255 
-1.639264 0.4042599 1.066494 0 0 0 52 96 141 255 
-1.603819 0.3933597 1.013951 0 0 0 60 80 139 255 
-1.490965 0.4202427 0.8804643 0 0 0 43 116 142 255 
-1.42951 0.4155854 0.7943729 0 0 0 44 114 142 255 
-1.373042 0.4095311 0.7148951 0 0 0 54 93 141 255 
-1.285247 0.4147581 0.5984561 0 0 0 51 99 141 255 
-1.188661 0.4248823 0.4778363 0 0 0 41 122 142 255 
-1.112634 0.4190616 0.3742577 0 0 0 44 114 142 255 
-1.025264 0.4164399 0.2574982 0 0 0 49 103 142 255 
-0.9393501 0.4106499 0.1417151 0 0 0 56 88 140 255 
-0.8119622 0.4229823 -0.02318944 0 0 0 39 128 142 255 
-0.7017615 0.4188712 -0.1706104 0 0 0 56 88 140 255 
-0.5623863 0.4214966 -0.3551383 0 0 0 48 106 142 255 
-0.43693 0.4146002 -0.5187455 0 0 0 51 98 141 255 
-0.2335437 0.4365704 -0.7883998 0 0 0 37 131 142 255 
-0.1493435 0.4099695 -0.9013219 0 0 0 38 130 142 255 
-0.1695438 0.3530653 -0.8841831 0 0 0 44 113 142 255 
-0.1932984 0.2963708 -0.8575805 0 0 0 47 107 142 255 
-0.1693649 0.2619134 -0.9031245 0 0 0 36 134 142 255 
-0.1843074 0.2068324 -0.888718 0 0 0 37 131 142 255 
-0.1851176 0.1568168 -0.8937888 0 0 0 42 120 142 255 
-0.1913243 0.1046733 -0.8887463 0 0 0 48 105 142 255 
-0.1856765 0.0660785 -0.9127581 0 0 0 36 134 142 255 
-0.1988647 0.01301143 -0.8994114 0 0 0 41 123 142 255 
-0.2088673 -0.03929428 -0.8917749 0 0 0 44 113 142 255 
-0.2265559 -0.09294479 -0.8718442 0 0 0 44 114 142 255 
-0.2130869 -0.1299959 -0.9080282 0 0 0 36 134 142 255 
-0.2066208 -0.1804936 -0.9212319 0 0 0 37 133 142 255 
-0.2250117 -0.2327806 -0.9012515 0 0 0 41 122 142 255 
-0.2420615 -0.2838768 -0.8808289 0 0 0 45 112 142 255 
-0.2241275 -0.3236834 -0.9219798 0 0 0 33 143 141 255 
-0.2264254 -0.3734961 -0.9231378 0 0 0 37 133 142 255 
-0.2347921 -0.4247807 -0.9170444 0 0 0 38 130 142 255 
-0.2517766 -0.4761464 -0.8967836 0 0 0 43 116 142 255 
-0.2438751 -0.515399 -0.926069 0 0 0 40 125 142 255 
-0.2573136 -0.567152 -0.9132991 0 0 0 43 116 142 255 
-0.2630829 -0.6068422 -0.9169385 0 0 0 44 114 142 255 
-0.2720318 -0.6669859 -0.8993487 0 0 0 44 114 142 255 
-0.2555813 -0.7098349 -0.9365133 0 0 0 39 128 142 255 
-0.2809673 -0.7582501 -0.9104685 0 0 0 49 103 142 255 
-0.2799298 -0.8089344 -0.9164311 0 0 0 44 113 142 255 
-0.3069724 -0.8573354 -0.8841624 0 0 0 55 91 141 255 
-0.2747986 -0.9022747 -0.9425371 0 0 0 37 132 142 255 
-0.2915772 -0.9512687 -0.9252196 0 0 0 35 137 142 255 
-0.2754525 -1.004453 -0.9524225 0 0 0 33 142 141 255 
-0.2974116 -1.053919 -0.9276525 0 0 0 37 131 142 255 
-0.2804633 -1.099567 -0.9628483 0 0 0 31 148 140 255 
-0.2983763 -1.146708 -0.9467894 0 0 0 33 142 141 255 
-0.3050491 -1.197948 -0.9437464 0 0 0 34 140 141 255 
-0.3847614 -1.233383 -0.8423647 0 0 0 60 79 138 255 
-0.4806045 -1.25097 -0.7178232 0 0 0 59 82 139 255 
-0.4876295 -1.298287 -0.7177713 0 0 0 56 89 140 255 
-0.5150691 -1.341339 -0.687746 0 0 0 55 91 141 255 
-0.528316 -1.388921 -0.6784465 0 0 0 58 84 140 255 
-0.5335168 -1.428667 -0.6732857 0 0 0 57 86 140 255 
-0.5541553 -1.470854 -0.6531597 0 0 0 59 81 139 255 
-0.5365587 -1.528637 -0.6890641 0 0 0 63 72 137 255 
-0.4905534 -1.599717 -0.7646657 0 0 0 72 38 119 255 
-0.3545205 -1.69415 -0.942586 0 0 0 33 145 140 255 
-0.6889489 -1.615765 -0.4950144 0 0 0 70 48 126 255 
-0.8136726 -1.614354 -0.3355722 0 0 0 71 42 122 255 
-0.9068623 -1.625446 -0.2200896 0 0 0 57 86 140 255 
-1.717378 0.4126004 1.210115 0 0 0 48 106 142 255 
-1.704078 0.3906027 1.182835 0 0 0 57 86 140 255 
-1.632426 0.3987723 1.085981 0 0 0 53 95 141 255 
-1.603898 0.38441 1.042604 0 0 0 70 50 126 255 
-1.475768 0.4182444 0.8919868 0 0 0 41 123 142 255 
-1.413789 0.4135198 0.806273 0 0 0 44 114 142 255 
-1.364107 0.4041939 0.7361382 0 0 0 53 94 141 255 
-1.282886 0.4063373 0.6292931 0 0 0 53 94 141 255 
-1.200175 0.4105387 0.5273836 0 0 0 42 119 142 255 
-1.094355 0.4166591 0.3880979 0 0 0 42 118 142 255 
-1.013579 0.4111629 0.2809797 0 0 0 49 103 142 255 
-0.9415914 0.40005 0.1840211 0 0 0 64 69 136 255 
-0.7912617 0.4202614 -0.00750904 0 0 0 43 116 142 255 
-0.6801671 0.4160329 -0.1542526 0 0 0 43 117 142 255 
-0.5543239 0.4138051 -0.3195153 0 0 0 49 104 142 255 
-0.3985417 0.4159617 -0.5192186 0 0 0 50 102 142 255 
-0.2228521 0.4289424 -0.750682 0 0 0 37 131 142 255 
-0.1526778 0.3984069 -0.8444961 0 0 0 38 129 142 255 
-0.1656733 0.3438955 -0.836659 0 0 0 43 116 142 255 
-0.1675826 0.2929866 -0.8380554 0 0 0 47 107 142 255 
-0.1654224 0.2533453 -0.8554391 0 0 0 37 133 142 255 
-0.1584461 0.2034303 -0.869099 0 0 0 37 133 142 255 
-0.1960064 0.1459544 -0.8273221 0 0 0 44 115 142 255 
-0.1949386 0.09576135 -0.8316087 0 0 0 46 110 142 255 
-0.1891173 0.05751799 -0.8554807 0 0 0 35 138 141 255 
-0.1877294 0.007264912 -0.8609686 0 0 0 39 127 142 255 
-0.2125034 -0.04692244 -0.8344914 0 0 0 42 119 142 255 
-0.2229983 -0.09914974 -0.8240428 0 0 0 44 113 142 255 
-0.2166136 -0.1368078 -0.8506076 0 0 0 35 136 142 255 
-0.2027559 -0.1861134 -0.873177 0 0 0 39 128 142 255 
-0.2212921 -0.2380407 -0.8532616 0 0 0 41 122 142 255 
-0.2384966 -0.2887809 -0.8329037 0 0 0 44 114 142 255 
-0.227598 -0.3287492 -0.8643745 0 0 0 37 133 142 255 
-0.2372191 -0.3784165 -0.8559935 0 0 0 36 134 142 255 
-0.2456295 -0.4291167 -0.8498991 0 0 0 39 127 142 255 
-0.2554432 -0.4798123 -0.8392218 0 0 0 40 125 142 255 
-0.2545907 -0.5187084 -0.8588475 0 0 0 44 115 142 255 
-0.2753876 -0.5697277 -0.8365833 0 0 0 44 114 142 255 
-0.2665338 -0.6093227 -0.8592766 0 0 0 43 116 142 255 
-0.2683598 -0.6692645 -0.8512825 0 0 0 44 115 142 255 
-0.2589057 -0.7113993 -0.8787517 0 0 0 40 125 142 255 
-0.284429 -0.759338 -0.8528305 0 0 0 49 104 142 255 
-0.2905826 -0.8088847 -0.8492221 0 0 0 47 107 142 255 
-0.3105726 -0.8574784 -0.8266562 0 0 0 53 95 141 255 
-0.277984 -0.9020934 -0.8847845 0 0 0 41 123 142 255 
-0.2804552 -0.9526235 -0.8866584 0 0 0 35 136 142 255 
-0.2929062 -1.001129 -0.8755632 0 0 0 37 131 142 255 
-0.2934482 -1.053573 -0.8795611 0 0 0 37 132 142 255 
-0.2905576 -1.096309 -0.8955421 0 0 0 32 147 140 255 
-0.3013716 -1.14432 -0.8891301 0 0 0 33 143 141 255 
-0.3222722 -1.191983 -0.8670691 0 0 0 35 137 142 255 
-0.2959414 -1.251728 -0.9090741 0 0 0 33 145 140 255 
-0.4564953 -1.254153 -0.6993906 0 0 0 70 52 128 255 
-0.4635448 -1.301467 -0.6993611 0 0 0 71 45 123 255 
-0.4559386 -1.354455 -0.717005 0 0 0 70 50 126 255 
-0.3764738 -1.473691 -0.8352731 0 0 0 52 97 141 255 
-0.3836847 -1.522584 -0.8340083 0 0 0 54 92 141 255 
-0.4152294 -1.565793 -0.8033496 0 0 0 66 65 134 255 
-0.3483847 -1.646229 -0.9068555 0 0 0 35 138 141 255 
-0.3431318 -1.692201 -0.9043324 0 0 0 33 144 141 255 
-0.6732816 -1.615991 -0.4682813 0 0 0 69 55 129 255 
-0.8126872 -1.608593 -0.2907977 0 0 0 70 48 126 255 
-0.8654537 -1.63718 -0.2322953 0 0 0 59 82 139 255 
-1.718724 0.4031179 1.237713 0 0 0 47 108 142 255 
-1.712547 0.3775935 1.219404 0 0 0 56 89 140 255 
-1.61849 0.3969313 1.096646 0 0 0 52 96 141 255 
-1.567858 0.3931103 1.026862 0 0 0 64 69 136 255 
-1.475265 0.4093772 0.9213486 0 0 0 42 120 142 255 
-1.412781 0.4048254 0.836099 0 0 0 46 111 142 255 
-1.370008 0.3924619 0.7752959 0 0 0 55 90 140 255 
-1.280829 0.3979428 0.6600599 0 0 0 53 95 141 255 
-1.168137 0.4142417 0.5226897 0 0 0 42 120 142 255 
-1.098224 0.4056019 0.4291497 0 0 0 44 114 142 255 
-0.9947377 0.4086726 0.2954298 0 0 0 50 102 142 255 
-0.9074303 0.4028079 0.1807377 0 0 0 64 69 136 255 
-0.7927844 0.4098264 0.03562891 0 0 0 52 97 141 255 
-0.6512927 0.4156472 -0.1468993 0 0 0 40 124 142 255 
-0.5244403 0.413175 -0.3114158 0 0 0 48 105 142 255 
-0.3748274 0.4128246 -0.5010026 0 0 0 56 88 140 255 
-0.2051161 0.4234796 -0.7221896 0 0 0 39 128 142 255 
-0.1491936 0.3889267 -0.7970874 0 0 0 38 130 142 255 
-0.1548678 0.3366797 -0.7984899 0 0 0 44 115 142 255 
-0.1642159 0.2841927 -0.7905758 0 0 0 46 111 142 255 
-0.1545453 0.2465293 -0.8171476 0 0 0 35 138 141 255 
-0.1697401 0.1920472 -0.8027954 0 0 0 35 136 142 255 
-0.2001877 0.1366481 -0.7704625 0 0 0 44 115 142 255 
-0.2065538 0.08553533 -0.7653329 0 0 0 49 104 142 255 
-0.2005455 0.04773457 -0.7890417 0 0 0 37 132 142 255 
-0.1917584 -0.0007871017 -0.8038081 0 0 0 40 124 142 255 
-0.2019099 -0.05239042 -0.7961726 0 0 0 40 125 142 255 
-0.2273179 -0.1062488 -0.7669606 0 0 0 44 114 142 255 
-0.1985464 -0.1410237 -0.8216243 0 0 0 35 137 142 255 
-0.1993603 -0.1916919 -0.8252309 0 0 0 39 127 142 255 
-0.2254341 -0.2438754 -0.7959493 0 0 0 41 123 142 255 
-0.2427912 -0.2941469 -0.7756518 0 0 0 43 117 142 255 
-0.2316541 -0.3337578 -0.8069667 0 0 0 35 137 142 255 
-0.2339668 -0.3826699 -0.8080599 0 0 0 38 129 142 255 
-0.2424272 -0.4330167 -0.8019778 0 0 0 39 126 142 255 
-0.2596955 -0.4834207 -0.7818602 0 0 0 42 120 142 255 
-0.2660104 -0.5219449 -0.7919129 0 0 0 45 113 142 255 
-0.2502246 -0.5730621 -0.817188 0 0 0 41 122 142 255 
-0.2705688 -0.611746 -0.8018162 0 0 0 42 119 142 255 
-0.2578221 -0.6718705 -0.8128194 0 0 0 44 114 142 255 
-0.2554994 -0.7133699 -0.8306907 0 0 0 38 130 142 255 
-0.2665621 -0.7620988 -0.8239051 0 0 0 44 115 142 255 
-0.2873437 -0.8101444 -0.8013079 0 0 0 48 105 142 255 
-0.3074692 -0.8583711 -0.7788506 0 0 0 47 107 142 255 
-0.2890183 -0.9009569 -0.8177217 0 0 0 44 114 142 255 
-0.2696831 -0.953952 -0.8481195 0 0 0 34 139 141 255 
-0.289444 -1.001094 -0.8275845 0 0 0 36 135 142 255 
-0.3044108 -1.050699 -0.8125868 0 0 0 39 126 142 255 
-0.2797152 -1.096989 -0.8570167 0 0 0 33 145 140 255 
-0.297753 -1.143324 -0.8411626 0 0 0 34 141 141 255 
-0.2972268 -1.195308 -0.8476923 0 0 0 35 138 141 255 
-0.3136435 -1.244997 -0.8326286 0 0 0 35 137 142 255 
-0.3109902 -1.287487 -0.8418745 0 0 0 32 147 140 255 
-0.3184209 -1.336692 -0.8417718 0 0 0 34 141 141 255 
-0.3181744 -1.389652 -0.849737 0 0 0 32 146 140 255 
-0.3391309 -1.437547 -0.8309231 0 0 0 35 138 141 255 
-0.4366257 -1.450431 -0.70284 0 0 0 56 89 140 255 
-0.5141045 -1.474772 -0.6074318 0 0 0 61 77 138 255 
-0.5101474 -1.527616 -0.6242379 0 0 0 63 72 137 255 
-0.3582917 -1.636781 -0.8403922 0 0 0 35 138 141 255 
-0.3460733 -1.684919 -0.8473287 0 0 0 33 143 141 255 
-0.6299885 -1.627269 -0.4789983 0 0 0 68 59 132 255 
-0.770569 -1.620067 -0.302341 0 0 0 72 41 121 255 
-0.9065312 -1.612972 -0.1318734 0 0 0 68 58 131 255 
-1.676419 0.4168294 1.213097 0 0 0 44 113 142 255 
-1.670129 0.390815 1.194639 0 0 0 56 88 140 255 
-1.60462 0.3950886 1.107396 0 0 0 50 100 142 255 
-1.560903 0.3876956 1.046743 0 0 0 59 82 139 255 
-1.445585 0.4142395 0.9153106 0 0 0 40 124 142 255 
-1.389946 0.4060748 0.8392344 0 0 0 44 113 142 255 
-1.361562 0.3871638 0.7964769 0 0 0 55 91 141 255 
-1.249525 0.4019167 0.655 0 0 0 54 93 141 255 
-1.14336 0.4149213 0.5272335 0 0 0 41 122 142 255 
-1.058055 0.4118464 0.4161154 0 0 0 43 117 142 255 
-0.9834023 0.4034122 0.3190133 0 0 0 48 106 142 255 
-0.8731332 0.4055335 0.1777482 0 0 0 56 89 140 255 
-0.7873147 0.4019965 0.06956393 0 0 0 51 99 141 255 
-0.6372809 0.4103448 -0.1211402 0 0 0 42 118 142 255 
-0.5168765 0.4055133 -0.2757359 0 0 0 52 97 141 255 
-0.3586766 0.4074578 -0.4735028 0 0 0 61 78 138 255 
-0.1801631 0.4201602 -0.7027938 0 0 0 38 130 142 255 
-0.146175 0.3794887 -0.7497893 0 0 0 35 136 142 255 
-0.1667939 0.323773 -0.7327291 0 0 0 44 113 142 255 
-0.1762508 0.2718528 -0.7247664 0 0 0 46 110 142 255 
-0.1738592 0.2329302 -0.7419019 0 0 0 38 130 142 255 
-0.1817333 0.1807367 -0.736779 0 0 0 38 130 142 255 
-0.1974801 0.1288762 -0.7230818 0 0 0 42 119 142 255 
-0.1889759 0.08083443 -0.7365103 0 0 0 47 108 142 255 
-0.1753696 0.04438368 -0.7694553 0 0 0 35 138 141 255 
-0.2038356 -0.009940058 -0.7375241 0 0 0 41 121 142 255 
-0.206599 -0.05991932 -0.7392007 0 0 0 44 115 142 255 
-0.2247533 -0.1123618 -0.7194284 0 0 0 44 113 142 255 
-0.2105212 -0.1485825 -0.7550999 0 0 0 37 132 142 255 
-0.2187856 -0.1993974 -0.7492618 0 0 0 38 130 142 255 
-0.2152593 -0.2484347 -0.7576161 0 0 0 41 123 142 255 
-0.2476696 -0.299455 -0.7186053 0 0 0 44 115 142 255 
-0.2214241 -0.337905 -0.7685846 0 0 0 35 138 141 255 
-0.231182 -0.386881 -0.7602422 0 0 0 37 132 142 255 
-0.2471216 -0.4370484 -0.7447493 0 0 0 39 127 142 255 
-0.257102 -0.4869137 -0.73413 0 0 0 40 124 142 255 
-0.2633138 -0.5251712 -0.7441567 0 0 0 39 128 142 255 
-0.2695827 -0.5755075 -0.740967 0 0 0 42 119 142 255 
-0.2604137 -0.6145898 -0.7634666 0 0 0 40 125 142 255 
-0.2624174 -0.6736958 -0.7554895 0 0 0 46 111 142 255 
-0.2599332 -0.7148271 -0.7732865 0 0 0 39 127 142 255 
-0.2710146 -0.7630952 -0.7665381 0 0 0 39 128 142 255 
-0.3066272 -0.8092663 -0.725135 0 0 0 44 113 142 255 
-0.2827986 -0.8616651 -0.7595284 0 0 0 43 117 142 255 
-0.2934262 -0.9006535 -0.760416 0 0 0 46 111 142 255 
-0.288509 -0.9511728 -0.7717644 0 0 0 35 136 142 255 
-0.2937472 -0.9998845 -0.7702637 0 0 0 36 134 142 255 
-0.3014917 -1.050255 -0.76481 0 0 0 38 130 142 255 
-0.2910274 -1.09361 -0.7901543 0 0 0 31 148 140 255 
-0.2873462 -1.14374 -0.8027576 0 0 0 34 141 141 255 
-0.3229558 -1.187645 -0.7620611 0 0 0 36 135 142 255 
-0.3104917 -1.243245 -0.7848702 0 0 0 35 136 142 255 
-0.2933517 -1.289025 -0.8129585 0 0 0 31 152 139 255 
-0.3223353 -1.332438 -0.7846128 0 0 0 33 142 141 255 
-0.3578054 -1.374902 -0.7455116 0 0 0 41 121 142 255 
-0.5072418 -1.383488 -0.55756 0 0 0 62 73 137 255 
-0.5338911 -1.415895 -0.5243456 0 0 0 59 81 139 255 
-0.5476298 -1.459252 -0.5140327 0 0 0 62 73 137 255 
-0.5646144 -1.503853 -0.5027326 0 0 0 62 74 137 255 
-0.5521898 -1.560628 -0.530695 0 0 0 65 68 135 255 
-0.3425325 -1.680241 -0.7998639 0 0 0 34 140 141 255 
-0.6215545 -1.624729 -0.4426568 0 0 0 66 63 133 255 
-0.707267 -1.640249 -0.3414546 0 0 0 71 42 122 255 
-0.9070147 -1.606673 -0.08796588 0 0 0 68 59 132 255 
-1.678003 0.4073571 1.240771 0 0 0 47 107 142 255 
-1.66424 0.3853052 1.213768 0 0 0 57 85 140 255 
-1.590816 0.3932433 1.118231 0 0 0 52 97 141 255 
-1.53934 0.3893127 1.049073 0 0 0 57 86 140 255 
-1.430604 0.4122341 0.9271116 0 0 0 41 123 142 255 
-1.374506 0.4040094 0.8513802 0 0 0 46 111 142 255 
-1.338435 0.3882537 0.799942 0 0 0 63 71 136 255 
-1.240409 0.3966249 0.6769021 0 0 0 53 94 141 255 
-1.163319 0.3976835 0.5854503 0 0 0 42 120 142 255 
-1.062437 0.4008278 0.4571268 0 0 0 43 117 142 255 
-0.9722705 0.3981634 0.3426229 0 0 0 51 99 141 255 
-0.8611469 0.4002806 0.2020609 0 0 0 54 92 141 255 
-0.7522149 0.404413 0.06735901 0 0 0 54 93 141 255 
-0.6309796 0.4026125 -0.08628982 0 0 0 44 114 142 255 
-0.4796515 0.4071983 -0.2763891 0 0 0 48 105 142 255 
-0.3652804 0.3954522 -0.4186645 0 0 0 69 56 130 255 
-0.1478218 0.4189601 -0.6923612 0 0 0 41 121 142 255 
-0.1586471 0.3660693 -0.6843305 0 0 0 40 125 142 255 
-0.1718957 0.3128373 -0.6764209 0 0 0 44 113 142 255 
-0.1814518 0.2613708 -0.6684263 0 0 0 48 105 142 255 
-0.1639141 0.2261983 -0.703834 0 0 0 35 137 142 255 
-0.179375 0.1726598 -0.6894904 0 0 0 36 134 142 255 
-0.1877158 0.1226144 -0.6850481 0 0 0 42 120 142 255 
-0.2017506 0.07072333 -0.670643 0 0 0 50 102 142 255 
-0.1803869 0.03597205 -0.7126455 0 0 0 35 137 142 255 
-0.1865227 -0.01441771 -0.7086542 0 0 0 41 121 142 255 
-0.2118655 -0.06739097 -0.6824377 0 0 0 42 118 142 255 
-0.2000811 -0.1156706 -0.6999227 0 0 0 44 113 142 255 
-0.2156822 -0.1552375 -0.698197 0 0 0 36 135 142 255 
-0.2315159 -0.2062991 -0.6830139 0 0 0 39 128 142 255 
-0.2204512 -0.2541696 -0.7006244 0 0 0 41 123 142 255 
-0.2381109 -0.303729 -0.6804636 0 0 0 43 117 142 255 
-0.2190398 -0.3424192 -0.7208645 0 0 0 34 140 141 255 
-0.2438424 -0.3916132 -0.6937998 0 0 0 36 135 142 255 
-0.2449087 -0.4408562 -0.6971083 0 0 0 39 128 142 255 
-0.2474911 -0.4903138 -0.6959002 0 0 0 41 122 142 255 
-0.2386926 -0.5284716 -0.7247089 0 0 0 37 133 142 255 
-0.2673787 -0.578334 -0.6933357 0 0 0 42 119 142 255 
-0.2729402 -0.6166664 -0.6969215 0 0 0 41 123 142 255 
-0.2750435 -0.6750785 -0.6889682 0 0 0 46 111 142 255 
-0.250087 -0.7171842 -0.7349145 0 0 0 38 129 142 255 
-0.2760475 -0.764034 -0.7093796 0 0 0 39 126 142 255 
-0.3044896 -0.8104187 -0.6775925 0 0 0 46 111 142 255 
-0.2804514 -0.8624961 -0.7118252 0 0 0 44 114 142 255 
-0.2910296 -0.9012061 -0.7127373 0 0 0 45 113 142 255 
-0.2786671 -0.9524168 -0.7334565 0 0 0 35 137 142 255 
-0.2912685 -0.9997584 -0.7225628 0 0 0 35 136 142 255 
-0.2843466 -1.052287 -0.7359619 0 0 0 36 134 142 255 
-0.2810534 -1.094214 -0.7518138 0 0 0 31 153 138 255 
-0.3065212 -1.138279 -0.7267621 0 0 0 34 139 141 255 
-0.3277214 -1.184612 -0.705101 0 0 0 35 137 142 255 
-0.315077 -1.239755 -0.7278389 0 0 0 34 140 141 255 
-0.3049908 -1.283398 -0.7464408 0 0 0 31 154 138 255 
-0.3413022 -1.324327 -0.7089013 0 0 0 35 137 142 255 
-0.4852099 -1.335836 -0.5294883 0 0 0 62 73 137 255 
-0.5273616 -1.373797 -0.4830626 0 0 0 63 72 137 255 
-0.5254129 -1.414513 -0.487471 0 0 0 59 82 139 255 
-0.5606785 -1.450627 -0.4492228 0 0 0 60 80 139 255 
-0.5419424 -1.506902 -0.4847068 0 0 0 62 73 137 255 
-0.5506924 -1.555983 -0.4846046 0 0 0 64 70 136 255 
-0.4601983 -1.630164 -0.5944685 0 0 0 63 72 137 255 
-0.61345 -1.622163 -0.406355 0 0 0 68 59 132 255 
-0.7208394 -1.628688 -0.277858 0 0 0 71 45 123 255 
-0.879913 -1.612389 -0.08125924 0 0 0 68 58 131 255 
-1.665006 0.4056055 1.251151 0 0 0 46 111 142 255 
-1.651089 0.3835356 1.224242 0 0 0 56 89 140 255 
-1.599405 0.3805584 1.15523 0 0 0 64 70 136 255 
-1.54753 0.3769035 1.086508 0 0 0 56 88 140 255 
-1.408216 0.4136369 0.9302619 0 0 0 41 121 142 255 
-1.35914 0.4019407 0.8636204 0 0 0 46 111 142 255 
-1.307784 0.3925065 0.7947707 0 0 0 64 70 136 255 
-1.231484 0.3913451 0.6988181 0 0 0 52 96 141 255 
-1.123789 0.4043251 0.5723811 0 0 0 42 120 142 255 
-1.044673 0.3984366 0.4712793 0 0 0 44 114 142 255 
-0.9538114 0.3956791 0.3573301 0 0 0 50 102 142 255 
-0.8569052 0.3923995 0.2353619 0 0 0 56 88 140 255 
-0.7169883 0.4067966 0.06545608 0 0 0 43 116 142 255 
-0.5872579 0.4070784 -0.09650633 0 0 0 41 121 142 255 
-0.480087 0.397238 -0.2315833 0 0 0 50 101 142 255 
-0.3270589 0.3967609 -0.4183382 0 0 0 60 79 138 255 
-0.1381826 0.411392 -0.6544707 0 0 0 31 151 139 255 
-0.1490977 0.3587349 -0.6464435 0 0 0 36 135 142 255 
-0.1775719 0.3019589 -0.620321 0 0 0 44 114 142 255 
-0.1796501 0.252726 -0.6214253 0 0 0 48 106 142 255 
-0.1618919 0.2178058 -0.6566413 0 0 0 34 139 141 255 
-0.1774808 0.1646237 -0.6423194 0 0 0 37 132 142 255 
-0.2010419 0.1119971 -0.6194853 0 0 0 45 113 142 255 
-0.1924577 0.06472894 -0.632678 0 0 0 47 107 142 255 
-0.1859827 0.02761797 -0.6560462 0 0 0 34 141 141 255 
-0.1921806 -0.02231253 -0.652022 0 0 0 39 127 142 255 
-0.2177115 -0.0748046 -0.6258869 0 0 0 42 119 142 255 
-0.2285999 -0.1253738 -0.6154695 0 0 0 44 113 142 255 
-0.2138569 -0.1610112 -0.6507846 0 0 0 36 135 142 255 
-0.2222406 -0.2110045 -0.6449345 0 0 0 37 131 142 255 
-0.2186571 -0.2592528 -0.6531443 0 0 0 39 126 142 255 
-0.2515994 -0.3094174 -0.6144489 0 0 0 43 117 142 255 
-0.2095691 -0.3465047 -0.6825861 0 0 0 32 146 140 255 
-0.2345569 -0.3954497 -0.6556394 0 0 0 37 132 142 255 
-0.2356188 -0.4444627 -0.6589208 0 0 0 37 132 142 255 
-0.2457697 -0.4937295 -0.6483697 0 0 0 41 122 142 255 
-0.2367542 -0.531636 -0.6770573 0 0 0 37 131 142 255 
-0.2430935 -0.5816106 -0.673891 0 0 0 38 130 142 255 
-0.2561534 -0.6196876 -0.6681309 0 0 0 38 129 142 255 
-0.2583373 -0.6779571 -0.6601743 0 0 0 41 122 142 255 
-0.2480768 -0.7190279 -0.6872084 0 0 0 32 146 140 255 
-0.24428 -0.7679129 -0.6992756 0 0 0 33 144 141 255 
-0.2654803 -0.8150982 -0.6770079 0 0 0 33 143 141 255 
-0.2711075 -0.8641148 -0.6736088 0 0 0 34 141 141 255 
-0.2816586 -0.9026372 -0.6745539 0 0 0 37 131 142 255 
-0.291449 -0.9505273 -0.6670731 0 0 0 35 137 142 255 
-0.2892531 -0.9995897 -0.6749847 0 0 0 36 135 142 255 
-0.2896377 -1.050507 -0.6789746 0 0 0 35 136 142 255 
-0.2788088 -1.093431 -0.7041423 0 0 0 31 152 139 255 
-0.3044002 -1.137141 -0.6792367 0 0 0 34 139 141 255 
-0.3183594 -1.184693 -0.6670583 0 0 0 37 132 142 255 
-0.3202336 -1.236208 -0.6710178 0 0 0 34 139 141 255 
-0.3026788 -1.281291 -0.698903 0 0 0 31 152 139 255 
-0.419431 -1.300868 -0.5589073 0 0 0 63 71 136 255 
-0.4841204 -1.332867 -0.4830741 0 0 0 60 79 138 255 
-0.5192526 -1.372576 -0.4462321 0 0 0 58 83 139 255 
-0.524511 -1.410871 -0.4413307 0 0 0 58 84 140 255 
-0.5527418 -1.448965 -0.4126074 0 0 0 60 79 138 255 
-0.5625246 -1.495196 -0.4108218 0 0 0 62 74 137 255 
-0.5568023 -1.54872 -0.4293644 0 0 0 61 77 138 255 
-0.5515622 -1.590493 -0.427719 0 0 0 68 58 131 255 
-0.4488786 -1.680908 -0.5734352 0 0 0 53 95 141 255 
-0.6712188 -1.643168 -0.2976688 0 0 0 71 47 125 255 
-0.8527995 -1.618123 -0.07434188 0 0 0 67 62 133 255 
-1.65956 0.4000136 1.270168 0 0 0 46 110 142 255 
-1.638002 0.3817639 1.234796 0 0 0 56 89 140 255 
-1.578404 0.3823368 1.157453 0 0 0 68 59 132 255 
-1.541112 0.3715272 1.106388 0 0 0 58 84 140 255 
-1.415928 0.4014099 0.9683853 0 0 0 42 118 142 255 
-1.343849 0.3998704 0.8759548 0 0 0 46 110 142 255 
-1.299625 0.3872081 0.8161989 0 0 0 51 98 141 255 
-1.215197 0.3891418 0.7119385 0 0 0 52 96 141 255 
-1.091582 0.4079504 0.5685089 0 0 0 40 124 142 255 
-1.004263 0.4046047 0.4589741 0 0 0 44 114 142 255 
-0.9202726 0.3986795 0.3543816 0 0 0 49 104 142 255 
-0.8453882 0.387179 0.2596879 0 0 0 56 88 140 255 
-0.6968374 0.4040676 0.08172116 0 0 0 37 131 142 255 
-0.5737293 0.4017893 -0.07048775 0 0 0 42 120 142 255 
-0.4581346 0.3942653 -0.2138634 0 0 0 52 97 141 255 
-0.2963493 0.3958333 -0.4086836 0 0 0 52 96 141 255 
-0.1288896 0.4038508 -0.6166097 0 0 0 31 153 138 255 
-0.1627756 0.3454365 -0.581449 0 0 0 39 127 142 255 
-0.1685609 0.2949032 -0.5825691 0 0 0 43 116 142 255 
-0.1783081 0.2441236 -0.5745487 0 0 0 47 108 142 255 
-0.1527008 0.211134 -0.6186782 0 0 0 34 141 141 255 
-0.176047 0.156631 -0.5952724 0 0 0 36 134 142 255 
-0.2074187 0.1029059 -0.5633699 0 0 0 45 113 142 255 
-0.1911561 0.05742161 -0.5855917 0 0 0 46 110 142 255 
-0.1768916 0.02181952 -0.6180129 0 0 0 34 140 141 255 
-0.1984136 -0.03014915 -0.5956063 0 0 0 37 131 142 255 
-0.2088628 -0.08011814 -0.5879547 0 0 0 41 123 142 255 
-0.2045669 -0.128636 -0.5959834 0 0 0 43 116 142 255 
-0.2124957 -0.1667424 -0.6034966 0 0 0 37 133 142 255 
-0.2056927 -0.2149824 -0.6161301 0 0 0 37 132 142 255 
-0.2325698 -0.2654647 -0.5872879 0 0 0 39 128 142 255 
-0.2276624 -0.3126678 -0.5950251 0 0 0 43 116 142 255 
-0.2156606 -0.3513203 -0.6257926 0 0 0 32 146 140 255 
-0.2180147 -0.3989929 -0.6267935 0 0 0 35 138 141 255 
-0.2342781 -0.4481925 -0.611484 0 0 0 38 130 142 255 
-0.2293158 -0.497032 -0.6195414 0 0 0 41 122 142 255 
-0.2428572 -0.5347031 -0.6202281 0 0 0 33 142 141 255 
-0.2643588 -0.5838588 -0.5984482 0 0 0 38 129 142 255 
-0.2698357 -0.621648 -0.602017 0 0 0 38 129 142 255 
-0.264551 -0.6796238 -0.6033973 0 0 0 41 122 142 255 
-0.2540731 -0.7203346 -0.6303085 0 0 0 33 142 141 255 
-0.2727761 -0.7669522 -0.6143561 0 0 0 38 130 142 255 
-0.2865506 -0.8140386 -0.6015249 0 0 0 41 122 142 255 
-0.2996828 -0.8615183 -0.5888354 0 0 0 42 120 142 255 
-0.280129 -0.9031122 -0.6270779 0 0 0 38 130 142 255 
-0.2675066 -0.9537807 -0.6476166 0 0 0 34 139 141 255 
-0.2876958 -0.9993786 -0.6275333 0 0 0 35 138 141 255 
-0.2805871 -1.051218 -0.6408337 0 0 0 37 131 142 255 
-0.2844634 -1.091239 -0.6472772 0 0 0 31 150 139 255 
-0.2953177 -1.137438 -0.6411512 0 0 0 33 143 141 255 
-0.3093435 -1.184747 -0.6290504 0 0 0 34 139 141 255 
-0.3111822 -1.236026 -0.6330144 0 0 0 34 139 141 255 
-0.286078 -1.282749 -0.6700785 0 0 0 31 156 137 255 
-0.4404293 -1.292521 -0.48435 0 0 0 62 76 138 255 
-0.4614843 -1.335947 -0.4646315 0 0 0 57 86 140 255 
-0.4895511 -1.37777 -0.4372604 0 0 0 58 84 140 255 
-0.5167587 -1.409428 -0.4045832 0 0 0 60 79 138 255 
-0.5524123 -1.444923 -0.3667853 0 0 0 61 78 138 255 
-0.5331617 -1.500673 -0.4020315 0 0 0 62 76 138 255 
-0.5634663 -1.541399 -0.3743455 0 0 0 62 73 137 255 
-0.5438161 -1.58815 -0.3911643 0 0 0 64 70 136 255 
-0.418682 -1.686839 -0.5638255 0 0 0 62 74 137 255 
-0.6856105 -1.631531 -0.2342985 0 0 0 70 51 127 255 
-0.8256781 -1.623875 -0.06721178 0 0 0 68 59 132 255 
-1.639206 0.402097 1.27215 0 0 0 47 107 142 255 
-1.632527 0.3762781 1.253993 0 0 0 57 85 140 255 
-1.557362 0.3840982 1.159849 0 0 0 55 91 141 255 
-1.519758 0.3731376 1.108977 0 0 0 58 84 140 255 
-1.3861 0.406203 0.963065 0 0 0 41 122 142 255 
-1.328637 0.3977974 0.8883833 0 0 0 45 113 142 255 
-1.284055 0.3850884 0.8289033 0 0 0 52 97 141 255 
-1.18377 0.3930455 0.7076375 0 0 0 54 93 141 255 
-1.089746 0.3997 0.6000355 0 0 0 41 123 142 255 
-1.017044 0.3908001 0.5087222 0 0 0 44 114 142 255 
-0.9171675 0.3907013 0.3870819 0 0 0 51 99 141 255 
-0.8111352 0.389848 0.2574418 0 0 0 54 93 141 255 
-0.6844449 0.3988031 0.1069964 0 0 0 38 129 142 255 
-0.5604167 0.3965122 -0.04443086 0 0 0 42 118 142 255 
-0.4362915 0.3912878 -0.196008 0 0 0 51 99 141 255 
-0.2963505 0.3861107 -0.3629648 0 0 0 54 93 141 255 
-0.1429756 0.3900323 -0.5518373 0 0 0 32 147 140 255 
-0.1540876 0.3381791 -0.5437633 0 0 0 36 135 142 255 
-0.1675828 0.2860006 -0.5358318 0 0 0 40 125 142 255 
-0.1620366 0.2390909 -0.545876 0 0 0 47 108 142 255 
-0.1592305 0.2011473 -0.5626245 0 0 0 34 139 141 255 
-0.1673827 0.1502372 -0.5574296 0 0 0 36 134 142 255 
-0.1758987 0.1011012 -0.5529484 0 0 0 42 119 142 255 
-0.1903148 0.05015669 -0.5386343 0 0 0 49 104 142 255 
-0.1681474 0.01604854 -0.5800145 0 0 0 34 139 141 255 
-0.1898392 -0.03567285 -0.5576932 0 0 0 38 129 142 255 
-0.2234376 -0.08844399 -0.5225959 0 0 0 42 118 142 255 
-0.2114347 -0.1354917 -0.5396925 0 0 0 43 116 142 255 
-0.2039146 -0.1716233 -0.5655239 0 0 0 36 135 142 255 
-0.2200951 -0.2217173 -0.5504894 0 0 0 37 132 142 255 
-0.216456 -0.2692909 -0.5585628 0 0 0 40 125 142 255 
-0.2268852 -0.3173171 -0.5478255 0 0 0 44 115 142 255 
-0.2146649 -0.3557066 -0.5784486 0 0 0 33 142 141 255 
-0.2476702 -0.4040754 -0.5424927 0 0 0 37 131 142 255 
-0.2333959 -0.4518797 -0.5641767 0 0 0 38 129 142 255 
-0.2513666 -0.5004588 -0.5444504 0 0 0 43 117 142 255 
-0.234265 -0.5378361 -0.5821378 0 0 0 36 134 142 255 
-0.2711676 -0.5863771 -0.5419385 0 0 0 41 123 142 255 
-0.2765897 -0.6238043 -0.5454897 0 0 0 42 118 142 255 
-0.2713392 -0.6812322 -0.5468442 0 0 0 43 117 142 255 
-0.2606435 -0.7215827 -0.5736319 0 0 0 36 134 142 255 
-0.2794203 -0.7677319 -0.5577621 0 0 0 38 130 142 255 
-0.2856792 -0.815078 -0.5542746 0 0 0 47 107 142 255 
-0.2913148 -0.8630435 -0.5509233 0 0 0 42 120 142 255 
-0.2866074 -0.9026081 -0.5704533 0 0 0 41 121 142 255 
-0.2813774 -0.9517829 -0.581626 0 0 0 35 137 142 255 
-0.3016491 -0.9967968 -0.5616641 0 0 0 36 135 142 255 
-0.2869072 -1.049338 -0.5841942 0 0 0 37 132 142 255 
-0.2906875 -1.088989 -0.5906335 0 0 0 31 148 140 255 
-0.3090104 -1.133252 -0.5752997 0 0 0 34 140 141 255 
-0.3155923 -1.181573 -0.5725597 0 0 0 33 143 141 255 
-0.3099198 -1.234097 -0.5857934 0 0 0 35 137 142 255 
-0.299426 -1.276949 -0.6042044 0 0 0 31 154 138 255 
-0.4399899 -1.289855 -0.437929 0 0 0 58 83 139 255 
-0.4685127 -1.330877 -0.4091122 0 0 0 59 82 139 255 
-0.48931 -1.374364 -0.3911544 0 0 0 61 77 138 255 
-0.5166927 -1.405708 -0.3586662 0 0 0 61 78 138 255 
-0.5232126 -1.450279 -0.3579171 0 0 0 60 79 138 255 
-0.5622087 -1.486372 -0.3194435 0 0 0 63 72 137 255 
-0.5634108 -1.536614 -0.3287388 0 0 0 63 71 136 255 
-0.5582062 -1.577708 -0.3271706 0 0 0 66 63 133 255 
-0.6574324 -1.637322 -0.2261046 0 0 0 70 48 126 255 
-0.8200529 -1.620535 -0.03247146 0 0 0 70 48 126 255 
-1.633998 0.3965156 1.291237 0 0 0 48 106 142 255 
-1.627224 0.3708054 1.27318 0 0 0 58 83 139 255 
-1.536279 0.3858434 1.162416 0 0 0 52 96 141 255 
-1.48314 0.3816914 1.094542 0 0 0 56 88 140 255 
-1.3867 0.397413 0.9924482 0 0 0 43 117 142 255 
-1.313501 0.3957231 0.9009056 0 0 0 46 110 142 255 
-1.283874 0.3766503 0.8590741 0 0 0 52 96 141 255 
-1.167537 0.3908215 0.7210495 0 0 0 53 95 141 255 
-1.072856 0.397384 0.6140205 0 0 0 40 124 142 255 
-0.9842237 0.3940871 0.5056255 0 0 0 44 114 142 255 
-0.9143777 0.3827519 0.4197125 0 0 0 52 97 141 255 
-0.799867 0.3846293 0.281957 0 0 0 56 89 140 255 
-0.6722649 0.3935515 0.1323044 0 0 0 46 111 142 255 
-0.524171 0.3984817 -0.04493705 0 0 0 41 121 142 255 
-0.4145599 0.3883089 -0.1780188 0 0 0 52 96 141 255 
-0.2581406 0.3873636 -0.3619403 0 0 0 51 98 141 255 
-0.1268112 0.3846629 -0.5231172 0 0 0 31 149 139 255 
-0.1612229 0.326986 -0.4882052 0 0 0 37 131 142 255 
-0.1670611 0.2771398 -0.4892235 0 0 0 44 115 142 255 
-0.1769975 0.2270457 -0.4811797 0 0 0 46 111 142 255 
-0.1740717 0.1895546 -0.4977778 0 0 0 35 136 142 255 
-0.1668124 0.1423217 -0.5105938 0 0 0 37 132 142 255 
-0.1908869 0.09064969 -0.4879992 0 0 0 43 117 142 255 
-0.1899314 0.04293489 -0.4918093 0 0 0 48 106 142 255 
-0.182983 0.006604396 -0.514806 0 0 0 33 145 140 255 
-0.1893584 -0.04228853 -0.5107247 0 0 0 38 129 142 255 
-0.1999529 -0.09166861 -0.5030965 0 0 0 41 121 142 255 
-0.2266252 -0.1431784 -0.4745117 0 0 0 44 114 142 255 
-0.1956815 -0.1764758 -0.5275903 0 0 0 34 140 141 255 
-0.2274464 -0.2276937 -0.4943165 0 0 0 38 130 142 255 
-0.2469846 -0.2765266 -0.4748438 0 0 0 42 120 142 255 
-0.2420394 -0.3228376 -0.4824361 0 0 0 44 114 142 255 
-0.2372866 -0.3611395 -0.503697 0 0 0 34 139 141 255 
-0.2396535 -0.4077982 -0.5046317 0 0 0 38 129 142 255 
-0.2329746 -0.4555234 -0.517004 0 0 0 39 127 142 255 
-0.2587956 -0.5037565 -0.4881644 0 0 0 44 113 142 255 
-0.2567824 -0.5406619 -0.5072424 0 0 0 39 126 142 255 
-0.247809 -0.5895868 -0.5225154 0 0 0 40 124 142 255 
-0.2685702 -0.6264576 -0.5076383 0 0 0 43 117 142 255 
-0.2556728 -0.6840281 -0.5181662 0 0 0 43 117 142 255 
-0.267785 -0.7227724 -0.5171819 0 0 0 35 137 142 255 
-0.2866319 -0.7684534 -0.5013971 0 0 0 40 125 142 255 
-0.2776292 -0.8168116 -0.5163869 0 0 0 44 114 142 255 
-0.3061713 -0.861982 -0.4853789 0 0 0 42 118 142 255 
-0.293656 -0.9020454 -0.5140551 0 0 0 37 131 142 255 
-0.2807403 -0.9518283 -0.5344175 0 0 0 35 138 141 255 
-0.2935362 -0.9976562 -0.5237971 0 0 0 37 133 142 255 
-0.2937962 -1.047399 -0.527781 0 0 0 38 130 142 255 
-0.274828 -1.090828 -0.5618889 0 0 0 31 154 138 255 
-0.2932504 -1.134964 -0.5466526 0 0 0 33 143 141 255 
-0.3148903 -1.179948 -0.5255081 0 0 0 36 135 142 255 
-0.3016102 -1.233853 -0.5479144 0 0 0 34 139 141 255 
-0.3059639 -1.272895 -0.5478492 0 0 0 31 154 138 255 
-0.4399967 -1.287145 -0.3916474 0 0 0 62 74 137 255 
-0.4760975 -1.32575 -0.3538231 0 0 0 61 77 138 255 
-0.5117724 -1.364427 -0.3176461 0 0 0 64 70 136 255 
-0.5096649 -1.404203 -0.3220579 0 0 0 60 79 138 255 
-0.545698 -1.43908 -0.2847146 0 0 0 60 80 139 255 
-0.5847794 -1.47445 -0.2465121 0 0 0 63 72 137 255 
-0.5711198 -1.529187 -0.2741311 0 0 0 62 74 137 255 
-0.543963 -1.577985 -0.2999622 0 0 0 65 68 135 255 
-0.5551699 -1.622871 -0.2980135 0 0 0 71 46 124 255 
-0.764191 -1.638475 -0.06140105 0 0 0 69 56 130 255 
-1.62896 0.3909481 1.310312 0 0 0 47 108 142 255 
-1.629748 0.3616489 1.300829 0 0 0 57 85 140 255 
-1.515158 0.3875712 1.165156 0 0 0 53 95 141 255 
-1.499931 0.3658921 1.140341 0 0 0 58 84 140 255 
-1.364501 0.398792 0.9960513 0 0 0 41 123 142 255 
-1.306147 0.3903852 0.9221246 0 0 0 44 114 142 255 
-1.253151 0.3808416 0.8546003 0 0 0 51 98 141 255 
-1.151386 0.388596 0.7345594 0 0 0 55 91 141 255 
-1.056052 0.395066 0.6281083 0 0 0 41 123 142 255 
-0.9745042 0.3888476 0.528977 0 0 0 45 112 142 255 
-0.8808956 0.385714 0.4172835 0 0 0 50 100 142 255 
-0.7810472 0.3820344 0.2977218 0 0 0 55 91 141 255 
-0.6525307 0.3908288 0.1488461 0 0 0 52 96 141 255 
-0.5033545 0.3956101 -0.02749019 0 0 0 41 123 142 255 
-0.4007187 0.3830348 -0.1510489 0 0 0 51 99 141 255 
-0.2587648 0.3776882 -0.3162622 0 0 0 53 94 141 255 
-0.134243 0.3730456 -0.4676776 0 0 0 33 144 141 255 
-0.1611298 0.3178248 -0.4417817 0 0 0 37 133 142 255 
-0.1747929 0.2664613 -0.4338193 0 0 0 44 114 142 255 
-0.1692227 0.2203196 -0.4436398 0 0 0 44 114 142 255 
-0.1661997 0.1830033 -0.4601578 0 0 0 35 138 141 255 
-0.1666993 0.1344505 -0.4638917 0 0 0 35 136 142 255 
-0.190943 0.08313341 -0.441374 0 0 0 44 115 142 255 
-0.1900044 0.03575622 -0.4451191 0 0 0 49 103 142 255 
-0.1907023 -0.001539819 -0.4589548 0 0 0 35 138 141 255 
-0.1893353 -0.04886087 -0.4638919 0 0 0 42 119 142 255 
-0.2078089 -0.09888702 -0.447209 0 0 0 42 120 142 255 
-0.2346897 -0.1499089 -0.4187274 0 0 0 44 113 142 255 
-0.2111684 -0.1836781 -0.4624232 0 0 0 36 135 142 255 
-0.2275763 -0.2329345 -0.4474775 0 0 0 39 126 142 255 
-0.2394654 -0.2808438 -0.4371883 0 0 0 42 118 142 255 
-0.2344978 -0.3269349 -0.4447196 0 0 0 43 117 142 255 
-0.2296032 -0.3650602 -0.4658982 0 0 0 34 141 141 255 
-0.2319799 -0.4114937 -0.4668152 0 0 0 37 132 142 255 
-0.24078 -0.4592512 -0.4608247 0 0 0 38 129 142 255 
-0.259024 -0.5069844 -0.4412601 0 0 0 42 119 142 255 
-0.2491073 -0.5437081 -0.4694241 0 0 0 38 129 142 255 
-0.2710147 -0.591628 -0.4479441 0 0 0 42 118 142 255 
-0.2686242 -0.6287973 -0.4606537 0 0 0 44 115 142 255 
-0.2788926 -0.6846955 -0.4435984 0 0 0 42 119 142 255 
-0.2600698 -0.724938 -0.479323 0 0 0 33 142 141 255 
-0.2790121 -0.7703767 -0.4636281 0 0 0 37 131 142 255 
-0.2776154 -0.8177725 -0.4693618 0 0 0 39 127 142 255 
-0.283294 -0.86515 -0.4660526 0 0 0 42 118 142 255 
-0.2859458 -0.9033281 -0.4762633 0 0 0 37 133 142 255 
-0.2882087 -0.9507642 -0.4781626 0 0 0 36 135 142 255 
-0.2857659 -0.9984878 -0.4859751 0 0 0 34 139 141 255 
-0.2936234 -1.0467 -0.4807749 0 0 0 37 131 142 255 
-0.2820172 -1.088484 -0.5055619 0 0 0 33 145 140 255 
-0.3080731 -1.130662 -0.4812585 0 0 0 35 136 142 255 
-0.3146406 -1.178281 -0.4785947 0 0 0 37 133 142 255 
-0.3238605 -1.226644 -0.4734339 0 0 0 36 135 142 255 
-0.2979872 -1.272436 -0.5100338 0 0 0 31 152 139 255 
-0.4404514 -1.284393 -0.3455059 0 0 0 64 70 136 255 
-0.4692414 -1.324672 -0.3170542 0 0 0 62 76 138 255 
-0.4752124 -1.371762 -0.31763 0 0 0 64 70 136 255 
-0.5178888 -1.398141 -0.2672571 0 0 0 57 85 140 255 
-0.53176 -1.439668 -0.2574946 0 0 0 59 82 139 255 
-0.541425 -1.484846 -0.255941 0 0 0 61 77 138 255 
-0.564615 -1.526918 -0.2379487 0 0 0 59 82 139 255 
-0.5520709 -1.570134 -0.2455033 0 0 0 63 72 137 255 
-0.5264586 -1.628655 -0.2889462 0 0 0 70 51 127 255 
-0.367089 -1.742763 -0.4987259 0 0 0 35 138 141 255 
-0.7078941 -1.656491 -0.08975253 0 0 0 68 59 132 255 
-1.600996 0.3968218 1.304241 0 0 0 46 109 142 255 
-1.58632 0.3746582 1.277815 0 0 0 66 63 133 255 
-1.517137 0.3785565 1.193478 0 0 0 51 99 141 255 
-1.455465 0.3778701 1.117792 0 0 0 58 84 140 255 
-1.350021 0.3967814 1.008352 0 0 0 41 122 142 255 
-1.275705 0.3948207 0.9176711 0 0 0 45 112 142 255 
-1.237819 0.3787159 0.8675909 0 0 0 53 95 141 255 
-1.150867 0.3803033 0.7654188 0 0 0 59 82 139 255 
-1.031544 0.3956835 0.6336574 0 0 0 41 121 142 255 
-0.9493881 0.389268 0.5349975 0 0 0 44 115 142 255 
-0.8785111 0.3777899 0.4499529 0 0 0 50 102 142 255 
-0.7779517 0.374231 0.3310607 0 0 0 56 89 140 255 
-0.6250776 0.3906133 0.1567628 0 0 0 44 115 142 255 
-0.4983019 0.3879437 0.00763339 0 0 0 43 117 142 255 
-0.3792645 0.3800569 -0.1328411 0 0 0 49 103 142 255 
-0.2363102 0.3745696 -0.2971813 0 0 0 55 90 140 255 
-0.1422399 0.3614878 -0.412467 0 0 0 34 140 141 255 
-0.1536394 0.3106724 -0.4043556 0 0 0 36 134 142 255 
-0.1516774 0.2632515 -0.4141755 0 0 0 41 122 142 255 
-0.1696486 0.2118817 -0.3972479 0 0 0 46 109 142 255 
-0.1665247 0.1748329 -0.4136592 0 0 0 35 136 142 255 
-0.1748985 0.1250871 -0.4083907 0 0 0 35 136 142 255 
-0.1835941 0.07708265 -0.4038429 0 0 0 42 118 142 255 
-0.2141323 0.02469307 -0.371671 0 0 0 50 102 142 255 
-0.1754199 -0.005971096 -0.4303046 0 0 0 35 138 141 255 
-0.205485 -0.05759876 -0.3991992 0 0 0 40 124 142 255 
-0.2083696 -0.1050565 -0.4005719 0 0 0 42 120 142 255 
-0.2118692 -0.1530833 -0.3992719 0 0 0 44 113 142 255 
-0.1959445 -0.1876673 -0.4337652 0 0 0 34 139 141 255 
-0.2203156 -0.2374627 -0.409833 0 0 0 38 130 142 255 
-0.2165971 -0.2840236 -0.4177054 0 0 0 39 126 142 255 
-0.2351486 -0.3314462 -0.3979831 0 0 0 44 114 142 255 
-0.2144302 -0.3686054 -0.4372328 0 0 0 33 145 140 255 
-0.23248 -0.4153959 -0.419955 0 0 0 37 133 142 255 
-0.2413267 -0.4628004 -0.4139801 0 0 0 39 128 142 255 
-0.244064 -0.5101602 -0.4126996 0 0 0 42 119 142 255 
-0.2495777 -0.5466415 -0.4225366 0 0 0 38 130 142 255 
-0.2560288 -0.5945941 -0.4193999 0 0 0 40 125 142 255 
-0.2846982 -0.6305074 -0.3955557 0 0 0 46 110 142 255 
-0.2873281 -0.6861349 -0.3876996 0 0 0 52 96 141 255 
-0.2526975 -0.7270757 -0.4415122 0 0 0 34 139 141 255 
-0.2639791 -0.7729104 -0.435042 0 0 0 37 132 142 255 
-0.2935495 -0.8171846 -0.4042149 0 0 0 40 124 142 255 
-0.3069616 -0.8631105 -0.3918013 0 0 0 42 119 142 255 
-0.2785791 -0.9045827 -0.4385168 0 0 0 38 130 142 255 
-0.2808298 -0.9517898 -0.4404166 0 0 0 37 133 142 255 
-0.3014158 -0.9957303 -0.420801 0 0 0 37 131 142 255 
-0.2939055 -1.045957 -0.4339088 0 0 0 38 129 142 255 
-0.2974296 -1.084684 -0.4403387 0 0 0 32 147 140 255 
-0.3006389 -1.130811 -0.4435734 0 0 0 35 136 142 255 
-0.3072134 -1.178194 -0.4409435 0 0 0 34 139 141 255 
-0.3088432 -1.228056 -0.4449461 0 0 0 35 137 142 255 
-0.305538 -1.268281 -0.4540482 0 0 0 31 151 139 255 
-0.4413494 -1.281597 -0.2995105 0 0 0 62 76 138 255 
-0.4627184 -1.323566 -0.2803371 0 0 0 60 79 138 255 
-0.4837206 -1.366065 -0.2627725 0 0 0 60 80 139 255 
-0.5116318 -1.396566 -0.2308462 0 0 0 59 82 139 255 
-0.5330303 -1.435479 -0.2121042 0 0 0 57 86 140 255 
-0.5202482 -1.4878 -0.2377874 0 0 0 59 82 139 255 
-0.5361355 -1.532467 -0.2289684 0 0 0 59 82 139 255 
-0.5161384 -1.578505 -0.2454261 0 0 0 60 79 138 255 
-0.4755576 -1.642932 -0.3066999 0 0 0 72 33 115 255 
-0.351928 -1.742969 -0.4703877 0 0 0 33 142 141 255 
-0.7171305 -1.647057 -0.03656088 0 0 0 68 59 132 255 
-1.588392 0.3950593 1.315093 0 0 0 47 108 142 255 
-1.55029 0.3839245 1.263623 0 0 0 68 57 131 255 
-1.503868 0.3767052 1.204853 0 0 0 53 94 141 255 
-1.441736 0.3759565 1.129544 0 0 0 56 89 140 255 
-1.359029 0.3846715 1.046156 0 0 0 42 120 142 255 
-1.291995 0.3797501 0.9645622 0 0 0 47 107 142 255 
-1.246019 0.3671814 0.9063169 0 0 0 52 96 141 255 
-1.127166 0.3811132 0.7704581 0 0 0 63 72 137 255 
-1.022704 0.3904225 0.6565926 0 0 0 42 120 142 255 
-0.9242558 0.3896715 0.5412172 0 0 0 46 111 142 255 
-0.8371379 0.3834238 0.4392757 0 0 0 50 100 142 255 
-0.7437037 0.3768361 0.3295992 0 0 0 55 90 140 255 
-0.6054944 0.3878785 0.1735942 0 0 0 40 125 142 255 
-0.4856965 0.3826944 0.0339701 0 0 0 43 117 142 255 
-0.3579268 0.3770768 -0.114499 0 0 0 61 77 138 255 
-0.1981771 0.3757763 -0.2955064 0 0 0 51 98 141 255 
-0.1429002 0.3520584 -0.366284 0 0 0 34 140 141 255 
-0.170205 0.297673 -0.3405359 0 0 0 38 129 142 255 
-0.1682223 0.2508162 -0.3502152 0 0 0 41 121 142 255 
-0.1705278 0.2034852 -0.3509969 0 0 0 49 104 142 255 
-0.1673025 0.1667043 -0.3673035 0 0 0 35 136 142 255 
-0.1678345 0.1188346 -0.3709064 0 0 0 38 129 142 255 
-0.1845033 0.06964526 -0.3574526 0 0 0 44 115 142 255 
-0.1994358 0.02022747 -0.3432465 0 0 0 49 103 142 255 
-0.1761912 -0.0128104 -0.3837245 0 0 0 34 141 141 255 
-0.2064825 -0.06406885 -0.3527453 0 0 0 39 126 142 255 
-0.1935529 -0.1092184 -0.3720088 0 0 0 41 123 142 255 
-0.228759 -0.1605932 -0.3348001 0 0 0 45 113 142 255 
-0.2125666 -0.1947512 -0.3690715 0 0 0 36 135 142 255 
-0.2133975 -0.2419628 -0.3722394 0 0 0 37 131 142 255 
-0.2254557 -0.2893948 -0.3620234 0 0 0 41 121 142 255 
-0.228349 -0.3354795 -0.3604127 0 0 0 44 115 142 255 
-0.2152655 -0.3728175 -0.3904445 0 0 0 32 147 140 255 
-0.2492014 -0.41971 -0.3551517 0 0 0 35 136 142 255 
-0.2423272 -0.4663059 -0.3672817 0 0 0 39 128 142 255 
-0.2450906 -0.5133157 -0.3659907 0 0 0 39 126 142 255 
-0.2583616 -0.5494375 -0.3667264 0 0 0 38 130 142 255 
-0.2648297 -0.5969152 -0.3635942 0 0 0 39 126 142 255 
-0.2779322 -0.6330455 -0.3580363 0 0 0 55 91 141 255 
-0.2649587 -0.6892701 -0.3683366 0 0 0 59 82 139 255 
-0.253491 -0.7286522 -0.3946667 0 0 0 33 144 141 255 
-0.2647991 -0.7741392 -0.3882384 0 0 0 38 130 142 255 
-0.2867477 -0.8188033 -0.3666618 0 0 0 51 99 141 255 
-0.2924476 -0.8653614 -0.3633982 0 0 0 42 119 142 255 
-0.2793258 -0.9048417 -0.391731 0 0 0 35 138 141 255 
-0.289314 -0.9506233 -0.3845435 0 0 0 39 128 142 255 
-0.2944926 -0.9964831 -0.38322 0 0 0 35 137 142 255 
-0.2869011 -1.046483 -0.39627 0 0 0 37 131 142 255 
-0.2672207 -1.089242 -0.4299483 0 0 0 31 150 139 255 
-0.2935445 -1.130931 -0.40594 0 0 0 32 146 140 255 
-0.3154905 -1.174816 -0.385195 0 0 0 35 136 142 255 
-0.3093841 -1.225956 -0.3982804 0 0 0 35 136 142 255 
-0.2907003 -1.269594 -0.4254831 0 0 0 30 155 138 255 
-0.4121821 -1.286572 -0.2898891 0 0 0 62 74 137 255 
-0.4717407 -1.318294 -0.2255805 0 0 0 60 79 138 255 
-0.4776134 -1.364679 -0.226237 0 0 0 59 82 139 255 
-0.4754276 -1.404083 -0.2306058 0 0 0 55 91 141 255 
-0.5045512 -1.440808 -0.2029412 0 0 0 56 89 140 255 
-0.5067037 -1.488252 -0.2104923 0 0 0 59 82 139 255 
-0.5451011 -1.52492 -0.1747536 0 0 0 65 66 135 255 
-0.4576542 -1.59507 -0.2719633 0 0 0 69 56 130 255 
-0.3572708 -1.68277 -0.4046689 0 0 0 35 137 142 255 
-0.3592497 -1.734321 -0.4151253 0 0 0 34 141 141 255 
-0.6678388 -1.662094 -0.05521235 0 0 0 69 55 129 255 
-1.56805 0.3970911 1.317737 0 0 0 49 104 142 255 
-1.568691 0.3674212 1.308133 0 0 0 55 90 140 255 
-1.482853 0.3784141 1.207932 0 0 0 51 98 141 255 
-1.451559 0.363691 1.166631 0 0 0 56 88 140 255 
-1.337005 0.3860387 1.050071 0 0 0 42 118 142 255 
-1.25374 0.3874056 0.9519194 0 0 0 46 111 142 255 
-1.215267 0.3713291 0.9023541 0 0 0 51 99 141 255 
-1.111322 0.378889 0.7842184 0 0 0 57 86 140 255 
-0.9982651 0.3910216 0.6624408 0 0 0 41 121 142 255 
-0.9307313 0.3788224 0.5819547 0 0 0 45 113 142 255 
-0.835107 0.3755174 0.4720252 0 0 0 50 101 142 255 
-0.7568638 0.3638845 0.3802481 0 0 0 56 89 140 255 
-0.5780869 0.3876356 0.1818922 0 0 0 39 126 142 255 
-0.4733068 0.3774566 0.06033716 0 0 0 43 117 142 255 
-0.3128723 0.3809004 -0.1221411 0 0 0 64 69 136 255 
-0.1758502 0.3726366 -0.2760554 0 0 0 56 88 140 255 
-0.1281061 0.3467987 -0.3377372 0 0 0 32 146 140 255 
-0.1396836 0.2964509 -0.3296463 0 0 0 36 134 142 255 
-0.1535859 0.245801 -0.3217393 0 0 0 43 116 142 255 
-0.1798282 0.1934084 -0.2960871 0 0 0 47 108 142 255 
-0.1605685 0.1602535 -0.3299195 0 0 0 35 138 141 255 
-0.1690802 0.1110933 -0.3246302 0 0 0 37 132 142 255 
-0.1858643 0.06225035 -0.3112107 0 0 0 44 114 142 255 
-0.2088995 0.01189319 -0.2881662 0 0 0 50 102 142 255 
-0.1774168 -0.01960617 -0.3372906 0 0 0 34 139 141 255 
-0.1840234 -0.06722834 -0.3331552 0 0 0 38 130 142 255 
-0.2028805 -0.1162908 -0.31665 0 0 0 41 121 142 255 
-0.2064568 -0.1637342 -0.315305 0 0 0 41 122 142 255 
-0.2139438 -0.2002221 -0.322617 0 0 0 35 137 142 255 
-0.2068203 -0.2464347 -0.3347 0 0 0 37 132 142 255 
-0.2189642 -0.2936276 -0.3245198 0 0 0 40 125 142 255 
-0.2218924 -0.3394843 -0.3228968 0 0 0 41 122 142 255 
-0.2244943 -0.3773183 -0.3348151 0 0 0 33 145 140 255 
-0.2427786 -0.4232895 -0.317679 0 0 0 37 132 142 255 
-0.2279118 -0.4695585 -0.3387367 0 0 0 37 132 142 255 
-0.2307037 -0.5164506 -0.3374392 0 0 0 41 122 142 255 
-0.251881 -0.5523759 -0.3292028 0 0 0 35 137 142 255 
-0.2504714 -0.5998324 -0.335108 0 0 0 38 130 142 255 
-0.2636127 -0.6358636 -0.329606 0 0 0 46 111 142 255 
-0.2506075 -0.6919612 -0.3398105 0 0 0 39 126 142 255 
-0.2311021 -0.7318068 -0.375078 0 0 0 33 145 140 255 
-0.2660713 -0.7753243 -0.3415835 0 0 0 33 142 141 255 
-0.2567169 -0.8226973 -0.3562753 0 0 0 35 138 141 255 
-0.262468 -0.8693673 -0.3530244 0 0 0 34 141 141 255 
-0.2492131 -0.9089575 -0.3812686 0 0 0 30 155 138 255 
-0.2749097 -0.9526667 -0.3560377 0 0 0 37 133 142 255 
-0.2957129 -0.9960046 -0.3366541 0 0 0 35 137 142 255 
-0.2802377 -1.046981 -0.3586846 0 0 0 36 134 142 255 
-0.2758729 -1.086753 -0.3741472 0 0 0 31 149 139 255 
-0.3022938 -1.127976 -0.350295 0 0 0 34 140 141 255 
-0.3088498 -1.174658 -0.3477426 0 0 0 35 137 142 255 
-0.3026531 -1.225569 -0.3607816 0 0 0 35 138 141 255 
-0.3069022 -1.263495 -0.3608229 0 0 0 31 149 139 255 
-0.3138931 -1.309213 -0.3611188 0 0 0 40 124 142 255 
-0.4276886 -1.327497 -0.2340748 0 0 0 68 59 132 255 
-0.4641975 -1.365458 -0.1987537 0 0 0 70 48 126 255 
-0.3857602 -1.427649 -0.2929124 0 0 0 61 78 138 255 
-0.4076768 -1.467736 -0.2742981 0 0 0 62 74 137 255 
-0.5539532 -1.46859 -0.1114492 0 0 0 71 46 124 255 
-0.5621492 -1.514684 -0.11183 0 0 0 66 65 134 255 
-0.5344208 -1.562603 -0.1371612 0 0 0 65 68 135 255 
-0.4403648 -1.64611 -0.2603985 0 0 0 53 94 141 255 
-0.3521737 -1.731524 -0.3779243 0 0 0 36 135 142 255 
-0.6256658 -1.674121 -0.06446736 0 0 0 68 58 131 255 
-1.571246 0.387744 1.345272 0 0 0 50 101 142 255 
-1.548263 0.3693133 1.310907 0 0 0 54 92 141 255 
-1.461801 0.3801061 1.211183 0 0 0 51 99 141 255 
-1.446016 0.3583536 1.186783 0 0 0 59 82 139 255 
-1.32286 0.3840374 1.062543 0 0 0 42 119 142 255 
-1.262751 0.3756292 0.990156 0 0 0 47 107 142 255 
-1.200232 0.3692052 0.9155794 0 0 0 50 101 142 255 
-1.119367 0.3676337 0.8235291 0 0 0 52 97 141 255 
-0.9897128 0.3857718 0.6854871 0 0 0 42 119 142 255 
-0.9137421 0.3764212 0.5969185 0 0 0 44 114 142 255 
-0.8174503 0.3730221 0.487576 0 0 0 50 101 142 255 
-0.7067556 0.3716295 0.3619336 0 0 0 56 89 140 255 
-0.5666443 0.3824015 0.2076176 0 0 0 39 126 142 255 
-0.4531448 0.3746064 0.07810187 0 0 0 44 114 142 255 
-0.307592 0.3733698 -0.08608146 0 0 0 51 99 141 255 
-0.1616509 0.3673472 -0.2477902 0 0 0 42 120 142 255 
-0.1455695 0.3333306 -0.2743511 0 0 0 33 142 141 255 
-0.1572569 0.2835537 -0.2662133 0 0 0 38 130 142 255 
-0.1632322 0.235312 -0.2670021 0 0 0 42 118 142 255 
-0.1736349 0.1868246 -0.2589363 0 0 0 48 106 142 255 
-0.1461564 0.1554556 -0.3013668 0 0 0 33 144 141 255 
-0.1627534 0.1049054 -0.2872995 0 0 0 36 135 142 255 
-0.187674 0.05490064 -0.2651183 0 0 0 42 118 142 255 
-0.2028596 0.006190665 -0.2509792 0 0 0 49 103 142 255 
-0.1871134 -0.02755272 -0.2821614 0 0 0 34 141 141 255 
-0.1937808 -0.07471535 -0.2780007 0 0 0 38 129 142 255 
-0.212767 -0.1233035 -0.26154 0 0 0 43 117 142 255 
-0.2163858 -0.1702817 -0.2601582 0 0 0 44 114 142 255 
-0.2077612 -0.2048879 -0.2852138 0 0 0 34 139 141 255 
-0.2166104 -0.2521692 -0.2793933 0 0 0 37 132 142 255 
-0.2368468 -0.2994266 -0.26032 0 0 0 41 121 142 255 
-0.2318001 -0.3442978 -0.267592 0 0 0 44 115 142 255 
-0.2102935 -0.380786 -0.3062601 0 0 0 31 148 140 255 
-0.2366972 -0.4268405 -0.2802624 0 0 0 35 137 142 255 
-0.2376955 -0.4730875 -0.2832914 0 0 0 37 132 142 255 
-0.2564849 -0.5194754 -0.2640721 0 0 0 41 123 142 255 
-0.2457405 -0.5552858 -0.2917359 0 0 0 34 141 141 255 
-0.260227 -0.6020579 -0.2796543 0 0 0 37 133 142 255 
-0.2654198 -0.6380361 -0.2831663 0 0 0 38 130 142 255 
-0.2762423 -0.6923681 -0.2663648 0 0 0 41 122 142 255 
-0.2326324 -0.7333189 -0.3283915 0 0 0 30 155 138 255 
-0.2757131 -0.7758039 -0.2860931 0 0 0 34 140 141 255 
-0.2820773 -0.8211792 -0.2827324 0 0 0 35 136 142 255 
-0.287817 -0.8671496 -0.2795109 0 0 0 39 127 142 255 
-0.2664042 -0.9071942 -0.3166012 0 0 0 31 151 139 255 
-0.268606 -0.9535994 -0.318501 0 0 0 34 139 141 255 
-0.2738092 -0.9991135 -0.3172091 0 0 0 34 141 141 255 
-0.2974417 -1.043466 -0.2942039 0 0 0 37 131 142 255 
-0.2850814 -1.084205 -0.318594 0 0 0 31 152 139 255 
-0.3037906 -1.126493 -0.3038827 0 0 0 33 144 141 255 
-0.3103374 -1.172825 -0.3013684 0 0 0 35 137 142 255 
-0.2884855 -1.22692 -0.3323105 0 0 0 34 140 141 255 
-0.2927388 -1.264752 -0.3323657 0 0 0 30 157 137 255 
-0.3229328 -1.304449 -0.3058072 0 0 0 33 142 141 255 
-0.3140022 -1.355502 -0.3227298 0 0 0 33 142 141 255 
-0.3510249 -1.394829 -0.2875216 0 0 0 37 131 142 255 
-0.4027166 -1.419217 -0.2291667 0 0 0 51 99 141 255 
-0.5164915 -1.42987 -0.1036265 0 0 0 61 77 138 255 
-0.5336502 -1.471475 -0.09338277 0 0 0 62 74 137 255 
-0.5570566 -1.512289 -0.07597712 0 0 0 61 78 138 255 
-0.5291875 -1.560038 -0.1011687 0 0 0 63 72 137 255 
-0.5401759 -1.603545 -0.09956475 0 0 0 64 69 136 255 
-0.3755264 -1.716854 -0.305313 0 0 0 38 130 142 255 
-0.6057491 -1.676951 -0.04675061 0 0 0 67 62 133 255 
-1.566809 0.3822054 1.364504 0 0 0 60 80 139 255 
-1.527798 0.3711886 1.31385 0 0 0 55 91 141 255 
-1.472412 0.3675989 1.247749 0 0 0 51 98 141 255 
-1.416853 0.363336 1.181953 0 0 0 57 85 140 255 
-1.308794 0.3820353 1.075103 0 0 0 39 126 142 255 
-1.240278 0.3767889 0.9947166 0 0 0 45 112 142 255 
-1.185277 0.3670802 0.9288963 0 0 0 52 97 141 255 
-1.095866 0.3684309 0.8289049 0 0 0 52 96 141 255 
-0.973351 0.383444 0.7000861 0 0 0 39 126 142 255 
-0.9048595 0.3712241 0.6204715 0 0 0 46 110 142 255 
-0.7918704 0.3732069 0.4947227 0 0 0 52 96 141 255 
-0.6884326 0.3690237 0.3782709 0 0 0 56 88 140 255 
-0.5634509 0.3747024 0.2419255 0 0 0 41 122 142 255 
-0.4170064 0.3764839 0.07882135 0 0 0 42 118 142 255 
-0.302642 0.3658671 -0.05008391 0 0 0 50 102 142 255 
-0.1476801 0.3620697 -0.2194858 0 0 0 42 118 142 255 
-0.1314537 0.3281268 -0.2459103 0 0 0 32 147 140 255 
-0.1512903 0.2765368 -0.2291337 0 0 0 38 130 142 255 
-0.1734333 0.224882 -0.2125131 0 0 0 43 116 142 255 
-0.1677826 0.1802701 -0.2218409 0 0 0 46 110 142 255 
-0.1481195 0.1474351 -0.2553124 0 0 0 33 144 141 255 
-0.1567653 0.09874602 -0.2500234 0 0 0 35 137 142 255 
-0.1818513 0.04898624 -0.2279427 0 0 0 42 118 142 255 
-0.1971577 0.0005163401 -0.213852 0 0 0 50 102 142 255 
-0.1731414 -0.03187863 -0.2536744 0 0 0 33 145 140 255 
-0.163704 -0.07677554 -0.2671385 0 0 0 38 129 142 255 
-0.1989718 -0.1273796 -0.2331451 0 0 0 41 122 142 255 
-0.2187886 -0.1759267 -0.2140956 0 0 0 44 113 142 255 
-0.2019158 -0.209525 -0.2478702 0 0 0 35 138 141 255 
-0.2027575 -0.2559303 -0.2509253 0 0 0 36 134 142 255 
-0.2231338 -0.3030551 -0.2319461 0 0 0 40 125 142 255 
-0.2341994 -0.3486408 -0.2214151 0 0 0 44 114 142 255 
-0.2124261 -0.384874 -0.2598808 0 0 0 32 146 140 255 
-0.2309543 -0.4303624 -0.2429058 0 0 0 36 135 142 255 
-0.2319482 -0.4763797 -0.2459104 0 0 0 36 134 142 255 
-0.2508734 -0.5225182 -0.2267808 0 0 0 42 120 142 255 
-0.2319146 -0.5582835 -0.2632542 0 0 0 33 142 141 255 
-0.2545102 -0.6046916 -0.2423096 0 0 0 38 130 142 255 
-0.2676758 -0.6401641 -0.2368841 0 0 0 38 130 142 255 
-0.2546177 -0.6954562 -0.2469331 0 0 0 41 122 142 255 
-0.2425995 -0.7342303 -0.2729217 0 0 0 31 151 139 255 
-0.2699583 -0.7775624 -0.24874 0 0 0 34 141 141 255 
-0.276349 -0.8227041 -0.2454006 0 0 0 35 137 142 255 
-0.2900664 -0.8675398 -0.2332618 0 0 0 39 126 142 255 
-0.2683879 -0.907337 -0.2701777 0 0 0 31 149 139 255 
-0.2705635 -0.9533988 -0.2720783 0 0 0 35 138 141 255 
-0.29158 -0.9961345 -0.2529281 0 0 0 36 135 142 255 
-0.2837179 -1.04522 -0.2658137 0 0 0 36 135 142 255 
-0.2712084 -1.085883 -0.2901094 0 0 0 31 149 139 255 
-0.2900115 -1.128045 -0.2754964 0 0 0 33 145 140 255 
-0.3122673 -1.170948 -0.2551501 0 0 0 35 137 142 255 
-0.3058518 -1.221167 -0.2681103 0 0 0 35 138 141 255 
-0.2866138 -1.26413 -0.2949536 0 0 0 31 154 138 255 
-0.3247334 -1.301603 -0.2596593 0 0 0 33 142 141 255 
-0.3078944 -1.354413 -0.2854325 0 0 0 32 146 140 255 
-0.3683343 -1.38685 -0.2237598 0 0 0 46 111 142 255 
-0.4744321 -1.394591 -0.1035741 0 0 0 59 82 139 255 
-0.5116311 -1.427944 -0.0675955 0 0 0 58 83 139 255 
-0.5441717 -1.464252 -0.03971525 0 0 0 61 77 138 255 
-0.529344 -1.517803 -0.06677128 0 0 0 62 76 138 255 
-0.5548509 -1.54647 -0.02990064 0 0 0 62 73 137 255 
-0.5276231 -1.603576 -0.07252857 0 0 0 63 71 136 255 
-0.5208703 -1.654592 -0.09203753 0 0 0 68 58 131 255 
-0.6085648 -1.670516 -0.00248429 0 0 0 66 64 134 255 
-1.562542 0.3766809 1.383718 0 0 0 62 74 137 255 
-1.54714 0.3547848 1.357944 0 0 0 56 89 140 255 
-1.467457 0.3622106 1.267638 0 0 0 53 95 141 255 
-1.411507 0.3580037 1.202222 0 0 0 57 86 140 255 
-1.294806 0.3800315 1.08775 0 0 0 42 120 142 255 
-1.225803 0.3747173 1.007785 0 0 0 49 104 142 255 
-1.170406 0.3649528 0.9423053 0 0 0 52 97 141 255 
-1.072346 0.369211 0.8344715 0 0 0 51 99 141 255 
-0.9731956 0.3753127 0.7315972 0 0 0 44 115 142 255 
-0.8800443 0.371612 0.6271579 0 0 0 44 114 142 255 
-0.7824289 0.3680238 0.5190017 0 0 0 49 104 142 255 
-0.6863735 0.3612866 0.4117034 0 0 0 56 89 140 255 
-0.5201241 0.379388 0.2336054 0 0 0 40 124 142 255 
-0.4131532 0.368898 0.1140026 0 0 0 48 106 142 255 
-0.2818144 0.3628854 -0.03127059 0 0 0 51 98 141 255 
-0.150164 0.3525393 -0.1739826 0 0 0 45 113 142 255 
-0.1337966 0.318857 -0.2002254 0 0 0 33 145 140 255 
-0.1619034 0.2656931 -0.1748709 0 0 0 38 130 142 255 
-0.1679379 0.2181392 -0.1755639 0 0 0 43 117 142 255 
-0.1866636 0.1686376 -0.15883 0 0 0 47 107 142 255 
-0.166783 0.136239 -0.1920492 0 0 0 34 141 141 255 
-0.159247 0.09112029 -0.2041101 0 0 0 35 136 142 255 
-0.1763665 0.04310035 -0.1908269 0 0 0 41 121 142 255 
-0.1755146 -0.002587818 -0.1942354 0 0 0 49 103 142 255 
-0.1756599 -0.03854982 -0.2076529 0 0 0 31 148 140 255 
-0.1987024 -0.08737863 -0.185969 0 0 0 40 124 142 255 
-0.2016752 -0.1333448 -0.1871702 0 0 0 42 119 142 255 
-0.2053666 -0.1798558 -0.1857555 0 0 0 46 109 142 255 
-0.2045322 -0.2148789 -0.2017834 0 0 0 33 142 141 255 
-0.2134977 -0.2615688 -0.1959844 0 0 0 37 132 142 255 
-0.2258894 -0.3077023 -0.185898 0 0 0 40 124 142 255 
-0.2370451 -0.3529392 -0.1753995 0 0 0 43 117 142 255 
-0.2150064 -0.3889177 -0.2136614 0 0 0 32 146 140 255 
-0.2336514 -0.4340525 -0.1967631 0 0 0 36 135 142 255 
-0.2427362 -0.4798047 -0.1908818 0 0 0 39 127 142 255 
-0.2617924 -0.5254619 -0.1718391 0 0 0 42 119 142 255 
-0.2425517 -0.5608952 -0.2081114 0 0 0 34 139 141 255 
-0.2491291 -0.6072965 -0.2050279 0 0 0 37 133 142 255 
-0.2623187 -0.6425799 -0.1996504 0 0 0 38 130 142 255 
-0.2572932 -0.697137 -0.200734 0 0 0 40 124 142 255 
-0.2370399 -0.7362099 -0.2354882 0 0 0 31 153 138 255 
-0.256514 -0.779969 -0.2203413 0 0 0 33 142 141 255 
-0.2709561 -0.8242006 -0.2081319 0 0 0 37 131 142 255 
-0.28475 -0.8687926 -0.1960618 0 0 0 38 129 142 255 
-0.2628247 -0.908434 -0.232811 0 0 0 31 153 138 255 
-0.2809448 -0.952041 -0.2169216 0 0 0 35 136 142 255 
-0.2781515 -0.9979834 -0.2245686 0 0 0 36 134 142 255 
-0.2940753 -1.04293 -0.2107312 0 0 0 38 130 142 255 
-0.2813596 -1.083239 -0.2349193 0 0 0 31 149 139 255 
-0.2922876 -1.12649 -0.2293024 0 0 0 33 144 141 255 
-0.3067412 -1.170689 -0.2179724 0 0 0 36 134 142 255 
-0.2923553 -1.222461 -0.2397578 0 0 0 37 133 142 255 
-0.3044158 -1.257862 -0.2309961 0 0 0 31 154 138 255 
-0.3191318 -1.300696 -0.2225341 0 0 0 33 144 141 255 
-0.3021199 -1.353296 -0.2481975 0 0 0 33 144 141 255 
-0.4798595 -1.35221 -0.0541674 0 0 0 65 68 135 255 
-0.4697073 -1.392891 -0.06738091 0 0 0 55 90 140 255 
-0.4915766 -1.430831 -0.04928754 0 0 0 57 86 140 255 
-0.5243043 -1.467111 -0.02159086 0 0 0 62 74 137 255 
-0.5093389 -1.520681 -0.04853319 0 0 0 61 78 138 255 
-0.5427795 -1.546569 -0.00302018 0 0 0 61 77 138 255 
-0.5306146 -1.597867 -0.02790566 0 0 0 62 73 137 255 
-0.5084081 -1.654509 -0.06491785 0 0 0 66 64 134 255 
-0.5814332 -1.676423 0.006573008 0 0 0 64 69 136 255 
-1.54242 0.3786996 1.386711 0 0 0 63 72 137 255 
-1.518847 0.3603097 1.352845 0 0 0 53 94 141 255 
-1.470705 0.3533062 1.295702 0 0 0 52 96 141 255 
-1.398304 0.3561049 1.21425 0 0 0 58 83 139 255 
-1.288962 0.3746977 1.108718 0 0 0 43 117 142 255 
-1.211409 0.3726434 1.020942 0 0 0 45 113 142 255 
-1.155618 0.3628235 0.9558054 0 0 0 51 99 141 255 
-1.064993 0.3640005 0.8569119 0 0 0 51 98 141 255 
-0.9571208 0.3729961 0.7463002 0 0 0 49 103 142 255 
-0.8470988 0.3747624 0.6256558 0 0 0 44 115 142 255 
-0.7569376 0.3681903 0.52646 0 0 0 51 99 141 255 
-0.6520891 0.3638051 0.4112822 0 0 0 57 86 140 255 
-0.5010184 0.3766354 0.2510819 0 0 0 41 121 142 255 
-0.3933232 0.3660408 0.1321366 0 0 0 55 90 140 255 
-0.2611057 0.3599014 -0.01232851 0 0 0 49 103 142 255 
-0.1530937 0.3430522 -0.1286367 0 0 0 46 109 142 255 
-0.1365824 0.3096304 -0.1546993 0 0 0 32 146 140 255 
-0.1485426 0.2606684 -0.1465816 0 0 0 37 132 142 255 
-0.1545995 0.2132313 -0.1472693 0 0 0 43 116 142 255 
-0.1734591 0.1638574 -0.1306119 0 0 0 48 105 142 255 
-0.1533844 0.1315275 -0.1636743 0 0 0 34 141 141 255 
-0.1621724 0.08353896 -0.1583573 0 0 0 37 133 142 255 
-0.1794064 0.0358668 -0.1451117 0 0 0 43 116 142 255 
-0.1949592 -0.01200834 -0.1311057 0 0 0 52 96 141 255 
-0.1704388 -0.04400513 -0.170492 0 0 0 34 140 141 255 
-0.1936451 -0.09258584 -0.1489043 0 0 0 39 127 142 255 
-0.1966346 -0.1383222 -0.1500803 0 0 0 42 118 142 255 
-0.2249327 -0.1870828 -0.1224567 0 0 0 44 113 142 255 
-0.19942 -0.2194502 -0.1646132 0 0 0 36 135 142 255 
-0.2084415 -0.2659021 -0.1588309 0 0 0 38 130 142 255 
-0.2209163 -0.3117968 -0.1487844 0 0 0 41 122 142 255 
-0.240333 -0.3571935 -0.1295495 0 0 0 44 115 142 255 
-0.2180333 -0.3929166 -0.1676043 0 0 0 32 147 140 255 
-0.2367962 -0.4376974 -0.1507836 0 0 0 37 133 142 255 
-0.2377726 -0.4830231 -0.1537265 0 0 0 37 131 142 255 
-0.2569621 -0.5284308 -0.1347776 0 0 0 43 117 142 255 
-0.2374784 -0.5637107 -0.1708823 0 0 0 35 137 142 255 
-0.2603338 -0.6093729 -0.150156 0 0 0 36 135 142 255 
-0.2654111 -0.6446267 -0.1536447 0 0 0 40 125 142 255 
-0.2685251 -0.6982958 -0.1458714 0 0 0 41 123 142 255 
-0.2399113 -0.7375887 -0.1892802 0 0 0 31 154 138 255 
-0.2675458 -0.7803078 -0.1653816 0 0 0 34 139 141 255 
-0.2739736 -0.8248689 -0.1620862 0 0 0 36 134 142 255 
-0.2717065 -0.870931 -0.1677683 0 0 0 36 134 142 255 
-0.2495548 -0.9105079 -0.2043575 0 0 0 31 156 137 255 
-0.2758125 -0.9528643 -0.1797174 0 0 0 34 140 141 255 
-0.2809868 -0.9973522 -0.1784918 0 0 0 35 138 141 255 
-0.2889722 -1.043282 -0.1735847 0 0 0 36 135 142 255 
-0.2760887 -1.083423 -0.1976707 0 0 0 31 151 139 255 
-0.3109399 -1.121781 -0.1655949 0 0 0 34 139 141 255 
-0.3095 -1.168731 -0.1720282 0 0 0 36 135 142 255 
-0.3108153 -1.216589 -0.1760744 0 0 0 36 135 142 255 
-0.2991192 -1.257161 -0.1938555 0 0 0 31 153 138 255 
-0.3217568 -1.29777 -0.1766592 0 0 0 33 142 141 255 
-0.328172 -1.343723 -0.1757958 0 0 0 36 134 142 255 
-0.4520009 -1.357329 -0.04449854 0 0 0 60 79 138 255 
-0.4418017 -1.398116 -0.05762072 0 0 0 55 91 141 255 
-0.4716355 -1.43372 -0.03085759 0 0 0 58 84 140 255 
-0.4812 -1.477601 -0.0296628 0 0 0 59 81 139 255 
-0.5204585 -1.512917 0.004883813 0 0 0 61 78 138 255 
-0.5076823 -1.55493 -0.00233127 0 0 0 63 72 137 255 
-0.5263164 -1.594986 0.007821145 0 0 0 62 73 137 255 
-0.5268881 -1.642475 -0.002879409 0 0 0 66 65 134 255 
-0.5466629 -1.685452 0.007131802 0 0 0 66 63 133 255 
-1.514202 0.3844597 1.381823 0 0 0 47 108 142 255 
-1.530772 0.3476162 1.388517 0 0 0 56 89 140 255 
-1.433836 0.362047 1.28294 0 0 0 53 94 141 255 
-1.401352 0.3473795 1.242722 0 0 0 60 79 138 255 
-1.258946 0.3793405 1.105111 0 0 0 39 126 142 255 
-1.205222 0.3673687 1.042415 0 0 0 48 105 142 255 
-1.14905 0.3576028 0.9776611 0 0 0 51 99 141 255 
-1.049687 0.3617828 0.8710577 0 0 0 52 96 141 255 
-0.9329742 0.3735639 0.7527927 0 0 0 58 84 140 255 
-0.846723 0.3667963 0.6578117 0 0 0 45 113 142 255 
-0.7477981 0.3630195 0.5508572 0 0 0 50 102 142 255 
-0.6422594 0.3586437 0.4363501 0 0 0 56 89 140 255 
-0.498412 0.3689674 0.2855004 0 0 0 41 123 142 255 
-0.3818102 0.3608394 0.1588324 0 0 0 50 101 142 255 
-0.2323034 0.359146 -0.00172385 0 0 0 52 96 141 255 
-0.1564605 0.3336092 -0.08345393 0 0 0 49 104 142 255 
-0.1315889 0.3024722 -0.1178371 0 0 0 32 146 140 255 
-0.1518655 0.2518326 -0.1012109 0 0 0 37 133 142 255 
-0.1744159 0.2011428 -0.08476318 0 0 0 46 111 142 255 
-0.1769592 0.155717 -0.08524344 0 0 0 47 108 142 255 
-0.1649152 0.1220449 -0.1095143 0 0 0 33 142 141 255 
-0.1737814 0.07452175 -0.104168 0 0 0 37 131 142 255 
-0.1828893 0.02867796 -0.09956018 0 0 0 45 112 142 255 
-0.1985671 -0.01884312 -0.08559343 0 0 0 52 97 141 255 
-0.1820272 -0.05175922 -0.1160993 0 0 0 34 141 141 255 
-0.1889224 -0.09776398 -0.1119083 0 0 0 38 130 142 255 
-0.2084116 -0.1451419 -0.09571409 0 0 0 43 116 142 255 
-0.2039388 -0.1901341 -0.1029301 0 0 0 45 112 142 255 
-0.1946414 -0.2239927 -0.127511 0 0 0 35 138 141 255 
-0.220178 -0.2714356 -0.1043187 0 0 0 39 128 142 255 
-0.2327346 -0.316863 -0.09429774 0 0 0 40 124 142 255 
-0.2358363 -0.3610148 -0.09259394 0 0 0 44 114 142 255 
-0.2050777 -0.396284 -0.1392029 0 0 0 32 146 140 255 
-0.2485909 -0.4414791 -0.09622326 0 0 0 37 131 142 255 
-0.2331434 -0.4862125 -0.1166415 0 0 0 39 127 142 255 
-0.2606712 -0.5313203 -0.0890276 0 0 0 43 117 142 255 
-0.2491105 -0.5662175 -0.1161719 0 0 0 34 139 141 255 
-0.2802665 -0.6111318 -0.08677249 0 0 0 37 131 142 255 
-0.26078 -0.6469766 -0.1165948 0 0 0 37 133 142 255 
-0.2803076 -0.6993941 -0.09127721 0 0 0 41 121 142 255 
-0.226929 -0.7400818 -0.1608185 0 0 0 30 157 137 255 
-0.2547175 -0.782664 -0.1370682 0 0 0 35 138 141 255 
-0.2693031 -0.8262995 -0.1250028 0 0 0 35 137 142 255 
-0.2751223 -0.8712111 -0.1218658 0 0 0 39 126 142 255 
-0.2608054 -0.9095269 -0.1494775 0 0 0 31 154 138 255 
-0.2871835 -0.9514021 -0.1249901 0 0 0 35 137 142 255 
-0.2923337 -0.9954351 -0.1237894 0 0 0 35 137 142 255 
-0.276144 -1.044965 -0.1452936 0 0 0 34 141 141 255 
-0.2711519 -1.083579 -0.1604903 0 0 0 31 153 138 255 
-0.2981623 -1.123246 -0.1374049 0 0 0 33 142 141 255 
-0.320699 -1.165052 -0.1174693 0 0 0 35 136 142 255 
-0.3139557 -1.214233 -0.1303026 0 0 0 35 136 142 255 
-0.3100924 -1.252654 -0.1392411 0 0 0 31 154 138 255 
-0.3248187 -1.294799 -0.1309493 0 0 0 33 144 141 255 
-0.3946053 -1.323489 -0.06006292 0 0 0 59 81 139 255 
-0.4478581 -1.355774 -0.00835683 0 0 0 58 83 139 255 
-0.4612346 -1.389404 0.004795605 0 0 0 56 89 140 255 
-0.4596727 -1.434174 -0.003574466 0 0 0 59 82 139 255 
-0.5005791 -1.467734 0.03246941 0 0 0 62 74 137 255 
-0.5164983 -1.510431 0.04060285 0 0 0 61 78 138 255 
-0.5036878 -1.552258 0.03343479 0 0 0 59 81 139 255 
-0.5378722 -1.58632 0.06083969 0 0 0 64 70 136 255 
-0.5228 -1.639343 0.03277499 0 0 0 66 64 134 255 
-0.5271894 -1.688289 0.02533378 0 0 0 68 59 132 255 
-1.51831 0.3751886 1.409219 0 0 0 46 110 142 255 
-1.510586 0.3494862 1.391765 0 0 0 57 86 140 255 
-1.429253 0.3566785 1.302923 0 0 0 52 97 141 255 
-1.372123 0.3523035 1.238549 0 0 0 58 84 140 255 
-1.253312 0.3740126 1.126203 0 0 0 41 121 142 255 
-1.199223 0.3621064 1.063881 0 0 0 47 108 142 255 
-1.118109 0.3616444 0.9748644 0 0 0 51 98 141 255 
-1.034468 0.3595645 0.8852978 0 0 0 54 92 141 255 
-0.9170299 0.3712367 0.7677413 0 0 0 43 116 142 255 
-0.8219818 0.3671501 0.6650001 0 0 0 45 113 142 255 
-0.7306304 0.3605148 0.5669439 0 0 0 53 95 141 255 
-0.6243981 0.3560382 0.4530852 0 0 0 56 88 140 255 
-0.479628 0.3662269 0.3031107 0 0 0 41 122 142 255 
-0.3457478 0.3626567 0.160381 0 0 0 45 112 142 255 
-0.2117762 0.3561506 0.01751984 0 0 0 50 101 142 255 
-0.1768104 0.3199909 -0.02156968 0 0 0 49 103 142 255 
-0.1434757 0.2913102 -0.06413183 0 0 0 34 141 141 255 
-0.155628 0.2430417 -0.05600786 0 0 0 38 129 142 255 
-0.1617451 0.1962927 -0.05660214 0 0 0 45 112 142 255 
-0.1726068 0.1493008 -0.04855202 0 0 0 48 106 142 255 
-0.1438492 0.1189701 -0.08975524 0 0 0 35 137 142 255 
-0.1776453 0.06703669 -0.05879642 0 0 0 37 133 142 255 
-0.1702229 0.02425513 -0.07130593 0 0 0 41 122 142 255 
-0.2026145 -0.02563334 -0.04025098 0 0 0 49 103 142 255 
-0.1775858 -0.05714097 -0.07917172 0 0 0 33 144 141 255 
-0.1928296 -0.1039553 -0.0663702 0 0 0 39 128 142 255 
-0.2041496 -0.1500453 -0.05886082 0 0 0 42 118 142 255 
-0.2162526 -0.1964356 -0.04875038 0 0 0 46 110 142 255 
-0.2067639 -0.2299508 -0.07317044 0 0 0 36 134 142 255 
-0.2241817 -0.276302 -0.05874012 0 0 0 38 130 142 255 
-0.2451003 -0.3218684 -0.04008257 0 0 0 41 121 142 255 
-0.2482374 -0.3655664 -0.03836018 0 0 0 46 111 142 255 
-0.2254156 -0.4007803 -0.07599536 0 0 0 33 142 141 255 
-0.2361455 -0.4446803 -0.06803404 0 0 0 35 136 142 255 
-0.2371105 -0.4894298 -0.07092163 0 0 0 40 125 142 255 
-0.2730764 -0.5341064 -0.03474283 0 0 0 44 115 142 255 
-0.2365782 -0.5691065 -0.08790663 0 0 0 32 146 140 255 
-0.2679275 -0.6138753 -0.05867551 0 0 0 35 136 142 255 
-0.2564825 -0.6492968 -0.07961684 0 0 0 36 134 142 255 
-0.251534 -0.7028979 -0.08059944 0 0 0 39 127 142 255 
-0.2387809 -0.7407993 -0.1061078 0 0 0 31 154 138 255 
-0.2666858 -0.7829056 -0.08249804 0 0 0 34 140 141 255 
-0.2813289 -0.8260714 -0.07050633 0 0 0 36 134 142 255 
-0.2708082 -0.8723764 -0.08487417 0 0 0 37 132 142 255 
-0.2563004 -0.910529 -0.1123636 0 0 0 31 153 138 255 
-0.2909614 -0.951016 -0.07927976 0 0 0 34 139 141 255 
-0.2717277 -0.9984536 -0.1043281 0 0 0 34 141 141 255 
-0.2878746 -1.042534 -0.09076125 0 0 0 37 133 142 255 
-0.2746395 -1.082245 -0.114638 0 0 0 30 157 137 255 
-0.317901 -1.118418 -0.07423295 0 0 0 33 143 141 255 
-0.2921578 -1.169739 -0.1068408 0 0 0 34 141 141 255 
-0.3014542 -1.215441 -0.1021547 0 0 0 35 138 141 255 
-0.2895187 -1.255671 -0.1197783 0 0 0 30 157 137 255 
-0.3043158 -1.297804 -0.1115582 0 0 0 33 144 141 255 
-0.4144386 -1.31582 0.002457814 0 0 0 66 65 134 255 
-0.4360847 -1.356428 0.01900998 0 0 0 59 82 139 255 
-0.449544 -1.389951 0.03208271 0 0 0 56 89 140 255 
-0.4795935 -1.424841 0.05845868 0 0 0 57 85 140 255 
-0.4732674 -1.473141 0.04218489 0 0 0 62 76 138 255 
-0.5128581 -1.507916 0.07624798 0 0 0 62 73 137 255 
-0.5157145 -1.544011 0.08640629 0 0 0 59 82 139 255 
-0.5030409 -1.59491 0.06178401 0 0 0 64 70 136 255 
-0.519031 -1.636183 0.06835461 0 0 0 65 66 135 255 
-0.5000836 -1.694247 0.03503907 0 0 0 67 61 132 255 
-1.498193 0.3771744 1.412627 0 0 0 45 113 142 255 
-1.514887 0.3404731 1.419198 0 0 0 62 73 137 255 
-1.39212 0.3653577 1.290702 0 0 0 53 95 141 255 
-1.359144 0.3504018 1.250818 0 0 0 57 86 140 255 
-1.231418 0.3753095 1.131098 0 0 0 40 125 142 255 
-1.168717 0.3664151 1.060942 0 0 0 47 108 142 255 
-1.103522 0.3595045 0.9886848 0 0 0 50 101 142 255 
-1.019337 0.3573449 0.8996308 0 0 0 53 95 141 255 
-0.8763803 0.377519 0.7581536 0 0 0 38 129 142 255 
-0.8055067 0.3647307 0.6806302 0 0 0 45 113 142 255 
-0.7384138 0.3500735 0.6079444 0 0 0 52 97 141 255 
-0.5983487 0.3559655 0.4616341 0 0 0 57 86 140 255 
-0.4692544 0.3610432 0.3291522 0 0 0 39 128 142 255 
-0.3428223 0.3551314 0.1956093 0 0 0 59 82 139 255 
-0.1913679 0.3531529 0.03689 0 0 0 51 98 141 255 
-0.1561833 0.3169591 -0.001970047 0 0 0 50 101 142 255 
-0.1392547 0.2842254 -0.02750519 0 0 0 34 140 141 255 
-0.1431623 0.2380879 -0.02782047 0 0 0 36 134 142 255 
-0.1826493 0.1843241 0.005368335 0 0 0 43 117 142 255 
-0.1769335 0.1412427 -0.003472148 0 0 0 46 111 142 255 
-0.172936 0.106419 -0.01896462 0 0 0 36 135 142 255 
-0.1569144 0.0639905 -0.03909277 0 0 0 37 133 142 255 
-0.1911743 0.01443447 -0.008966615 0 0 0 44 115 142 255 
-0.1903965 -0.02989932 -0.01213337 0 0 0 50 101 142 255 
-0.1901638 -0.06478966 -0.02521815 0 0 0 34 141 141 255 
-0.1971746 -0.1101017 -0.02100628 0 0 0 39 126 142 255 
-0.2085662 -0.1558396 -0.01351031 0 0 0 43 117 142 255 
-0.1957123 -0.1994594 -0.0291694 0 0 0 42 118 142 255 
-0.2110978 -0.2351334 -0.02770779 0 0 0 35 138 141 255 
-0.2036199 -0.279326 -0.0391729 0 0 0 37 133 142 255 
-0.2330086 -0.3253592 -0.01200489 0 0 0 42 119 142 255 
-0.2278443 -0.3685698 -0.01890129 0 0 0 44 115 142 255 
-0.1964901 -0.4035333 -0.06502573 0 0 0 31 149 139 255 
-0.2239263 -0.4478678 -0.03981808 0 0 0 34 139 141 255 
-0.2332027 -0.4925526 -0.03403255 0 0 0 37 132 142 255 
-0.2527882 -0.5370957 -0.01536343 0 0 0 42 119 142 255 
-0.2408542 -0.5716708 -0.0422663 0 0 0 33 142 141 255 
-0.2392488 -0.6171507 -0.04790786 0 0 0 35 137 142 255 
-0.2607888 -0.6512249 -0.03402638 0 0 0 37 133 142 255 
-0.255867 -0.7044151 -0.03498211 0 0 0 38 129 142 255 
-0.2429217 -0.7420515 -0.06036225 0 0 0 31 152 139 255 
-0.2627133 -0.7845028 -0.04558787 0 0 0 33 143 141 255 
-0.2444985 -0.8307172 -0.06843399 0 0 0 34 139 141 255 
-0.275049 -0.8725742 -0.03926805 0 0 0 38 130 142 255 
-0.2357233 -0.9135602 -0.09272044 0 0 0 30 155 138 255 
-0.2706057 -0.9540159 -0.05982995 0 0 0 34 140 141 255 
-0.2921267 -0.9951903 -0.04128011 0 0 0 35 136 142 255 
-0.2674925 -1.04554 -0.0712541 0 0 0 35 137 142 255 
-0.2704193 -1.082335 -0.07765102 0 0 0 31 154 138 255 
-0.2976575 -1.121403 -0.05487575 0 0 0 31 148 140 255 
-0.3122854 -1.164285 -0.04389277 0 0 0 35 136 142 255 
-0.3053586 -1.213012 -0.0566275 0 0 0 33 144 141 255 
-0.2771388 -1.256786 -0.0915179 0 0 0 31 156 137 255 
-0.3080876 -1.294768 -0.06604148 0 0 0 32 146 140 255 
-0.3947577 -1.318725 0.02130897 0 0 0 64 69 136 255 
-0.4165248 -1.359314 0.03774474 0 0 0 60 80 139 255 
-0.4460616 -1.388142 0.06803117 0 0 0 58 83 139 255 
-0.4523396 -1.43014 0.06832613 0 0 0 60 79 138 255 
-0.4697838 -1.470869 0.07799363 0 0 0 63 71 136 255 
-0.5253536 -1.500007 0.1290481 0 0 0 63 71 136 255 
-0.4966561 -1.546829 0.1047356 0 0 0 63 71 136 255 
-0.4995974 -1.591959 0.09738344 0 0 0 62 74 137 255 
-0.531251 -1.626982 0.1210123 0 0 0 67 62 133 255 
-0.5197768 -1.681464 0.09637101 0 0 0 64 70 136 255 
-1.502694 0.3679379 1.43993 0 0 0 47 107 142 255 
-1.445451 0.3640248 1.374902 0 0 0 68 58 131 255 
-1.387684 0.359987 1.31084 0 0 0 54 93 141 255 
-1.338001 0.3518884 1.255131 0 0 0 57 85 140 255 
-1.217776 0.3732916 1.144218 0 0 0 41 121 142 255 
-1.146371 0.367515 1.066368 0 0 0 46 110 142 255 
-1.09731 0.3542953 1.010712 0 0 0 51 98 141 255 
-0.9959962 0.3580809 0.9059106 0 0 0 51 99 141 255 
-0.8937389 0.3637166 0.8060955 0 0 0 40 125 142 255 
-0.8057812 0.3568143 0.7127477 0 0 0 46 111 142 255 
-0.713267 0.3502265 0.6158741 0 0 0 51 99 141 255 
-0.6056735 0.345769 0.5033771 0 0 0 59 82 139 255 
-0.467445 0.3534392 0.3634736 0 0 0 43 116 142 255 
-0.3234993 0.3522758 0.2141778 0 0 0 53 94 141 255 
-0.1878141 0.3457391 0.07301495 0 0 0 50 102 142 255 
-0.15243 0.3097371 0.0344228 0 0 0 50 101 142 255 
-0.1437408 0.2751682 0.01740464 0 0 0 33 143 141 255 
-0.1476931 0.2293707 0.01713995 0 0 0 39 127 142 255 
-0.1622536 0.1813068 0.02499012 0 0 0 44 115 142 255 
-0.1900906 0.1315656 0.04984361 0 0 0 51 99 141 255 
-0.1692123 0.1002448 0.01761737 0 0 0 34 140 141 255 
-0.1698914 0.05511461 0.01453272 0 0 0 38 130 142 255 
-0.1959714 0.007379763 0.0360674 0 0 0 43 116 142 255 
-0.1952142 -0.03661523 0.03296057 0 0 0 50 102 142 255 
-0.1864931 -0.07009714 0.01146171 0 0 0 35 137 142 255 
-0.193559 -0.1151764 0.01567199 0 0 0 39 128 142 255 
-0.2050204 -0.1606765 0.02314234 0 0 0 43 116 142 255 
-0.2173073 -0.2064676 0.03318965 0 0 0 45 112 142 255 
-0.1990923 -0.2388575 0.0004729535 0 0 0 35 138 141 255 
-0.2167285 -0.2847168 0.01476616 0 0 0 37 131 142 255 
-0.1959814 -0.3274047 -0.00960947 0 0 0 39 127 142 255 
-0.2411209 -0.3730311 0.03497854 0 0 0 45 112 142 255 
-0.2178135 -0.4079236 -0.002270533 0 0 0 32 147 140 255 
-0.2286711 -0.4513566 0.005619464 0 0 0 36 134 142 255 
-0.246357 -0.4957295 0.01998763 0 0 0 39 128 142 255 
-0.2326179 -0.5400872 0.004139161 0 0 0 41 121 142 255 
-0.2455665 -0.5741904 0.003196126 0 0 0 33 143 141 255 
-0.252266 -0.6190398 0.006219951 0 0 0 37 132 142 255 
-0.2405624 -0.6542203 -0.0145228 0 0 0 35 136 142 255 
-0.2606373 -0.7058871 0.01045557 0 0 0 39 126 142 255 
-0.2308867 -0.7444641 -0.0320708 0 0 0 31 159 136 255 
-0.259072 -0.7860703 -0.008755317 0 0 0 33 143 141 255 
-0.2738625 -0.8287544 0.003089966 0 0 0 35 137 142 255 
-0.2714487 -0.8736731 -0.002479834 0 0 0 38 129 142 255 
-0.264798 -0.9103705 -0.02106488 0 0 0 30 157 137 255 
-0.2750973 -0.9535632 -0.01432145 0 0 0 33 144 141 255 
-0.2720246 -0.9981733 -0.02181874 0 0 0 34 139 141 255 
-0.2800943 -1.043019 -0.0170737 0 0 0 34 139 141 255 
-0.2583333 -1.083869 -0.0493793 0 0 0 30 155 138 255 
-0.2938892 -1.121219 -0.01811914 0 0 0 33 143 141 255 
-0.3085703 -1.163858 -0.007219708 0 0 0 35 138 141 255 
-0.3015537 -1.212357 -0.01990312 0 0 0 35 137 142 255 
-0.2812373 -1.254064 -0.04599158 0 0 0 31 156 137 255 
-0.3122919 -1.291687 -0.02069945 0 0 0 31 148 140 255 
-0.326704 -1.334454 -0.01137407 0 0 0 49 103 142 255 
-0.4212546 -1.355441 0.08240712 0 0 0 60 80 139 255 
-0.4107294 -1.395701 0.06953728 0 0 0 59 82 139 255 
-0.4651916 -1.423162 0.1213212 0 0 0 62 76 138 255 
-0.45863 -1.47114 0.1051481 0 0 0 63 71 136 255 
-0.498574 -1.505493 0.138731 0 0 0 62 76 138 255 
-0.5174766 -1.535705 0.1658941 0 0 0 60 79 138 255 
-0.4964719 -1.588978 0.1329017 0 0 0 62 73 137 255 
-0.5124437 -1.629778 0.139281 0 0 0 66 64 134 255 
-0.4929983 -1.687409 0.1062152 0 0 0 63 72 137 255 
-1.474403 0.3736428 1.435673 0 0 0 46 110 142 255 
-1.441572 0.3586097 1.394625 0 0 0 62 74 137 255 
-1.375144 0.358123 1.32301 0 0 0 54 93 141 255 
-1.333416 0.3465937 1.275596 0 0 0 57 85 140 255 
-1.220861 0.3646917 1.17341 0 0 0 42 119 142 255 
-1.140672 0.3622576 1.088045 0 0 0 46 110 142 255 
-1.091286 0.3490999 1.032729 0 0 0 52 97 141 255 
-0.9893439 0.3529007 0.9285761 0 0 0 53 95 141 255 
-0.8781255 0.361394 0.8212869 0 0 0 40 124 142 255 
-0.7896029 0.3544077 0.7284801 0 0 0 48 105 142 255 
-0.6881173 0.350363 0.6240063 0 0 0 50 101 142 255 
-0.5798321 0.3456936 0.5121428 0 0 0 56 89 140 255 
-0.4407412 0.3531423 0.3730646 0 0 0 42 119 142 255 
-0.3042905 0.3494174 0.2328639 0 0 0 43 116 142 255 
-0.1509129 0.3471532 0.07600664 0 0 0 46 110 142 255 
-0.1574361 0.3004566 0.07902354 0 0 0 47 108 142 255 
-0.1318022 0.2701442 0.04552954 0 0 0 32 146 140 255 
-0.1526575 0.2206973 0.06192496 0 0 0 37 133 142 255 
-0.1757424 0.171219 0.07811356 0 0 0 45 112 142 255 
-0.1699913 0.1285708 0.06944207 0 0 0 48 105 142 255 
-0.1658173 0.09409963 0.05412215 0 0 0 34 139 141 255 
-0.1665125 0.04919786 0.05108339 0 0 0 37 133 142 255 
-0.2096568 -0.0009670109 0.08933552 0 0 0 44 114 142 255 
-0.1920088 -0.04206189 0.06944826 0 0 0 50 100 142 255 
-0.1747059 -0.07424217 0.03961623 0 0 0 34 139 141 255 
-0.1733726 -0.1181831 0.03535682 0 0 0 39 128 142 255 
-0.1933545 -0.164579 0.05124577 0 0 0 41 122 142 255 
-0.2057256 -0.2102442 0.0612455 0 0 0 44 114 142 255 
-0.1957553 -0.2432662 0.03717931 0 0 0 34 139 141 255 
-0.2050596 -0.2882963 0.04289272 0 0 0 37 131 142 255 
-0.2263815 -0.3332364 0.0612595 0 0 0 40 124 142 255 
-0.2380588 -0.376719 0.07152819 0 0 0 44 113 142 255 
-0.2229348 -0.4117129 0.04301557 0 0 0 33 145 140 255 
-0.2254312 -0.4546501 0.0423274 0 0 0 35 138 141 255 
-0.2263829 -0.4987088 0.03951287 0 0 0 38 130 142 255 
-0.2378133 -0.5428349 0.04943134 0 0 0 40 124 142 255 
-0.24232 -0.576835 0.03990456 0 0 0 34 141 141 255 
-0.2574351 -0.6211562 0.05148868 0 0 0 36 135 142 255 
-0.2539598 -0.6557024 0.03944594 0 0 0 35 137 142 255 
-0.2574634 -0.7078304 0.04713494 0 0 0 38 129 142 255 
-0.2274368 -0.746252 0.004830265 0 0 0 31 159 136 255 
-0.2557597 -0.7876082 0.02799759 0 0 0 33 143 141 255 
-0.2789621 -0.8292133 0.04835908 0 0 0 36 135 142 255 
-0.2765068 -0.8737883 0.04281512 0 0 0 36 134 142 255 
-0.2530845 -0.9123133 0.007121013 0 0 0 31 156 137 255 
-0.2634337 -0.9553837 0.01381866 0 0 0 33 144 141 255 
-0.2686042 -0.9986134 0.01494723 0 0 0 35 138 141 255 
-0.2849638 -1.041828 0.02823822 0 0 0 38 130 142 255 
-0.2712142 -1.080942 0.004683862 0 0 0 31 158 137 255 
-0.2904485 -1.121005 0.01855742 0 0 0 33 143 141 255 
-0.2887582 -1.166819 0.01221296 0 0 0 34 140 141 255 
-0.3062673 -1.209846 0.02531772 0 0 0 36 135 142 255 
-0.285765 -1.251298 -0.0006433409 0 0 0 31 160 136 255 
-0.3087702 -1.290592 0.01589672 0 0 0 34 141 141 255 
-0.3069499 -1.337407 0.008021148 0 0 0 33 145 140 255 
-0.4182988 -1.353785 0.1183349 0 0 0 63 71 136 255 
-0.4157815 -1.391508 0.1140652 0 0 0 59 82 139 255 
-0.4462884 -1.42599 0.1399063 0 0 0 61 78 138 255 
-0.4959374 -1.455912 0.1834727 0 0 0 64 70 136 255 
-0.5038468 -1.500201 0.1827012 0 0 0 61 78 138 255 
-0.4988999 -1.538489 0.1842076 0 0 0 64 70 136 255 
-0.4777197 -1.591786 0.1513667 0 0 0 60 79 138 255 
-0.4937502 -1.632575 0.1576658 0 0 0 65 68 135 255 
-0.5136272 -1.674525 0.1670942 0 0 0 65 68 135 255 
-1.479247 0.3644353 1.462928 0 0 0 45 113 142 255 
-1.454512 0.346008 1.430042 0 0 0 57 86 140 255 
-1.371011 0.3527729 1.343158 0 0 0 53 94 141 255 
-1.320668 0.3446889 1.288104 0 0 0 58 84 140 255 
-1.190736 0.3692538 1.17071 0 0 0 41 122 142 255 
-1.135157 0.3570143 1.109708 0 0 0 47 108 142 255 
-1.077059 0.3469715 1.046718 0 0 0 51 98 141 255 
-0.9576786 0.3565619 0.9270924 0 0 0 52 96 141 255 
-0.8626069 0.3590692 0.8365746 0 0 0 40 124 142 255 
-0.7735239 0.3520006 0.7443129 0 0 0 50 100 142 255 
-0.6629657 0.350483 0.6323416 0 0 0 52 97 141 255 
-0.5793324 0.338068 0.5455556 0 0 0 57 86 140 255 
-0.4224992 0.350411 0.3910323 0 0 0 42 120 142 255 
-0.2682729 0.3511675 0.2352891 0 0 0 42 119 142 255 
-0.1223983 0.3463443 0.08753746 0 0 0 38 130 142 255 
-0.1798318 0.2870623 0.1399087 0 0 0 50 102 142 255 
-0.1455347 0.2591748 0.09844047 0 0 0 33 142 141 255 
-0.1495671 0.2139433 0.09825831 0 0 0 37 132 142 255 
-0.1642893 0.1664706 0.1060757 0 0 0 43 116 142 255 
-0.1670139 0.1222796 0.1057802 0 0 0 47 107 142 255 
-0.1457625 0.09109507 0.07388343 0 0 0 34 139 141 255 
-0.1634618 0.04331071 0.08755323 0 0 0 37 132 142 255 
-0.1898618 -0.003934458 0.10887 0 0 0 43 116 142 255 
-0.2146596 -0.05112762 0.1309756 0 0 0 53 95 141 255 
-0.1886429 -0.08174781 0.09298027 0 0 0 33 143 141 255 
-0.1873194 -0.1252362 0.08879197 0 0 0 40 125 142 255 
-0.1989202 -0.1702611 0.09620775 0 0 0 42 118 142 255 
-0.194371 -0.2140064 0.08932321 0 0 0 45 112 142 255 
-0.2012393 -0.2483367 0.08225411 0 0 0 34 141 141 255 
-0.2105988 -0.2930128 0.08795637 0 0 0 36 134 142 255 
-0.2235624 -0.3371305 0.09776887 0 0 0 41 123 142 255 
-0.2438178 -0.3807252 0.1164655 0 0 0 45 113 142 255 
-0.2284891 -0.4154569 0.08811739 0 0 0 33 142 141 255 
-0.2309932 -0.4580559 0.08744849 0 0 0 35 137 142 255 
-0.240406 -0.5017951 0.09316448 0 0 0 38 130 142 255 
-0.2434437 -0.5455367 0.09453791 0 0 0 41 121 142 255 
-0.239404 -0.57945 0.07652967 0 0 0 32 146 140 255 
-0.2545981 -0.6235234 0.08804794 0 0 0 35 137 142 255 
-0.2510399 -0.6578962 0.07605878 0 0 0 38 129 142 255 
-0.246189 -0.710268 0.07520675 0 0 0 39 128 142 255 
-0.224317 -0.7480102 0.0416491 0 0 0 31 159 136 255 
-0.2443776 -0.7898478 0.0561286 0 0 0 35 138 141 255 
-0.2677147 -0.8313184 0.07636569 0 0 0 37 133 142 255 
-0.2819954 -0.8738583 0.08792531 0 0 0 38 129 142 255 
-0.2415961 -0.9142421 0.03532887 0 0 0 31 159 136 255 
-0.2603416 -0.9560228 0.05052178 0 0 0 33 144 141 255 
-0.2821776 -0.9964637 0.06871004 0 0 0 34 139 141 255 
-0.2819462 -1.041989 0.06483143 0 0 0 37 132 142 255 
-0.2680334 -1.080935 0.04138527 0 0 0 30 155 138 255 
-0.2956157 -1.11916 0.06368938 0 0 0 32 147 140 255 
-0.3021212 -1.162915 0.06588678 0 0 0 34 139 141 255 
-0.3031669 -1.209125 0.06183115 0 0 0 34 139 141 255 
-0.2742663 -1.25234 0.02748474 0 0 0 31 161 136 255 
-0.3137803 -1.287429 0.06092766 0 0 0 33 145 140 255 
-0.3118677 -1.333904 0.05305993 0 0 0 33 145 140 255 
-0.4156635 -1.352099 0.1541783 0 0 0 66 65 134 255 
-0.4131088 -1.389635 0.1499175 0 0 0 58 83 139 255 
-0.4437413 -1.423872 0.1755703 0 0 0 60 80 139 255 
-0.4774287 -1.458698 0.2018828 0 0 0 59 82 139 255 
-0.4853553 -1.502983 0.2010821 0 0 0 62 73 137 255 
-0.4884897 -1.538469 0.2110773 0 0 0 60 80 139 255 
-0.4991874 -1.580015 0.2121253 0 0 0 62 74 137 255 
-0.4911454 -1.629315 0.1930231 0 0 0 62 74 137 255 
-0.4871767 -1.680458 0.1770698 0 0 0 65 68 135 255 
-1.459265 0.3663949 1.466773 0 0 0 48 106 142 255 
-1.451075 0.3406355 1.449617 0 0 0 56 88 140 255 
-1.392202 0.3370016 1.386835 0 0 0 55 91 141 255 
-1.299604 0.3461508 1.292802 0 0 0 58 84 140 255 
-1.194185 0.3606822 1.199869 0 0 0 41 121 142 255 
-1.121395 0.3549405 1.123424 0 0 0 49 104 142 255 
-1.037598 0.3539761 1.03689 0 0 0 51 98 141 255 
-0.95971 0.3484534 0.9578887 0 0 0 51 99 141 255 
-0.8471823 0.3567446 0.8519574 0 0 0 40 125 142 255 
-0.7321053 0.3577676 0.7361163 0 0 0 57 86 140 255 
-0.6378145 0.3505861 0.6408806 0 0 0 49 103 142 255 
-0.5281619 0.3454923 0.5302984 0 0 0 55 91 141 255 
-0.4128754 0.3452676 0.4172263 0 0 0 42 118 142 255 
-0.274736 0.3414015 0.2787299 0 0 0 45 112 142 255 
-0.1365075 0.3345948 0.1401064 0 0 0 41 123 142 255 
-0.1772667 0.2799582 0.1758632 0 0 0 50 102 142 255 
-0.1256688 0.2561806 0.1182553 0 0 0 32 146 140 255 
-0.1553421 0.2053529 0.1427305 0 0 0 38 130 142 255 
-0.1872361 0.1547282 0.1670246 0 0 0 45 113 142 255 
-0.1814679 0.1127377 0.15855 0 0 0 49 103 142 255 
-0.1771091 0.07880228 0.1434519 0 0 0 36 135 142 255 
-0.1863971 0.03315365 0.1488285 0 0 0 38 130 142 255 
-0.1872996 -0.009546749 0.1451475 0 0 0 45 113 142 255 
-0.2122674 -0.05649123 0.167145 0 0 0 52 96 141 255 
-0.1860142 -0.08695818 0.1293683 0 0 0 34 139 141 255 
-0.1846933 -0.1302215 0.1252279 0 0 0 40 124 142 255 
-0.1878086 -0.1741194 0.1242478 0 0 0 43 116 142 255 
-0.2089152 -0.220074 0.1425467 0 0 0 46 109 142 255 
-0.2242445 -0.2547285 0.1439375 0 0 0 35 136 142 255 
-0.2165715 -0.2976838 0.1328322 0 0 0 38 130 142 255 
-0.229615 -0.341448 0.142608 0 0 0 40 124 142 255 
-0.241463 -0.3843452 0.1527933 0 0 0 44 113 142 255 
-0.208892 -0.4184154 0.1077154 0 0 0 33 145 140 255 
-0.2369896 -0.4614156 0.1323818 0 0 0 38 130 142 255 
-0.2208824 -0.5047455 0.1127269 0 0 0 39 127 142 255 
-0.2409855 -0.5482906 0.1310028 0 0 0 43 116 142 255 
-0.228315 -0.5822214 0.1046003 0 0 0 33 144 141 255 
-0.2520875 -0.6258608 0.1245202 0 0 0 37 133 142 255 
-0.2569261 -0.659666 0.1210678 0 0 0 36 135 142 255 
-0.2605831 -0.7110949 0.1287136 0 0 0 40 124 142 255 
-0.2299893 -0.749112 0.08686904 0 0 0 30 155 138 255 
-0.2501214 -0.7905945 0.1012524 0 0 0 34 139 141 255 
-0.2651306 -0.8325556 0.1128751 0 0 0 35 136 142 255 
-0.2710531 -0.8758212 0.115878 0 0 0 38 130 142 255 
-0.2639751 -0.9119143 0.0975294 0 0 0 31 152 139 255 
-0.2743708 -0.9542827 0.1041214 0 0 0 33 143 141 255 
-0.2962841 -0.9942531 0.1221824 0 0 0 37 133 142 255 
-0.2959942 -1.039309 0.1183057 0 0 0 37 131 142 255 
-0.2651773 -1.080898 0.07800207 0 0 0 30 155 138 255 
-0.2845464 -1.120487 0.09166458 0 0 0 32 147 140 255 
-0.2993852 -1.162399 0.1023142 0 0 0 35 138 141 255 
-0.3086849 -1.206532 0.1067322 0 0 0 36 135 142 255 
-0.2795488 -1.2495 0.07256675 0 0 0 31 156 137 255 
-0.3027011 -1.288312 0.08884338 0 0 0 31 152 139 255 
-0.3172116 -1.330355 0.09791428 0 0 0 31 149 139 255 
-0.3887169 -1.357214 0.1645848 0 0 0 66 64 134 255 
-0.4189494 -1.385361 0.194121 0 0 0 59 82 139 255 
-0.4415123 -1.421723 0.2111472 0 0 0 59 82 139 255 
-0.4753165 -1.456294 0.2372555 0 0 0 61 78 138 255 
-0.4669778 -1.505767 0.219577 0 0 0 59 81 139 255 
-0.4620875 -1.544058 0.2211768 0 0 0 61 78 138 255 
-0.4889862 -1.579864 0.2389542 0 0 0 60 80 139 255 
-0.4888538 -1.626025 0.2282934 0 0 0 61 77 138 255 
-0.4687394 -1.683251 0.19563 0 0 0 62 73 137 255 
-1.36327 0.3421156 1.383384 0 0 0 60 79 138 255 
-1.312288 0.3341557 1.329031 0 0 0 59 82 139 255 
-1.172498 0.361944 1.205377 0 0 0 41 122 142 255 
-1.124683 0.3465699 1.15299 0 0 0 47 107 142 255 
-1.057356 0.3396744 1.082873 0 0 0 53 94 141 255 
-0.9535304 0.3433011 0.9806278 0 0 0 50 101 142 255 
-0.8233331 0.35725 0.8594731 0 0 0 41 123 142 255 
-0.7246008 0.3526168 0.7602901 0 0 0 47 107 142 255 
-0.6468207 0.3402459 0.6816977 0 0 0 52 96 141 255 
-0.5450699 0.3328869 0.5799121 0 0 0 58 83 139 255 
-0.3949084 0.3425412 0.4353672 0 0 0 42 118 142 255 
-0.2387997 0.3431252 0.2815418 0 0 0 43 116 142 255 
-0.1340023 0.32726 0.1761655 0 0 0 42 120 142 255 
-0.1921909 0.2687572 0.2279933 0 0 0 52 97 141 255 
-0.1402589 0.2453014 0.1707988 0 0 0 34 141 141 255 
-0.1615465 0.1968077 0.1870168 0 0 0 38 130 142 255 
-0.1764361 0.1500387 0.1948192 0 0 0 45 113 142 255 
-0.1792463 0.1065218 0.1946176 0 0 0 50 102 142 255 
-0.166205 0.07430187 0.1713791 0 0 0 33 144 141 255 
-0.1583461 0.03162545 0.1602456 0 0 0 38 130 142 255 
-0.202277 -0.01775753 0.1978565 0 0 0 44 113 142 255 
-0.210199 -0.06182482 0.2032262 0 0 0 52 96 141 255 
-0.1837121 -0.09213851 0.1656688 0 0 0 33 142 141 255 
-0.182394 -0.1351766 0.1615771 0 0 0 40 125 142 255 
-0.2027408 -0.1806069 0.1772506 0 0 0 46 109 142 255 
-0.2153829 -0.2253149 0.187151 0 0 0 46 109 142 255 
-0.2049087 -0.2576649 0.1634914 0 0 0 36 135 142 255 
-0.2143805 -0.3017488 0.1691629 0 0 0 37 131 142 255 
-0.2275026 -0.3452738 0.1788919 0 0 0 40 124 142 255 
-0.2394354 -0.387935 0.1890325 0 0 0 46 110 142 255 
-0.223734 -0.4223301 0.1609791 0 0 0 33 143 141 255 
-0.2434147 -0.4647299 0.1771221 0 0 0 37 131 142 255 
-0.2357691 -0.5077402 0.1659988 0 0 0 39 128 142 255 
-0.2474252 -0.5509089 0.1757785 0 0 0 43 117 142 255 
-0.2431033 -0.5843955 0.1579383 0 0 0 33 142 141 255 
-0.2499031 -0.6281679 0.1609045 0 0 0 36 134 142 255 
-0.2632425 -0.6613901 0.1658849 0 0 0 38 129 142 255 
-0.258442 -0.7129404 0.1650817 0 0 0 41 122 142 255 
-0.2360918 -0.7501681 0.131897 0 0 0 30 155 138 255 
-0.2562954 -0.7912955 0.146185 0 0 0 34 140 141 255 
-0.2883501 -0.8311789 0.1746005 0 0 0 37 133 142 255 
-0.2688143 -0.8767926 0.1522772 0 0 0 38 130 142 255 
-0.270063 -0.9116467 0.1424477 0 0 0 31 154 138 255 
-0.2635838 -0.9560292 0.132109 0 0 0 33 143 141 255 
-0.3024831 -0.993277 0.1669226 0 0 0 36 135 142 255 
-0.30215 -1.037981 0.1630533 0 0 0 38 130 142 255 
-0.2794491 -1.07782 0.1314026 0 0 0 31 156 137 255 
-0.2988483 -1.116951 0.1449547 0 0 0 33 142 141 255 
-0.3137024 -1.15839 0.1555083 0 0 0 35 136 142 255 
-0.3062807 -1.205743 0.1430216 0 0 0 37 132 142 255 
-0.285257 -1.246614 0.1174606 0 0 0 31 156 137 255 
-0.3084573 -1.285075 0.1336005 0 0 0 32 146 140 255 
-0.3064081 -1.331098 0.1257686 0 0 0 33 145 140 255 
-0.3287423 -1.371482 0.1416125 0 0 0 38 129 142 255 
-0.3757363 -1.395319 0.187808 0 0 0 62 76 138 255 
-0.4313776 -1.422035 0.238254 0 0 0 61 78 138 255 
-0.4407536 -1.464274 0.2390441 0 0 0 61 78 138 255 
-0.4568754 -1.505831 0.2465512 0 0 0 63 71 136 255 
-0.4193904 -1.555302 0.2148064 0 0 0 63 72 137 255 
-0.4546348 -1.588492 0.2407888 0 0 0 64 69 136 255 
-0.4868726 -1.622707 0.2634735 0 0 0 67 62 133 255 
-0.4101782 -1.701864 0.172704 0 0 0 62 73 137 255 
-1.325737 0.3506621 1.372457 0 0 0 66 65 134 255 
-1.28289 0.3389687 1.326095 0 0 0 56 88 140 255 
-1.17636 0.3534085 1.234449 0 0 0 42 119 142 255 
-1.11119 0.3445101 1.166773 0 0 0 49 104 142 255 
-1.026361 0.3436102 1.081339 0 0 0 52 96 141 255 
-0.9047845 0.3527586 0.9638765 0 0 0 49 104 142 255 
-0.7994808 0.35774 0.8671854 0 0 0 39 127 142 255 
-0.7430325 0.339352 0.8082829 0 0 0 45 113 142 255 
-0.6218764 0.3403469 0.6904405 0 0 0 51 99 141 255 
-0.5023072 0.3377608 0.5732681 0 0 0 55 91 141 255 
-0.3684464 0.3422086 0.4456067 0 0 0 42 119 142 255 
-0.2458515 0.3334117 0.3248567 0 0 0 44 113 142 255 
-0.149066 0.3156155 0.2282591 0 0 0 42 119 142 255 
-0.1731107 0.2658409 0.2475163 0 0 0 49 103 142 255 
-0.1467422 0.2364464 0.2149498 0 0 0 34 141 141 255 
-0.1422533 0.1938584 0.2067593 0 0 0 37 132 142 255 
-0.1831484 0.1418909 0.2389054 0 0 0 45 113 142 255 
-0.1860022 0.09871118 0.23875 0 0 0 50 102 142 255 
-0.1641728 0.06828358 0.2074993 0 0 0 35 137 142 255 
-0.1649315 0.02441005 0.2046527 0 0 0 38 130 142 255 
-0.183153 -0.02068146 0.2174411 0 0 0 44 114 142 255 
-0.2084557 -0.06712849 0.2392171 0 0 0 53 94 141 255 
-0.1817355 -0.09728872 0.2018805 0 0 0 34 139 141 255 
-0.2063918 -0.1430652 0.2225912 0 0 0 42 119 142 255 
-0.2182043 -0.1870331 0.2299553 0 0 0 46 110 142 255 
-0.2136181 -0.2297522 0.2232889 0 0 0 46 110 142 255 
-0.2289275 -0.2639417 0.2246343 0 0 0 37 131 142 255 
-0.221159 -0.306336 0.2137043 0 0 0 38 129 142 255 
-0.2257152 -0.3490695 0.2150844 0 0 0 42 120 142 255 
-0.2290855 -0.3911695 0.2168646 0 0 0 44 114 142 255 
-0.2132152 -0.4254906 0.1889414 0 0 0 33 142 141 255 
-0.2330121 -0.4677611 0.2049877 0 0 0 37 131 142 255 
-0.2253153 -0.5106643 0.1939347 0 0 0 38 129 142 255 
-0.2629117 -0.5533684 0.2287041 0 0 0 42 118 142 255 
-0.2412188 -0.5869121 0.1942475 0 0 0 33 145 140 255 
-0.2566381 -0.6301252 0.2055646 0 0 0 35 137 142 255 
-0.2785692 -0.6626581 0.2188837 0 0 0 40 124 142 255 
-0.2652109 -0.7142075 0.2097268 0 0 0 42 119 142 255 
-0.2511886 -0.7505363 0.185111 0 0 0 30 155 138 255 
-0.2543427 -0.7927054 0.1825389 0 0 0 34 140 141 255 
-0.2609405 -0.8349398 0.1856272 0 0 0 37 133 142 255 
-0.2839664 -0.875764 0.2053451 0 0 0 39 126 142 255 
-0.2595524 -0.9134853 0.170392 0 0 0 31 156 137 255 
-0.2615187 -0.9565708 0.1684969 0 0 0 32 147 140 255 
-0.292135 -0.9948618 0.194699 0 0 0 35 137 142 255 
-0.2833141 -1.040871 0.1824669 0 0 0 35 136 142 255 
-0.268892 -1.079221 0.1593557 0 0 0 31 158 137 255 
-0.2883757 -1.118227 0.172804 0 0 0 33 145 140 255 
-0.2948806 -1.161278 0.1749036 0 0 0 34 139 141 255 
-0.3125959 -1.203068 0.187591 0 0 0 35 137 142 255 
-0.2830067 -1.245633 0.1537966 0 0 0 31 159 136 255 
-0.3146366 -1.281792 0.1781652 0 0 0 33 142 141 255 
-0.3124958 -1.327475 0.1703451 0 0 0 31 149 139 255 
-0.3265621 -1.369785 0.1777026 0 0 0 36 134 142 255 
-0.3157505 -1.410097 0.1652452 0 0 0 32 147 140 255 
-0.3222082 -1.452296 0.1654316 0 0 0 35 136 142 255 
-0.3484173 -1.490565 0.1828921 0 0 0 46 111 142 255 
-0.3895157 -1.524984 0.2153278 0 0 0 50 101 142 255 
-0.3519077 -1.575072 0.1839864 0 0 0 43 116 142 255 
-0.3875248 -1.608905 0.2098049 0 0 0 42 120 142 255 
-0.3550448 -1.668189 0.1661327 0 0 0 38 130 142 255 
-0.3431442 -1.723725 0.1421266 0 0 0 31 148 140 255 
-1.330639 0.3418824 1.400408 0 0 0 60 79 138 255 
-1.261913 0.3404061 1.331176 0 0 0 59 82 139 255 
-1.16336 0.3514085 1.247913 0 0 0 43 116 142 255 
-1.080621 0.3487138 1.165077 0 0 0 47 108 142 255 
-1.003845 0.3444934 1.087909 0 0 0 52 97 141 255 
-0.8987407 0.3475987 0.9868476 0 0 0 51 98 141 255 
-0.8101025 0.3469467 0.9065323 0 0 0 39 126 142 255 
-0.6756761 0.3531697 0.7770666 0 0 0 41 123 142 255 
-0.622851 0.3326576 0.7231351 0 0 0 50 100 142 255 
-0.5112357 0.3277044 0.6146899 0 0 0 56 89 140 255 
-0.3679683 0.3346984 0.479939 0 0 0 45 113 142 255 
-0.2100012 0.3351115 0.3280544 0 0 0 44 115 142 255 
-0.147308 0.3083554 0.2640412 0 0 0 42 118 142 255 
-0.1801978 0.2567785 0.2912352 0 0 0 49 103 142 255 
-0.1449666 0.2295924 0.2508604 0 0 0 33 145 140 255 
-0.1404642 0.1872238 0.2427511 0 0 0 37 132 142 255 
-0.1641979 0.1389759 0.2585383 0 0 0 45 113 142 255 
-0.1931835 0.09094635 0.2826875 0 0 0 50 102 142 255 
-0.1624643 0.06229573 0.2435288 0 0 0 37 133 142 255 
-0.154535 0.0200611 0.2325872 0 0 0 37 131 142 255 
-0.1902748 -0.02750234 0.2616064 0 0 0 46 111 142 255 
-0.2070356 -0.0724019 0.2751156 0 0 0 53 95 141 255 
-0.1800848 -0.1024087 0.2380017 0 0 0 34 140 141 255 
-0.1874806 -0.1459767 0.2422042 0 0 0 41 123 142 255 
-0.1906521 -0.1890697 0.2413054 0 0 0 44 115 142 255 
-0.2295987 -0.2356589 0.2757706 0 0 0 48 106 142 255 
-0.2187857 -0.2675012 0.2524031 0 0 0 36 135 142 255 
-0.2109717 -0.3097884 0.2415482 0 0 0 38 130 142 255 
-0.2242517 -0.3528351 0.2511834 0 0 0 43 117 142 255 
-0.2450488 -0.3953409 0.2694941 0 0 0 48 106 142 255 
-0.2202819 -0.4290825 0.2334781 0 0 0 33 144 141 255 
-0.2401895 -0.4709989 0.2494385 0 0 0 37 133 142 255 
-0.232432 -0.5135643 0.2384664 0 0 0 39 126 142 255 
-0.2702529 -0.5558872 0.2730297 0 0 0 42 120 142 255 
-0.2396584 -0.5893984 0.2304631 0 0 0 34 141 141 255 
-0.2551544 -0.6323639 0.2417111 0 0 0 37 132 142 255 
-0.2512565 -0.6659535 0.2299545 0 0 0 36 134 142 255 
-0.2724046 -0.7154288 0.2541722 0 0 0 42 120 142 255 
-0.2409623 -0.7527922 0.2130385 0 0 0 31 156 137 255 
-0.2613178 -0.7933225 0.2271298 0 0 0 35 138 141 255 
-0.2765182 -0.8343326 0.2385232 0 0 0 38 130 142 255 
-0.2910587 -0.8756667 0.2497809 0 0 0 39 128 142 255 
-0.2492651 -0.9153089 0.1983495 0 0 0 30 157 137 255 
-0.2768772 -0.9546856 0.221461 0 0 0 33 145 140 255 
-0.2905444 -0.9951208 0.2308184 0 0 0 34 141 141 255 
-0.281643 -1.040904 0.2186509 0 0 0 35 137 142 255 
-0.275562 -1.077565 0.2039838 0 0 0 31 152 139 255 
-0.3035722 -1.114592 0.2256498 0 0 0 33 142 141 255 
-0.3015758 -1.158925 0.2193833 0 0 0 33 142 141 255 
-0.3277785 -1.198481 0.2402804 0 0 0 36 135 142 255 
-0.2895087 -1.242664 0.1983544 0 0 0 31 160 136 255 
-0.3128284 -1.280532 0.2142255 0 0 0 33 144 141 255 
-0.3106165 -1.32599 0.2064234 0 0 0 31 152 139 255 
-0.3247002 -1.368057 0.2137006 0 0 0 37 133 142 255 
-0.3138011 -1.40819 0.2013045 0 0 0 32 147 140 255 
-0.3035913 -1.455175 0.1849008 0 0 0 32 147 140 255 
-0.3547972 -1.485567 0.2270297 0 0 0 43 117 142 255 
-0.453832 -1.50044 0.317056 0 0 0 57 85 140 255 
-0.5397597 -1.507071 0.40929 0 0 0 64 69 136 255 
-0.558282 -1.543968 0.4182881 0 0 0 66 64 134 255 
-0.5247664 -1.600685 0.3746878 0 0 0 64 69 136 255 
-0.373393 -1.70753 0.2108954 0 0 0 37 131 142 255 
-1.318653 0.34003 1.412933 0 0 0 53 95 141 255 
-1.266686 0.3318147 1.359495 0 0 0 57 85 140 255 
-1.159063 0.3461626 1.269148 0 0 0 43 116 142 255 
-1.084461 0.340387 1.194588 0 0 0 47 107 142 255 
-0.9899576 0.3423451 1.102431 0 0 0 50 101 142 255 
-0.8928889 0.3424515 1.009806 0 0 0 51 98 141 255 
-0.7864438 0.3474353 0.9144317 0 0 0 39 126 142 255 
-0.6946076 0.3399492 0.8249462 0 0 0 42 118 142 255 
-0.5806885 0.3379188 0.7164019 0 0 0 53 94 141 255 
-0.5031756 0.322638 0.6401239 0 0 0 58 83 139 255 
-0.3416829 0.3343565 0.4904487 0 0 0 57 86 140 255 
-0.1914978 0.3322464 0.3474383 0 0 0 43 117 142 255 
-0.1545934 0.2989714 0.3076879 0 0 0 42 118 142 255 
-0.1789747 0.2498025 0.3267838 0 0 0 52 97 141 255 
-0.1260464 0.2266634 0.2706887 0 0 0 33 144 141 255 
-0.147741 0.1787836 0.2866656 0 0 0 38 130 142 255 
-0.1716058 0.1308961 0.3023889 0 0 0 46 110 142 255 
-0.1832794 0.08644512 0.3103294 0 0 0 51 99 141 255 
-0.1610784 0.05633755 0.2794653 0 0 0 35 137 142 255 
-0.1618688 0.01292226 0.276706 0 0 0 38 130 142 255 
-0.206577 -0.03556784 0.3136728 0 0 0 48 106 142 255 
-0.2059389 -0.07764465 0.310919 0 0 0 54 93 141 255 
-0.1875107 -0.1085846 0.2821632 0 0 0 33 142 141 255 
-0.1862066 -0.1508333 0.2782255 0 0 0 38 129 142 255 
-0.2069142 -0.1954117 0.2936636 0 0 0 43 117 142 255 
-0.2198194 -0.2392779 0.3034472 0 0 0 48 105 142 255 
-0.226361 -0.2723502 0.2965591 0 0 0 37 133 142 255 
-0.2097528 -0.3137625 0.2775992 0 0 0 37 133 142 255 
-0.2143656 -0.3561474 0.278982 0 0 0 41 122 142 255 
-0.2527903 -0.399141 0.3136065 0 0 0 47 107 142 255 
-0.227775 -0.4326279 0.2778145 0 0 0 33 143 141 255 
-0.2477906 -0.4741907 0.2936866 0 0 0 37 131 142 255 
-0.2399742 -0.516418 0.282797 0 0 0 39 127 142 255 
-0.2605736 -0.5586169 0.3006702 0 0 0 42 118 142 255 
-0.2558272 -0.5914185 0.2831002 0 0 0 33 142 141 255 
-0.2366 -0.6352432 0.2612362 0 0 0 37 132 142 255 
-0.2586986 -0.6675628 0.2743335 0 0 0 37 132 142 255 
-0.2713363 -0.7171673 0.2901522 0 0 0 41 123 142 255 
-0.2309599 -0.7550332 0.2409769 0 0 0 30 155 138 255 
-0.2600624 -0.7946638 0.2632415 0 0 0 34 140 141 255 
-0.2753313 -0.835433 0.2745576 0 0 0 36 135 142 255 
-0.2813064 -0.8775243 0.2774656 0 0 0 39 128 142 255 
-0.2564255 -0.9149349 0.2428845 0 0 0 31 156 137 255 
-0.2755578 -0.9551509 0.257555 0 0 0 32 146 140 255 
-0.2978603 -0.9940307 0.2751199 0 0 0 36 135 142 255 
-0.2888635 -1.039471 0.2630122 0 0 0 36 134 142 255 
-0.2740997 -1.077392 0.2401324 0 0 0 30 157 137 255 
-0.29369 -1.115815 0.2533627 0 0 0 33 143 141 255 
-0.2916593 -1.160036 0.2471219 0 0 0 34 141 141 255 
-0.3094918 -1.201325 0.2596046 0 0 0 34 139 141 255 
-0.2964296 -1.23965 0.2427126 0 0 0 31 156 137 255 
-0.3028809 -1.281319 0.2419337 0 0 0 32 146 140 255 
-0.3259258 -1.320092 0.2589076 0 0 0 33 142 141 255 
-0.3315641 -1.363991 0.2578469 0 0 0 37 133 142 255 
-0.3037751 -1.408655 0.2290372 0 0 0 33 145 140 255 
-0.3855275 -1.427907 0.3031792 0 0 0 45 113 142 255 
-0.5617425 -1.417487 0.4682248 0 0 0 65 66 135 255 
-0.552476 -1.464768 0.4507097 0 0 0 65 68 135 255 
-0.5558568 -1.498371 0.4601989 0 0 0 62 73 137 255 
-0.5577825 -1.540714 0.4527133 0 0 0 65 68 135 255 
-0.5486572 -1.588038 0.433853 0 0 0 66 64 134 255 
-0.5272546 -1.643452 0.4016722 0 0 0 68 59 132 255 
-1.29812 0.3416177 1.417932 0 0 0 52 96 141 255 
-1.245821 0.3332431 1.364779 0 0 0 59 81 139 255 
-1.128943 0.3506456 1.267438 0 0 0 40 125 142 255 
-1.071227 0.3383251 1.208619 0 0 0 48 106 142 255 
-0.9848487 0.3371906 1.124752 0 0 0 50 101 142 255 
-0.8785288 0.3402161 1.025008 0 0 0 51 99 141 255 
-0.7627841 0.3479081 0.9225261 0 0 0 40 124 142 255 
-0.6703976 0.3402235 0.8335763 0 0 0 43 117 142 255 
-0.5907581 0.3276747 0.7569528 0 0 0 61 78 138 255 
-0.4690858 0.3249827 0.6420429 0 0 0 56 88 140 255 
-0.3066571 0.3363705 0.4933153 0 0 0 50 100 142 255 
-0.1818802 0.3271241 0.3748176 0 0 0 42 119 142 255 
-0.1622984 0.2896329 0.3511364 0 0 0 44 114 142 255 
-0.1692881 0.2448893 0.3543157 0 0 0 50 100 142 255 
-0.1687302 0.2101544 0.346234 0 0 0 34 139 141 255 
-0.1554376 0.1703901 0.3303798 0 0 0 38 130 142 255 
-0.1618441 0.1262883 0.3300766 0 0 0 46 110 142 255 
-0.1823972 0.08035726 0.3459742 0 0 0 51 99 141 255 
-0.1688136 0.04890087 0.3233256 0 0 0 35 138 141 255 
-0.1608218 0.007222466 0.3125903 0 0 0 39 127 142 255 
-0.1969782 -0.03972282 0.3412863 0 0 0 45 112 142 255 
-0.2316025 -0.08636572 0.3708025 0 0 0 55 90 140 255 
-0.1777522 -0.1125575 0.3099588 0 0 0 34 139 141 255 
-0.2028712 -0.157588 0.3303354 0 0 0 40 124 142 255 
-0.2060816 -0.1999919 0.3295033 0 0 0 44 115 142 255 
-0.2190722 -0.2436161 0.3392435 0 0 0 47 107 142 255 
-0.2167629 -0.2758642 0.3242397 0 0 0 36 134 142 255 
-0.2088574 -0.317706 0.3135525 0 0 0 39 128 142 255 
-0.2310911 -0.3606883 0.3312421 0 0 0 42 119 142 255 
-0.2521546 -0.4025934 0.3493559 0 0 0 46 109 142 255 
-0.2093438 -0.4355049 0.2974206 0 0 0 32 146 140 255 
-0.2294758 -0.4770508 0.3131881 0 0 0 36 134 142 255 
-0.2303887 -0.5192661 0.3105498 0 0 0 39 127 142 255 
-0.2511154 -0.5613312 0.3283174 0 0 0 44 115 142 255 
-0.2287522 -0.5945051 0.2943974 0 0 0 33 144 141 255 
-0.2356605 -0.637436 0.2972938 0 0 0 35 138 141 255 
-0.2665606 -0.6691259 0.3185057 0 0 0 39 128 142 255 
-0.2793229 -0.7183039 0.3342409 0 0 0 42 120 142 255 
-0.256044 -0.7545981 0.3018063 0 0 0 31 153 138 255 
-0.2504225 -0.796753 0.2910298 0 0 0 34 141 141 255 
-0.2744648 -0.836503 0.3104928 0 0 0 38 130 142 255 
-0.2717741 -0.8793667 0.3051567 0 0 0 38 129 142 255 
-0.2553431 -0.9156139 0.2789843 0 0 0 31 156 137 255 
-0.2832097 -0.9543719 0.3017799 0 0 0 34 140 141 255 
-0.2969593 -0.9942212 0.3109904 0 0 0 36 135 142 255 
-0.2878815 -1.039436 0.2989478 0 0 0 38 130 142 255 
-0.2643566 -1.078725 0.2679584 0 0 0 31 156 137 255 
-0.2926105 -1.115375 0.2893063 0 0 0 33 145 140 255 
-0.3247889 -1.152319 0.3159567 0 0 0 36 134 142 255 
-0.3255093 -1.196647 0.3118901 0 0 0 35 136 142 255 
-0.2952377 -1.238563 0.2786608 0 0 0 31 158 137 255 
-0.3186698 -1.275839 0.2942613 0 0 0 32 146 140 255 
-0.3162977 -1.32073 0.2864931 0 0 0 32 146 140 255 
-0.3473013 -1.357565 0.309983 0 0 0 37 132 142 255 
-0.3024114 -1.406696 0.2649589 0 0 0 32 146 140 255 
-0.5108439 -1.387858 0.4611762 0 0 0 62 74 137 255 
-0.5533385 -1.417484 0.4943781 0 0 0 62 74 137 255 
-0.5356019 -1.467411 0.4687741 0 0 0 62 74 137 255 
-0.5474043 -1.498159 0.4863908 0 0 0 61 78 138 255 
-0.5991662 -1.522623 0.5276809 0 0 0 63 72 137 255 
-0.6145459 -1.559945 0.5332204 0 0 0 66 63 133 255 
-0.5843496 -1.617383 0.4930094 0 0 0 64 69 136 255 
-1.312267 0.3294559 1.453297 0 0 0 53 94 141 255 
-1.233624 0.3313337 1.377825 0 0 0 60 79 138 255 
-1.124863 0.3454059 1.288782 0 0 0 42 120 142 255 
-1.05808 0.3362628 1.222732 0 0 0 48 105 142 255 
-0.9624553 0.3380494 1.131732 0 0 0 51 99 141 255 
-0.8555151 0.3408688 1.032608 0 0 0 51 98 141 255 
-0.7741898 0.3371891 0.9616341 0 0 0 43 117 142 255 
-0.6461923 0.340482 0.842406 0 0 0 43 116 142 255 
-0.5660822 0.3277505 0.7662491 0 0 0 64 70 136 255 
-0.4612939 0.3199237 0.667631 0 0 0 57 86 140 255 
-0.3155739 0.326533 0.535516 0 0 0 42 120 142 255 
-0.1636669 0.3242664 0.3943761 0 0 0 44 114 142 255 
-0.1439601 0.2867559 0.3708313 0 0 0 44 114 142 255 
-0.1598219 0.2399908 0.381855 0 0 0 50 101 142 255 
-0.1415688 0.2092103 0.3580336 0 0 0 33 145 140 255 
-0.1547126 0.1638604 0.365983 0 0 0 36 134 142 255 
-0.1788378 0.1165801 0.3815568 0 0 0 46 111 142 255 
-0.2172479 0.06792533 0.4132912 0 0 0 52 96 141 255 
-0.1769679 0.04151094 0.3669818 0 0 0 36 134 142 255 
-0.1600947 0.001554497 0.3483758 0 0 0 37 133 142 255 
-0.196455 -0.04513814 0.3769002 0 0 0 45 112 142 255 
-0.2135677 -0.08920061 0.3902349 0 0 0 54 93 141 255 
-0.1770679 -0.1175858 0.3457898 0 0 0 34 140 141 255 
-0.2111972 -0.1633245 0.374092 0 0 0 40 124 142 255 
-0.2055679 -0.2045414 0.3652417 0 0 0 44 113 142 255 
-0.2009226 -0.2464707 0.3588206 0 0 0 46 110 142 255 
-0.2073845 -0.2793632 0.351926 0 0 0 35 137 142 255 
-0.2259769 -0.3226605 0.3655859 0 0 0 39 128 142 255 
-0.2306427 -0.3643541 0.3669912 0 0 0 43 117 142 255 
-0.2341446 -0.4054275 0.3687994 0 0 0 49 104 142 255 
-0.2351943 -0.4393806 0.3577467 0 0 0 34 140 141 255 
-0.2289391 -0.480086 0.3490551 0 0 0 35 138 141 255 
-0.2474975 -0.5220142 0.3627043 0 0 0 41 123 142 255 
-0.2683416 -0.5635979 0.3803698 0 0 0 45 112 142 255 
-0.2369111 -0.5966737 0.3385222 0 0 0 33 144 141 255 
-0.2526312 -0.6388966 0.3495588 0 0 0 37 133 142 255 
-0.2660597 -0.6710837 0.3543051 0 0 0 39 128 142 255 
-0.2789426 -0.7199732 0.3699636 0 0 0 42 120 142 255 
-0.255449 -0.7561046 0.3377117 0 0 0 31 151 139 255 
-0.2760187 -0.7956825 0.3515055 0 0 0 35 138 141 255 
-0.2826611 -0.8366418 0.3544964 0 0 0 37 131 142 255 
-0.306124 -0.8761139 0.3736895 0 0 0 40 124 142 255 
-0.2720054 -0.9140483 0.3313378 0 0 0 31 150 139 255 
-0.2912769 -0.9535469 0.3457947 0 0 0 35 138 141 255 
-0.3050607 -0.9930465 0.3549312 0 0 0 37 133 142 255 
-0.3132291 -1.035013 0.3592852 0 0 0 39 127 142 255 
-0.2980847 -1.072321 0.3366497 0 0 0 32 147 140 255 
-0.3350088 -1.10663 0.3659983 0 0 0 36 134 142 255 
-0.3413991 -1.148051 0.3679361 0 0 0 37 132 142 255 
-0.3678219 -1.186242 0.3883382 0 0 0 40 124 142 255 
-0.3715659 -1.219621 0.3878982 0 0 0 34 139 141 255 
-0.3948559 -1.255657 0.4033358 0 0 0 39 126 142 255 
-0.4092741 -1.294876 0.4118162 0 0 0 39 126 142 255 
-0.3890712 -1.34411 0.386223 0 0 0 41 123 142 255 
-0.539122 -1.337011 0.52834 0 0 0 49 103 142 255 
-0.7225932 -1.322273 0.6986919 0 0 0 59 81 139 255 
-0.6970055 -1.369913 0.6665889 0 0 0 62 74 137 255 
-0.6449165 -1.42866 0.6085602 0 0 0 63 71 136 255 
-0.8582481 -1.389364 0.8197172 0 0 0 49 104 142 255 
-0.8504211 -1.430201 0.8039434 0 0 0 56 88 140 255 
-0.8147605 -1.482387 0.7607847 0 0 0 63 72 137 255 
-0.7999275 -1.530353 0.7367327 0 0 0 62 74 137 255 
-1.29189 0.3310436 1.458441 0 0 0 55 91 141 255 
-1.230242 0.3261085 1.398479 0 0 0 70 51 127 255 
-1.094672 0.3498505 1.287488 0 0 0 41 121 142 255 
-1.045018 0.3341999 1.236924 0 0 0 47 107 142 255 
-0.9751911 0.3269244 1.169336 0 0 0 50 100 142 255 
-0.8588875 0.3328627 1.063314 0 0 0 51 99 141 255 
-0.7595403 0.3348749 0.9775633 0 0 0 47 107 142 255 
-0.6572886 0.3300383 0.8821613 0 0 0 43 117 142 255 
-0.5679183 0.3201277 0.7988701 0 0 0 54 92 141 255 
-0.4537095 0.3148788 0.6932154 0 0 0 56 88 140 255 
-0.3071924 0.3214535 0.5620066 0 0 0 41 121 142 255 
-0.1721578 0.3146793 0.43737 0 0 0 41 122 142 255 
-0.2144331 0.26257 0.4686147 0 0 0 47 108 142 255 
-0.2038531 0.2230015 0.4562932 0 0 0 54 93 141 255 
-0.2121255 0.187082 0.4562587 0 0 0 36 135 142 255 
-0.207643 0.1464919 0.4486125 0 0 0 43 117 142 255 
-0.2230293 0.1018388 0.4563471 0 0 0 48 106 142 255 
-0.2706138 0.05241406 0.4958573 0 0 0 56 89 140 255 
-0.2211292 0.02819168 0.4420787 0 0 0 39 126 142 255 
-0.2309123 -0.01511477 0.4474739 0 0 0 44 115 142 255 
-0.2764114 -0.06192964 0.4838839 0 0 0 52 96 141 255 
-0.3293384 -0.1093448 0.529061 0 0 0 62 74 137 255 
-0.2746387 -0.1342726 0.4692446 0 0 0 40 125 142 255 
-0.3179161 -0.1794514 0.5054787 0 0 0 50 102 142 255 
-0.365721 -0.2240774 0.5448208 0 0 0 55 91 141 255 
-0.4591268 -0.2716005 0.6266692 0 0 0 60 79 138 255 
-0.3494796 -0.2935359 0.5160895 0 0 0 43 116 142 255 
-0.4304448 -0.3383291 0.5860658 0 0 0 50 100 142 255 
-0.5062905 -0.3803529 0.6519912 0 0 0 54 92 141 255 
-0.5721153 -0.4196967 0.7102726 0 0 0 65 66 135 255 
-0.4659352 -0.4475904 0.6031945 0 0 0 45 112 142 255 
-0.5838607 -0.4862643 0.7077227 0 0 0 49 104 142 255 
-0.6289521 -0.5232172 0.7457329 0 0 0 56 89 140 255 
-0.6941535 -0.5588059 0.8037645 0 0 0 60 79 138 255 
-0.5907334 -0.5893832 0.6982521 0 0 0 48 106 142 255 
-0.7123948 -0.6223483 0.8065627 0 0 0 48 105 142 255 
-0.787004 -0.6465177 0.8685265 0 0 0 55 91 141 255 
-0.8265474 -0.685228 0.9078485 0 0 0 57 86 140 255 
-0.757651 -0.7187681 0.8359676 0 0 0 41 122 142 255 
-0.7951928 -0.7500755 0.8660803 0 0 0 46 111 142 255 
-0.8364097 -0.7804293 0.901466 0 0 0 49 104 142 255 
-0.9120092 -0.8062166 0.9690691 0 0 0 54 92 141 255 
-0.8411672 -0.8421764 0.8951496 0 0 0 35 137 142 255 
-0.8859072 -0.8703126 0.9337173 0 0 0 43 116 142 255 
-0.9075084 -0.9005569 0.9507216 0 0 0 44 113 142 255 
-0.8885199 -0.9385412 0.9303832 0 0 0 44 115 142 255 
-0.8718949 -0.9695796 0.9081495 0 0 0 34 141 141 255 
-0.8990713 -0.9980066 0.9290334 0 0 0 40 125 142 255 
-0.9129603 -1.029925 0.9387041 0 0 0 43 116 142 255 
-0.929535 -1.061962 0.9504732 0 0 0 44 113 142 255 
-0.8890505 -1.099112 0.9092246 0 0 0 32 147 140 255 
-0.92821 -1.124047 0.9405324 0 0 0 40 125 142 255 
-0.9240894 -1.160329 0.9323381 0 0 0 39 128 142 255 
-0.9535334 -1.188388 0.9550204 0 0 0 47 108 142 255 
-0.906944 -1.230486 0.9097649 0 0 0 36 134 142 255 
-0.9370557 -1.256275 0.9334555 0 0 0 38 130 142 255 
-0.952911 -1.287611 0.9416968 0 0 0 44 115 142 255 
-0.9417506 -1.328801 0.9240848 0 0 0 42 118 142 255 
-0.9026945 -1.371646 0.8920857 0 0 0 37 133 142 255 
-0.9282029 -1.399802 0.9084374 0 0 0 39 126 142 255 
-0.9505497 -1.429153 0.9215822 0 0 0 44 114 142 255 
-0.9682504 -1.462155 0.9295692 0 0 0 42 120 142 255 
-1.280266 0.3291972 1.471206 0 0 0 54 92 141 255 
-1.183133 0.3374364 1.381699 0 0 0 61 77 138 255 
-1.09962 0.3414032 1.316419 0 0 0 42 119 142 255 
-1.032045 0.3321371 1.251197 0 0 0 47 107 142 255 
-0.9706421 0.3218136 1.191597 0 0 0 52 96 141 255 
-0.8360164 0.3335074 1.071141 0 0 0 50 101 142 255 
-0.7449905 0.3325599 0.9935824 0 0 0 37 133 142 255 
-0.7486228 0.2956642 0.9903494 0 0 0 41 123 142 255 
-0.7565808 0.2589156 0.9921137 0 0 0 47 108 142 255 
-0.7486382 0.2268125 0.9799066 0 0 0 55 91 141 255 
-0.7619006 0.1942492 0.9887491 0 0 0 39 128 142 255 
-0.7690991 0.1576257 0.9897819 0 0 0 42 119 142 255 
-0.7942853 0.117527 1.006866 0 0 0 50 101 142 255 
-0.8200896 0.07748279 1.026857 0 0 0 58 84 140 255 
-0.7659944 0.06161211 0.9738337 0 0 0 36 134 142 255 
-0.7798942 0.02461579 0.9829458 0 0 0 43 116 142 255 
-0.8045987 -0.01419573 0.9997571 0 0 0 50 101 142 255 
-0.8171771 -0.0497702 1.008613 0 0 0 55 90 140 255 
-0.7939245 -0.07268713 0.9801896 0 0 0 38 130 142 255 
-0.7772886 -0.1043013 0.9628631 0 0 0 41 123 142 255 
-0.8142993 -0.1427932 0.992048 0 0 0 51 99 141 255 
-0.8230739 -0.1773921 0.9981003 0 0 0 61 78 138 255 
-0.8033197 -0.2013881 0.9716186 0 0 0 38 129 142 255 
-0.8201879 -0.2367635 0.9844428 0 0 0 46 109 142 255 
-0.8414565 -0.272228 1.000339 0 0 0 53 95 141 255 
-0.8369691 -0.305485 0.99463 0 0 0 56 89 140 255 
-0.8334226 -0.3310234 0.9814108 0 0 0 39 126 142 255 
-0.8432437 -0.3652288 0.9875378 0 0 0 45 112 142 255 
-0.8389722 -0.3981813 0.9814577 0 0 0 50 100 142 255 
-0.8515139 -0.4313937 0.9915546 0 0 0 57 85 140 255 
-0.8335099 -0.4581218 0.9659106 0 0 0 35 137 142 255 
-0.8537534 -0.4910703 0.9817576 0 0 0 42 118 142 255 
-0.8721792 -0.5244199 0.9956066 0 0 0 48 105 142 255 
-0.8663069 -0.557869 0.9891006 0 0 0 56 89 140 255 
-0.8597874 -0.5839275 0.9730983 0 0 0 36 135 142 255 
-0.9018481 -0.6163245 1.008362 0 0 0 43 116 142 255 
-0.8877338 -0.6429267 0.9895346 0 0 0 48 106 142 255 
-0.9008959 -0.6815932 1.004365 0 0 0 51 98 141 255 
-0.8402643 -0.7135684 0.9411022 0 0 0 32 146 140 255 
-0.8778661 -0.7436016 0.9710343 0 0 0 42 119 142 255 
-0.8838334 -0.7763274 0.973928 0 0 0 45 112 142 255 
-0.9067971 -0.8074284 0.9927067 0 0 0 51 98 141 255 
-0.8795562 -0.8377497 0.9595933 0 0 0 32 146 140 255 
-0.9068695 -0.8676359 0.9817519 0 0 0 39 126 142 255 
-0.8933991 -0.9028106 0.9663677 0 0 0 43 116 142 255 
-0.8918423 -0.9378776 0.962283 0 0 0 42 118 142 255 
-0.8838058 -0.9671885 0.9482372 0 0 0 32 146 140 255 
-0.9197961 -0.9935916 0.9770243 0 0 0 38 130 142 255 
-0.9162651 -1.02861 0.9704875 0 0 0 41 123 142 255 
-0.9241953 -1.062301 0.9741064 0 0 0 45 113 142 255 
-0.9181617 -1.091414 0.9653061 0 0 0 33 145 140 255 
-0.9141487 -1.126295 0.9561492 0 0 0 39 127 142 255 
-0.9186246 -1.160361 0.9560333 0 0 0 39 127 142 255 
-0.9481962 -1.188279 0.9785411 0 0 0 45 112 142 255 
-0.9013361 -1.230324 0.9335784 0 0 0 35 136 142 255 
-0.9315778 -1.255979 0.9570879 0 0 0 38 129 142 255 
-0.9474695 -1.287189 0.965241 0 0 0 45 113 142 255 
-0.9531926 -1.322725 0.9637147 0 0 0 45 112 142 255 
-0.8969533 -1.371055 0.9159427 0 0 0 36 135 142 255 
-0.9309977 -1.396096 0.9401165 0 0 0 41 123 142 255 
-0.9786393 -1.415912 0.9770231 0 0 0 44 113 142 255 
-0.9710568 -1.457954 0.961005 0 0 0 42 119 142 255 
-1.20635 0.322303 1.424839 0 0 0 58 83 139 255 
-1.07827 0.3426085 1.322923 0 0 0 42 120 142 255 
-1.02803 0.326986 1.27302 0 0 0 47 107 142 255 
-0.9396425 0.3256489 1.191323 0 0 0 51 98 141 255 
-0.8220364 0.3312707 1.086693 0 0 0 52 97 141 255 
-0.7572681 0.3219309 1.032329 0 0 0 35 138 141 255 
-0.7698488 0.2827242 1.036753 0 0 0 39 128 142 255 
-0.7778761 0.2464228 1.038587 0 0 0 44 113 142 255 
-0.7877905 0.209886 1.041796 0 0 0 53 95 141 255 
-0.7832859 0.1825761 1.03539 0 0 0 37 131 142 255 
-0.7905403 0.1464124 1.036491 0 0 0 42 120 142 255 
-0.7800199 0.1152421 1.022766 0 0 0 47 107 142 255 
-0.7969894 0.07722142 1.034909 0 0 0 57 85 140 255 
-0.7784911 0.05357259 1.013121 0 0 0 37 132 142 255 
-0.8014755 0.01512854 1.029961 0 0 0 44 114 142 255 
-0.8083366 -0.0198435 1.031185 0 0 0 50 102 142 255 
-0.8030047 -0.05204321 1.024445 0 0 0 55 91 141 255 
-0.7975807 -0.07793995 1.011783 0 0 0 39 127 142 255 
-0.7718657 -0.107977 0.986783 0 0 0 41 121 142 255 
-0.8270839 -0.1488305 1.031437 0 0 0 52 96 141 255 
-0.8269202 -0.1819431 1.029639 0 0 0 62 76 138 255 
-0.7889961 -0.2036841 0.9876004 0 0 0 37 133 142 255 
-0.8239694 -0.2409118 1.016092 0 0 0 45 112 142 255 
-0.8543597 -0.2769486 1.039783 0 0 0 52 97 141 255 
-0.8318455 -0.3084573 1.018348 0 0 0 55 91 141 255 
-0.8282172 -0.3339132 1.005184 0 0 0 39 127 142 255 
-0.8380914 -0.3679956 1.011274 0 0 0 44 113 142 255 
-0.8517868 -0.401605 1.021112 0 0 0 50 102 142 255 
-0.8464184 -0.4339275 1.015281 0 0 0 57 86 140 255 
-0.8372362 -0.4607574 0.997736 0 0 0 37 132 142 255 
-0.8665628 -0.4935279 1.021447 0 0 0 42 118 142 255 
-0.8671317 -0.5266195 1.019275 0 0 0 49 104 142 255 
-0.870203 -0.5597906 1.020793 0 0 0 54 92 141 255 
-0.8546104 -0.5859379 0.9968885 0 0 0 37 133 142 255 
-0.8790083 -0.6189305 1.015929 0 0 0 43 117 142 255 
-0.8648039 -0.6456381 0.9971889 0 0 0 46 109 142 255 
-0.8959379 -0.6832244 1.027949 0 0 0 53 95 141 255 
-0.8438316 -0.7144662 0.9730882 0 0 0 32 146 140 255 
-0.8905066 -0.7434325 1.010818 0 0 0 41 122 142 255 
-0.9053661 -0.7748874 1.021694 0 0 0 47 107 142 255 
-0.9284164 -0.8055062 1.040337 0 0 0 53 95 141 255 
-0.8743292 -0.8388827 0.9833979 0 0 0 34 141 141 255 
-0.8840882 -0.8711213 0.9893759 0 0 0 38 129 142 255 
-0.914713 -0.8996332 1.014143 0 0 0 42 119 142 255 
-0.895456 -0.937183 0.9940519 0 0 0 45 113 142 255 
-0.887308 -0.9663191 0.9800783 0 0 0 32 146 140 255 
-0.9058933 -0.9958279 0.9926353 0 0 0 37 131 142 255 
-0.9198595 -1.027264 1.002143 0 0 0 42 118 142 255 
-0.9365287 -1.058802 1.013714 0 0 0 45 113 142 255 
-0.8955133 -1.095659 0.9729763 0 0 0 33 145 140 255 
-0.9175832 -1.124313 0.9878323 0 0 0 38 129 142 255 
-0.913352 -1.160377 0.9797077 0 0 0 38 130 142 255 
-0.9603516 -1.183463 1.017997 0 0 0 46 109 142 255 
-0.904555 -1.227707 0.9653379 0 0 0 36 134 142 255 
-0.9262929 -1.255667 0.9807004 0 0 0 37 131 142 255 
-0.9765383 -1.276093 1.020585 0 0 0 44 114 142 255 
-0.9564654 -1.319386 0.9951608 0 0 0 44 114 142 255 
-0.9255605 -1.358929 0.9714747 0 0 0 39 126 142 255 
-0.9255729 -1.39535 0.963751 0 0 0 42 119 142 255 
-0.9734138 -1.415014 1.000369 0 0 0 44 113 142 255 
-0.9825788 -1.4505 1.000223 0 0 0 46 111 142 255 
-1.230664 0.3357143 1.47493 0 0 0 53 95 141 255 
-1.194526 0.3204004 1.438129 0 0 0 60 79 138 255 
-1.092533 0.3309977 1.359126 0 0 0 51 99 141 255 
-1.006365 0.3280102 1.279982 0 0 0 49 104 142 255 
-0.9174726 0.3264829 1.198792 0 0 0 51 98 141 255 
-0.8349668 0.3204585 1.124767 0 0 0 52 96 141 255 
-0.752015 0.3168749 1.05586 0 0 0 34 139 141 255 
-0.7825857 0.2724931 1.075296 0 0 0 39 126 142 255 
-0.7816962 0.2390671 1.069627 0 0 0 46 111 142 255 
-0.791667 0.2027583 1.072842 0 0 0 52 96 141 255 
-0.7601655 0.1826323 1.043738 0 0 0 36 135 142 255 
-0.7764428 0.144138 1.0524 0 0 0 41 121 142 255 
-0.8019063 0.1045265 1.0693 0 0 0 49 103 142 255 
-0.8370603 0.06298263 1.096734 0 0 0 58 83 139 255 
-0.7823486 0.04748023 1.044496 0 0 0 37 133 142 255 
-0.8054709 0.00928022 1.061246 0 0 0 44 115 142 255 
-0.812366 -0.02546012 1.062484 0 0 0 51 99 141 255 
-0.8070237 -0.05744176 1.055818 0 0 0 55 91 141 255 
-0.810571 -0.08463221 1.050997 0 0 0 39 128 142 255 
-0.811882 -0.1184152 1.049501 0 0 0 44 113 142 255 
-0.8221512 -0.1523329 1.05503 0 0 0 54 93 141 255 
-0.821999 -0.1853329 1.053258 0 0 0 62 76 138 255 
-0.7838207 -0.2070189 1.011483 0 0 0 37 133 142 255 
-0.8280424 -0.245029 1.047609 0 0 0 47 107 142 255 
-0.8133262 -0.2767574 1.031984 0 0 0 52 97 141 255 
-0.8269157 -0.3114141 1.042043 0 0 0 56 89 140 255 
-0.868425 -0.3398142 1.068257 0 0 0 39 126 142 255 
-0.8331347 -0.3707469 1.034988 0 0 0 45 113 142 255 
-0.8559478 -0.4046062 1.052643 0 0 0 50 101 142 255 
-0.8596032 -0.4369704 1.054751 0 0 0 58 83 139 255 
-0.8412554 -0.463362 1.02943 0 0 0 36 134 142 255 
-0.8617097 -0.4958272 1.045077 0 0 0 43 117 142 255 
-0.8532579 -0.5288634 1.035006 0 0 0 49 103 142 255 
-0.9014398 -0.5611545 1.076098 0 0 0 55 91 141 255 
-0.8676268 -0.587403 1.036525 0 0 0 37 131 142 255 
-0.8831427 -0.6204053 1.047502 0 0 0 45 112 142 255 
-0.8777918 -0.646475 1.036827 0 0 0 48 105 142 255 
-0.8732153 -0.6860607 1.035636 0 0 0 53 95 141 255 
-0.8566543 -0.7146281 1.012892 0 0 0 34 141 141 255 
-0.8766882 -0.7456685 1.0265 0 0 0 41 122 142 255 
-0.8826892 -0.7780432 1.029347 0 0 0 46 110 142 255 
-0.9058791 -0.8087584 1.047863 0 0 0 51 98 141 255 
-0.8692977 -0.8400002 1.007181 0 0 0 33 145 140 255 
-0.8879882 -0.8708645 1.021068 0 0 0 41 121 142 255 
-0.8921111 -0.9032213 1.021788 0 0 0 43 117 142 255 
-0.8993589 -0.9364575 1.02569 0 0 0 46 110 142 255 
-0.8822556 -0.9669945 1.003831 0 0 0 33 145 140 255 
-0.9097389 -0.994692 1.02424 0 0 0 39 127 142 255 
-0.9149336 -1.027688 1.025716 0 0 0 42 120 142 255 
-0.9316685 -1.059095 1.037193 0 0 0 46 110 142 255 
-0.916718 -1.089864 1.020537 0 0 0 33 142 141 255 
-0.9213045 -1.122301 1.019386 0 0 0 38 130 142 255 
-0.9169959 -1.158141 1.011289 0 0 0 38 130 142 255 
-0.9467926 -1.185662 1.033442 0 0 0 46 110 142 255 
-0.9080605 -1.225059 0.9969698 0 0 0 34 139 141 255 
-0.9211985 -1.25534 1.00429 0 0 0 38 130 142 255 
-0.9630394 -1.278283 1.03597 0 0 0 46 111 142 255 
-0.9686188 -1.313226 1.034376 0 0 0 45 113 142 255 
-0.9203895 -1.358277 0.9950777 0 0 0 40 125 142 255 
-0.9374433 -1.388591 1.003096 0 0 0 42 120 142 255 
-0.9683772 -1.414102 1.023694 0 0 0 46 109 142 255 
-0.9775193 -1.449464 1.0235 0 0 0 45 113 142 255 
-1.156022 0.3283523 1.429524 0 0 0 57 86 140 255 
-1.0445 0.3417823 1.343804 0 0 0 59 82 139 255 
-1.002621 0.3228745 1.301857 0 0 0 50 102 142 255 
-0.9042727 0.3243414 1.213848 0 0 0 50 100 142 255 
-0.8033513 0.3239456 1.125479 0 0 0 50 102 142 255 
-0.7289479 0.3173464 1.064492 0 0 0 36 134 142 255 
-0.7596473 0.2728728 1.083732 0 0 0 39 127 142 255 
-0.7767794 0.2342721 1.093044 0 0 0 46 109 142 255 
-0.8048646 0.1932426 1.111277 0 0 0 54 93 141 255 
-0.7732269 0.1733685 1.082427 0 0 0 36 134 142 255 
-0.7986538 0.1330163 1.098637 0 0 0 42 119 142 255 
-0.8061507 0.0980724 1.100324 0 0 0 51 98 141 255 
-0.8052264 0.06473104 1.097195 0 0 0 56 89 140 255 
-0.7774211 0.04331212 1.068119 0 0 0 34 139 141 255 
-0.7825086 0.008804806 1.069485 0 0 0 42 119 142 255 
-0.7803355 -0.02437875 1.063017 0 0 0 50 101 142 255 
-0.8204285 -0.06436376 1.09473 0 0 0 59 82 139 255 
-0.805764 -0.08835282 1.074579 0 0 0 39 127 142 255 
-0.807089 -0.1220212 1.073104 0 0 0 42 120 142 255 
-0.853814 -0.1607649 1.109493 0 0 0 55 90 140 255 
-0.8081648 -0.1875845 1.069118 0 0 0 62 76 138 255 
-0.8243284 -0.2154956 1.07413 0 0 0 39 128 142 255 
-0.8233032 -0.2481976 1.071225 0 0 0 46 111 142 255 
-0.8358166 -0.2822344 1.079051 0 0 0 53 95 141 255 
-0.8403901 -0.3157297 1.081286 0 0 0 54 92 141 255 
-0.8456656 -0.3414387 1.07609 0 0 0 40 125 142 255 
-0.8374634 -0.3739643 1.066495 0 0 0 44 115 142 255 
-0.8422168 -0.4068413 1.068389 0 0 0 51 99 141 255 
-0.8459027 -0.4392025 1.07049 0 0 0 59 81 139 255 
-0.8455641 -0.4659353 1.060988 0 0 0 37 132 142 255 
-0.8751973 -0.4982064 1.084388 0 0 0 43 116 142 255 
-0.8757542 -0.5308374 1.082259 0 0 0 50 101 142 255 
-0.8879293 -0.5633571 1.091634 0 0 0 57 86 140 255 
-0.8538874 -0.5896392 1.05228 0 0 0 37 132 142 255 
-0.8966061 -0.6214583 1.086822 0 0 0 45 112 142 255 
-0.8821374 -0.6477454 1.068329 0 0 0 49 103 142 255 
-0.8775736 -0.6870583 1.067162 0 0 0 54 92 141 255 
-0.8518432 -0.7161676 1.036663 0 0 0 32 146 140 255 
-0.8989522 -0.7446038 1.073859 0 0 0 43 117 142 255 
-0.8959596 -0.7774569 1.068783 0 0 0 46 110 142 255 
-0.9192436 -0.8078057 1.087164 0 0 0 53 95 141 255 
-0.8734134 -0.8399557 1.038844 0 0 0 34 140 141 255 
-0.9011193 -0.8693162 1.06053 0 0 0 42 119 142 255 
-0.9052189 -0.901332 1.061231 0 0 0 42 119 142 255 
-0.8946367 -0.9371919 1.049297 0 0 0 46 109 142 255 
-0.8862876 -0.9660706 1.035462 0 0 0 33 142 141 255 
-0.9138722 -0.9935248 1.055711 0 0 0 39 127 142 255 
-0.9279096 -1.024478 1.065053 0 0 0 42 119 142 255 
-0.9181644 -1.061299 1.052759 0 0 0 44 113 142 255 
-0.9031287 -1.092083 1.036207 0 0 0 33 144 141 255 
-0.9253138 -1.120258 1.050807 0 0 0 39 127 142 255 
-0.9121553 -1.158119 1.034864 0 0 0 38 129 142 255 
-0.9595646 -1.180777 1.072579 0 0 0 45 112 142 255 
-0.9031227 -1.224836 1.02061 0 0 0 36 135 142 255 
-0.9249981 -1.252433 1.03571 0 0 0 38 129 142 255 
-0.9409618 -1.283152 1.043591 0 0 0 46 111 142 255 
-0.9465802 -1.318211 1.041982 0 0 0 44 113 142 255 
-0.9067767 -1.360505 1.010841 0 0 0 37 132 142 255 
-0.9410913 -1.384793 1.034391 0 0 0 42 118 142 255 
-0.9549656 -1.416294 1.039188 0 0 0 47 108 142 255 
-0.9811714 -1.445174 1.054555 0 0 0 46 110 142 255 
-1.171126 0.3165938 1.464928 0 0 0 57 86 140 255 
-1.041173 0.3365801 1.365348 0 0 0 47 108 142 255 
-0.9720322 0.3269482 1.301772 0 0 0 49 103 142 255 
-0.8821472 0.3251529 1.22164 0 0 0 50 101 142 255 
-0.8258353 0.310344 1.170721 0 0 0 50 100 142 255 
-0.7420873 0.3068084 1.10286 0 0 0 36 135 142 255 
-0.7820181 0.26007 1.129432 0 0 0 40 125 142 255 
-0.781125 0.2269709 1.123878 0 0 0 45 113 142 255 
-0.8093604 0.1861848 1.142006 0 0 0 54 93 141 255 
-0.7775782 0.1664689 1.113393 0 0 0 37 131 142 255 
-0.7940411 0.1285686 1.122008 0 0 0 42 118 142 255 
-0.7924657 0.09583376 1.116158 0 0 0 48 105 142 255 
-0.8188938 0.05655297 1.135684 0 0 0 56 88 140 255 
-0.7726873 0.03915954 1.091719 0 0 0 37 132 142 255 
-0.7960669 0.001222029 1.108253 0 0 0 43 117 142 255 
-0.784753 -0.02996425 1.094269 0 0 0 48 105 142 255 
-0.8067895 -0.0665979 1.110549 0 0 0 57 86 140 255 
-0.8011513 -0.09205791 1.098136 0 0 0 39 127 142 255 
-0.8024901 -0.1256114 1.096682 0 0 0 42 118 142 255 
-0.8403117 -0.1629763 1.125148 0 0 0 54 92 141 255 
-0.8127371 -0.1920656 1.100421 0 0 0 62 74 137 255 
-0.828926 -0.2197841 1.105392 0 0 0 40 125 142 255 
-0.8279073 -0.2522603 1.102528 0 0 0 50 102 142 255 
-0.8313374 -0.2852631 1.10259 0 0 0 52 97 141 255 
-0.8359437 -0.3186391 1.104821 0 0 0 56 88 140 255 
-0.8320481 -0.3436687 1.091872 0 0 0 37 131 142 255 
-0.8329415 -0.3766764 1.090104 0 0 0 44 113 142 255 
-0.8468618 -0.4097953 1.09976 0 0 0 51 99 141 255 
-0.8779906 -0.4426684 1.125179 0 0 0 59 81 139 255 
-0.8319158 -0.4681716 1.076825 0 0 0 35 136 142 255 
-0.8617074 -0.5004182 1.100058 0 0 0 43 116 142 255 
-0.8713826 -0.5329744 1.105742 0 0 0 49 103 142 255 
-0.883628 -0.5653682 1.115058 0 0 0 58 84 140 255 
-0.8675305 -0.5910338 1.091589 0 0 0 38 130 142 255 
-0.8831903 -0.6236587 1.102413 0 0 0 45 113 142 255 
-0.8867724 -0.6489844 1.099693 0 0 0 50 101 142 255 
-0.909445 -0.6861466 1.122031 0 0 0 53 95 141 255 
-0.8381684 -0.7184116 1.052568 0 0 0 33 144 141 255 
-0.8945627 -0.7459756 1.097331 0 0 0 44 115 142 255 
-0.9096118 -0.7768236 1.10797 0 0 0 48 106 142 255 
-0.9059217 -0.8099947 1.102698 0 0 0 50 101 142 255 
-0.8778189 -0.8398803 1.070372 0 0 0 34 139 141 255 
-0.8876662 -0.8715252 1.0762 0 0 0 41 123 142 255 
-0.9187086 -0.8993957 1.100426 0 0 0 44 113 142 255 
-0.8990665 -0.9364117 1.080719 0 0 0 46 109 142 255 
-0.8816684 -0.9667069 1.059111 0 0 0 34 139 141 255 
-0.9182891 -0.992327 1.087046 0 0 0 41 123 142 255 
-0.9234613 -1.024856 1.088467 0 0 0 41 121 142 255 
-0.9225209 -1.059634 1.084076 0 0 0 47 108 142 255 
-0.898501 -1.092275 1.05979 0 0 0 34 141 141 255 
-0.911923 -1.12246 1.066437 0 0 0 38 129 142 255 
-0.916322 -1.155829 1.066232 0 0 0 39 127 142 255 
-0.9463363 -1.182952 1.088026 0 0 0 45 112 142 255 
-0.9071529 -1.222134 1.052031 0 0 0 35 136 142 255 
-0.9203314 -1.252067 1.059197 0 0 0 38 129 142 255 
-0.9537674 -1.277287 1.082576 0 0 0 44 114 142 255 
-0.9419213 -1.3176 1.065356 0 0 0 44 115 142 255 
-0.9192964 -1.354025 1.049976 0 0 0 38 130 142 255 
-0.94502 -1.380965 1.065555 0 0 0 42 119 142 255 
-0.9674757 -1.409103 1.078022 0 0 0 47 108 142 255 
-0.9765322 -1.4441 1.077731 0 0 0 44 113 142 255 
-1.159551 0.3146913 1.478435 0 0 0 59 82 139 255 
-1.038025 0.3313928 1.38686 0 0 0 44 115 142 255 
-0.9504044 0.3279345 1.309235 0 0 0 48 106 142 255 
-0.878154 0.3200578 1.244202 0 0 0 49 103 142 255 
-0.8124732 0.308145 1.186343 0 0 0 58 84 140 255 
-0.7465085 0.2990576 1.133657 0 0 0 36 135 142 255 
-0.7593236 0.2604579 1.137984 0 0 0 39 126 142 255 
-0.7766393 0.2222149 1.147195 0 0 0 46 111 142 255 
-0.7867585 0.1863694 1.150374 0 0 0 53 95 141 255 
-0.7913532 0.1572911 1.151653 0 0 0 39 127 142 255 
-0.7804723 0.1263331 1.137902 0 0 0 44 114 142 255 
-0.7971855 0.08942589 1.147022 0 0 0 49 104 142 255 
-0.8146105 0.05236439 1.158949 0 0 0 56 89 140 255 
-0.7773147 0.03314481 1.122807 0 0 0 37 131 142 255 
-0.8008307 -0.004549161 1.139247 0 0 0 42 118 142 255 
-0.8170007 -0.04047256 1.14803 0 0 0 50 102 142 255 
-0.8116261 -0.07191067 1.141573 0 0 0 58 84 140 255 
-0.8059171 -0.0971941 1.129253 0 0 0 39 126 142 255 
-0.7980838 -0.1291859 1.120233 0 0 0 43 117 142 255 
-0.8360996 -0.1664085 1.148498 0 0 0 55 91 141 255 
-0.8083957 -0.195408 1.123963 0 0 0 62 74 137 255 
-0.7970433 -0.2199779 1.105931 0 0 0 38 130 142 255 
-0.8328001 -0.256291 1.133693 0 0 0 48 106 142 255 
-0.8362489 -0.2890634 1.13377 0 0 0 53 95 141 255 
-0.8040907 -0.3195183 1.105301 0 0 0 56 88 140 255 
-0.8369024 -0.3470619 1.123135 0 0 0 39 126 142 255 
-0.8561723 -0.3807712 1.136805 0 0 0 45 113 142 255 
-0.8517929 -0.4127183 1.130991 0 0 0 51 98 141 255 
-0.8555353 -0.4446226 1.133089 0 0 0 58 83 139 255 
-0.8367082 -0.4706974 1.10822 0 0 0 35 137 142 255 
-0.8574818 -0.5026624 1.123552 0 0 0 44 115 142 255 
-0.8763664 -0.5350128 1.136944 0 0 0 51 99 141 255 
-0.8611969 -0.5677618 1.122955 0 0 0 56 89 140 255 
-0.8632715 -0.5929579 1.115112 0 0 0 38 129 142 255 
-0.8972764 -0.6246411 1.1414 0 0 0 46 109 142 255 
-0.873449 -0.651184 1.115355 0 0 0 51 99 141 255 
-0.8871537 -0.6889593 1.129801 0 0 0 55 91 141 255 
-0.8519058 -0.7184718 1.091909 0 0 0 33 142 141 255 
-0.8903652 -0.7473314 1.120775 0 0 0 44 113 142 255 
-0.9145633 -0.7770985 1.139121 0 0 0 46 109 142 255 
-0.8926952 -0.8121834 1.118312 0 0 0 50 100 142 255 
-0.8825108 -0.8397729 1.10176 0 0 0 34 139 141 255 
-0.9014165 -0.8699065 1.11533 0 0 0 42 118 142 255 
-0.9055111 -0.9015796 1.116001 0 0 0 44 113 142 255 
-0.8947751 -0.9371068 1.104216 0 0 0 45 112 142 255 
-0.8952117 -0.9641297 1.098313 0 0 0 34 140 141 255 
-0.9050571 -0.9945166 1.102664 0 0 0 39 127 142 255 
-0.9192024 -1.025218 1.11185 0 0 0 44 113 142 255 
-0.9182324 -1.05988 1.107476 0 0 0 44 114 142 255 
-0.8940628 -1.092451 1.083347 0 0 0 34 141 141 255 
-0.9164044 -1.120371 1.097694 0 0 0 39 127 142 255 
-0.9207728 -1.153508 1.097465 0 0 0 40 125 142 255 
-0.9597204 -1.177998 1.126837 0 0 0 46 111 142 255 
-0.9202873 -1.21693 1.091067 0 0 0 35 137 142 255 
-0.9334478 -1.246524 1.098144 0 0 0 38 130 142 255 
-0.9494141 -1.276765 1.105839 0 0 0 45 113 142 255 
-0.9549188 -1.311349 1.104169 0 0 0 44 114 142 255 
-0.9147413 -1.35332 1.073452 0 0 0 39 126 142 255 
-0.9318475 -1.383151 1.081176 0 0 0 42 120 142 255 
-0.9630474 -1.408137 1.101217 0 0 0 48 106 142 255 
-0.9806959 -1.439756 1.108573 0 0 0 46 110 142 255 
-1.139001 0.3160507 1.484851 0 0 0 59 82 139 255 
-1.035058 0.3262205 1.40834 0 0 0 44 115 142 255 
-0.9469786 0.3228069 1.33129 0 0 0 48 106 142 255 
-0.8743455 0.3149768 1.266734 0 0 0 52 97 141 255 
-0.7718378 0.3144303 1.180257 0 0 0 54 93 141 255 
-0.7420711 0.2940715 1.157045 0 0 0 37 133 142 255 
-0.764095 0.2529758 1.168643 0 0 0 41 122 142 255 
-0.7998343 0.2099513 1.192476 0 0 0 45 113 142 255 
-0.7916825 0.1793504 1.180997 0 0 0 54 92 141 255 
-0.7779517 0.1550668 1.167551 0 0 0 38 130 142 255 
-0.8037745 0.1153423 1.183465 0 0 0 44 114 142 255 
-0.7837908 0.08720282 1.162915 0 0 0 48 106 142 255 
-0.7920927 0.05211858 1.167315 0 0 0 57 86 140 255 
-0.7914422 0.02529086 1.161213 0 0 0 37 132 142 255 
-0.7966563 -0.008531116 1.16263 0 0 0 43 117 142 255 
-0.812902 -0.04432913 1.171348 0 0 0 53 95 141 255 
-0.7982755 -0.07412922 1.157446 0 0 0 56 89 140 255 
-0.810968 -0.1022991 1.160231 0 0 0 41 123 142 255 
-0.8123465 -0.1353935 1.158843 0 0 0 44 113 142 255 
-0.8043546 -0.1661859 1.149148 0 0 0 54 92 141 255 
-0.8412373 -0.2031323 1.177748 0 0 0 63 72 137 255 
-0.8112664 -0.2252429 1.144729 0 0 0 38 129 142 255 
-0.8287342 -0.2593966 1.157116 0 0 0 49 104 142 255 
-0.8322014 -0.2920525 1.157198 0 0 0 54 92 141 255 
-0.8183807 -0.3237474 1.144185 0 0 0 57 85 140 255 
-0.8420417 -0.3504239 1.154256 0 0 0 41 123 142 255 
-0.8429449 -0.3829695 1.152539 0 0 0 45 112 142 255 
-0.8477774 -0.4152657 1.154423 0 0 0 53 94 141 255 
-0.8607821 -0.447285 1.164178 0 0 0 59 82 139 255 
-0.8417857 -0.473192 1.139474 0 0 0 38 130 142 255 
-0.871878 -0.5049395 1.16239 0 0 0 44 113 142 255 
-0.8724241 -0.5371104 1.160312 0 0 0 50 102 142 255 
-0.8940127 -0.5689293 1.177203 0 0 0 61 78 138 255 
-0.8500158 -0.5951622 1.130894 0 0 0 39 127 142 255 
-0.8750135 -0.6272312 1.149273 0 0 0 46 110 142 255 
-0.8877296 -0.6518717 1.154274 0 0 0 51 99 141 255 
-0.9015406 -0.6892208 1.16862 0 0 0 57 86 140 255 
-0.8660238 -0.7184849 1.130996 0 0 0 35 137 142 255 
-0.9046342 -0.7469743 1.15965 0 0 0 45 112 142 255 
-0.8832868 -0.7811929 1.139207 0 0 0 49 104 142 255 
-0.9342652 -0.8079012 1.180377 0 0 0 55 90 140 255 
-0.8783905 -0.8408042 1.125269 0 0 0 37 133 142 255 
-0.9064627 -0.8695244 1.146471 0 0 0 45 113 142 255 
-0.9286847 -0.8981761 1.162595 0 0 0 47 107 142 255 
-0.9268848 -0.931729 1.158603 0 0 0 54 92 141 255 
-0.8910686 -0.9647189 1.121794 0 0 0 36 134 142 255 
-0.9279761 -0.9898375 1.149296 0 0 0 41 123 142 255 
-0.9421181 -1.020067 1.158389 0 0 0 47 107 142 255 
-0.9320823 -1.05621 1.146292 0 0 0 51 98 141 255 
-0.9077315 -1.088528 1.122314 0 0 0 41 123 142 255 
-0.9390352 -1.113944 1.144245 0 0 0 44 113 142 255 
-0.9522358 -1.144351 1.151692 0 0 0 47 108 142 255 
-0.9557057 -1.177765 1.149985 0 0 0 51 98 141 255 
-0.9337938 -1.21168 1.129853 0 0 0 50 100 142 255 
-0.955777 -1.238347 1.144531 0 0 0 52 97 141 255 
-0.9716845 -1.26812 1.152125 0 0 0 57 86 140 255 
-0.9858455 -1.29941 1.158095 0 0 0 55 90 140 255 
-0.9542229 -1.33801 1.135168 0 0 0 68 59 132 255 
-0.988657 -1.361098 1.158072 0 0 0 67 62 133 255 
-0.9849048 -1.397729 1.147317 0 0 0 62 73 137 255 
-1.028439 -1.419074 1.177475 0 0 0 58 84 140 255 
-1.023135 0.3242269 1.422674 0 0 0 42 119 142 255 
-0.9437346 0.3176947 1.353312 0 0 0 56 88 140 255 
-0.8615679 0.3128435 1.282056 0 0 0 50 101 142 255 
-0.7401949 0.3178488 1.181788 0 0 0 40 124 142 255 
-0.7561994 0.2836486 1.194851 0 0 0 37 133 142 255 
-0.7783463 0.2429136 1.206418 0 0 0 40 125 142 255 
-0.7682366 0.2127491 1.193749 0 0 0 45 113 142 255 
-0.7968885 0.1723616 1.211484 0 0 0 52 97 141 255 
-0.7738786 0.1505484 1.190849 0 0 0 38 130 142 255 
-0.7905877 0.1131383 1.199304 0 0 0 44 115 142 255 
-0.7797393 0.08291116 1.186251 0 0 0 50 102 142 255 
-0.8158724 0.04207809 1.212771 0 0 0 59 82 139 255 
-0.7689035 0.02493346 1.169766 0 0 0 36 134 142 255 
-0.8019429 -0.01424727 1.193402 0 0 0 44 115 142 255 
-0.79972 -0.0465339 1.187202 0 0 0 52 97 141 255 
-0.8500016 -0.08701368 1.225554 0 0 0 58 84 140 255 
-0.7884684 -0.1030782 1.168647 0 0 0 39 127 142 255 
-0.8084172 -0.1389208 1.182227 0 0 0 44 113 142 255 
-0.8189617 -0.1720199 1.187609 0 0 0 54 92 141 255 
-0.8281707 -0.2053207 1.193495 0 0 0 62 73 137 255 
-0.8072963 -0.2284603 1.168204 0 0 0 40 125 142 255 
-0.8527296 -0.2651452 1.203143 0 0 0 55 91 141 255 
-0.8747993 -0.298885 1.218372 0 0 0 69 55 129 255 
-0.8888114 -0.3318651 1.228193 0 0 0 72 35 116 255 
-0.8660278 -0.3548865 1.200408 0 0 0 52 96 141 255 
-0.8947746 -0.3883218 1.221515 0 0 0 65 68 135 255 
-0.8903503 -0.4194779 1.21583 0 0 0 68 57 131 255 
-0.92199 -0.4512552 1.240752 0 0 0 72 33 115 255 
-0.8842109 -0.4761715 1.201085 0 0 0 55 91 141 255 
-0.9144379 -0.5072194 1.22386 0 0 0 66 63 133 255 
-0.8779312 -0.5390931 1.191284 0 0 0 71 42 122 255 
-0.8996308 -0.5706623 1.208059 0 0 0 72 29 111 255 
-0.9107438 -0.5949346 1.208001 0 0 0 61 77 138 255 
-0.9081248 -0.6273074 1.203289 0 0 0 70 50 126 255 
-0.9208209 -0.651489 1.208273 0 0 0 72 29 111 255 
-0.9255197 -0.6887857 1.214844 0 0 0 71 17 100 255 
-0.9265097 -0.7147333 1.208184 0 0 0 67 61 132 255 
-0.9284646 -0.7457136 1.205943 0 0 0 72 41 121 255 
-0.9110329 -0.83711 1.179477 0 0 0 71 46 124 255 
-0.9325084 -0.95722 1.183639 0 0 0 72 32 113 255 
-0.9412696 -1.275676 1.152276 0 0 0 72 28 110 255 
-0.9555459 -1.307192 1.158182 0 0 0 72 20 103 255 
-0.923824 -1.346012 1.135516 0 0 0 70 51 127 255 
-0.9848193 -1.360186 1.181013 0 0 0 72 41 121 255 
-0.9985559 -1.427709 1.177432 0 0 0 71 13 96 255 
-0.9745851 0.3348533 1.408854 0 0 0 41 121 142 255 
-0.8947188 0.3277707 1.339835 0 0 0 60 80 139 255 
-0.848884 0.3107106 1.297457 0 0 0 51 99 141 255 
-0.7361139 0.3128006 1.205083 0 0 0 39 127 142 255 
-0.7614663 0.2759902 1.225242 0 0 0 38 130 142 255 
-0.7559932 0.2433106 1.215163 0 0 0 41 123 142 255 
-0.7643209 0.2080397 1.216983 0 0 0 44 113 142 255 
-0.774579 0.1725474 1.220096 0 0 0 52 96 141 255 
-0.7792722 0.1437582 1.221379 0 0 0 38 129 142 255 
-0.7682142 0.1131082 1.207941 0 0 0 41 121 142 255 
-0.7851713 0.07657333 1.216866 0 0 0 48 105 142 255 
-0.821508 0.03599607 1.243216 0 0 0 59 81 139 255 
-0.7835982 0.01714208 1.207892 0 0 0 38 130 142 255 
-0.7795645 -0.01470609 1.201946 0 0 0 44 114 142 255 
-0.7866357 -0.04873841 1.203135 0 0 0 51 98 141 255 
-0.7998559 -0.08311295 1.211621 0 0 0 59 82 139 255 
-0.8032731 -0.1095674 1.206927 0 0 0 40 124 142 255 
-0.8046792 -0.142432 1.205579 0 0 0 45 113 142 255 
-0.8339448 -0.1778071 1.225815 0 0 0 55 90 140 255 
-0.8338847 -0.2096758 1.224235 0 0 0 64 69 136 255 
-0.8128502 -0.2326539 1.199128 0 0 0 39 126 142 255 
-0.827899 -0.541684 1.176638 0 0 0 64 70 136 255 
-0.8404289 -0.5739214 1.185708 0 0 0 66 64 134 255 
-0.8794902 -0.5976991 1.208294 0 0 0 59 82 139 255 
-0.876873 -0.6303105 1.203607 0 0 0 61 78 138 255 
-0.8666084 -0.6942027 1.192275 0 0 0 71 17 100 255 
-0.8676591 -0.7206228 1.185557 0 0 0 72 32 113 255 
-0.8615319 -0.8440037 1.164568 0 0 0 72 35 116 255 
-0.9013304 -0.9360374 1.189758 0 0 0 72 33 115 255 
-0.9380986 -0.9561164 1.214399 0 0 0 72 40 120 255 
-0.9296834 -0.9889548 1.203352 0 0 0 72 40 120 255 
-0.8984727 -1.028056 1.174201 0 0 0 72 36 117 255 
-0.9065 -1.060524 1.177491 0 0 0 71 42 122 255 
-0.8909387 -1.090828 1.161448 0 0 0 68 57 131 255 
-0.9225097 -1.116084 1.183014 0 0 0 70 51 127 255 
-0.9448081 -1.144074 1.197919 0 0 0 70 50 126 255 
-0.9661901 -1.172455 1.211378 0 0 0 72 37 118 255 
-0.9081647 -1.216006 1.161165 0 0 0 66 64 134 255 
-0.9392839 -1.240035 1.183174 0 0 0 68 58 131 255 
-0.9374761 -1.275108 1.175447 0 0 0 64 69 136 255 
-0.9606424 -1.303661 1.188844 0 0 0 61 77 138 255 
-0.9110613 -1.348178 1.151251 0 0 0 62 73 137 255 
-0.9282137 -1.377526 1.158683 0 0 0 66 64 134 255 
-0.9508789 -1.405147 1.170628 0 0 0 72 40 120 255 
-0.9510883 -1.442927 1.162626 0 0 0 72 32 113 255 
-1.018001 0.3139448 1.465565 0 0 0 44 113 142 255 
-0.9285565 0.3105436 1.390219 0 0 0 49 104 142 255 
-0.8455423 0.3056617 1.320008 0 0 0 50 101 142 255 
-0.750741 0.3021575 1.242547 0 0 0 42 118 142 255 
-0.7670122 0.2683621 1.255493 0 0 0 38 130 142 255 
-0.761516 0.2359053 1.245519 0 0 0 41 122 142 255 
-0.7791938 0.1983773 1.254517 0 0 0 46 109 142 255 
-0.79883 0.160852 1.264846 0 0 0 53 95 141 255 
-0.7756241 0.1392783 1.244561 0 0 0 39 128 142 255 
-0.7645078 0.1087311 1.231227 0 0 0 42 118 142 255 
-0.7815464 0.07232077 1.240085 0 0 0 48 105 142 255 
-0.8180749 0.031886 1.266248 0 0 0 59 82 139 255 
-0.7799612 0.01309175 1.231186 0 0 0 38 130 142 255 
-0.8039995 -0.02385124 1.247211 0 0 0 44 114 142 255 
-0.8017479 -0.05580332 1.241124 0 0 0 50 100 142 255 
-0.8150621 -0.0898317 1.249584 0 0 0 59 81 139 255 
-0.8184531 -0.1160094 1.24495 0 0 0 41 122 142 255 
-0.810507 -0.1472284 1.236271 0 0 0 44 114 142 255 
-0.8305416 -0.1811676 1.248985 0 0 0 56 89 140 255 
-0.8398783 -0.2139995 1.254826 0 0 0 62 73 137 255 
-0.7999305 -0.2348467 1.215061 0 0 0 38 130 142 255 
-0.8541315 -0.3355106 1.251846 0 0 0 72 31 112 255 
-0.8404191 -0.3592187 1.231809 0 0 0 69 56 130 255 
-0.8413354 -0.3913027 1.23015 0 0 0 70 50 126 255 
-0.8649903 -0.4237729 1.246989 0 0 0 72 41 121 255 
-0.8782196 -0.4550825 1.256567 0 0 0 72 32 113 255 
-0.8400129 -0.480258 1.217345 0 0 0 65 66 135 255 
-0.8518447 -0.5114796 1.224734 0 0 0 68 57 131 255 
-0.8617405 -0.5433069 1.23022 0 0 0 64 69 136 255 
-0.8275939 -0.5761068 1.20162 0 0 0 71 42 122 255 
-0.8668038 -0.5998554 1.223978 0 0 0 52 96 141 255 
-0.8641749 -0.63247 1.21932 0 0 0 62 74 137 255 
-0.8676711 -0.6573424 1.216594 0 0 0 71 47 125 255 
-0.8538735 -0.696372 1.208079 0 0 0 71 42 122 255 
-0.8827655 -0.7205175 1.224039 0 0 0 61 77 138 255 
-0.8754729 -0.7525955 1.214233 0 0 0 68 59 132 255 
-0.900127 -0.7818267 1.232032 0 0 0 70 52 128 255 
-0.887036 -0.8154261 1.219372 0 0 0 71 45 123 255 
-0.8764052 -0.8426088 1.203174 0 0 0 61 78 138 255 
-0.8956272 -0.8721106 1.21632 0 0 0 65 66 135 255 
-0.872108 -0.90747 1.194238 0 0 0 68 58 131 255 
-0.9070799 -0.9351155 1.220576 0 0 0 69 53 129 255 
-0.8889427 -0.9647613 1.199613 0 0 0 59 81 139 255 
-0.9080071 -0.992829 1.211332 0 0 0 66 65 134 255 
-0.9223199 -1.022796 1.220194 0 0 0 67 62 133 255 
-0.9029651 -1.060707 1.200763 0 0 0 68 58 131 255 
-0.9054931 -1.086803 1.199927 0 0 0 59 82 139 255 
-0.9099237 -1.11823 1.198657 0 0 0 65 68 135 255 
-0.923281 -1.148493 1.205894 0 0 0 64 69 136 255 
-0.9357631 -1.179381 1.211701 0 0 0 67 61 132 255 
-0.9135019 -1.213165 1.191996 0 0 0 61 77 138 255 
-0.9447163 -1.236949 1.213812 0 0 0 63 72 137 255 
-0.9338697 -1.274524 1.198586 0 0 0 66 63 133 255 
-0.9481832 -1.305786 1.204335 0 0 0 66 64 134 255 
-0.9251082 -1.341521 1.189528 0 0 0 64 69 136 255 
-0.9422168 -1.370522 1.196857 0 0 0 67 62 133 255 
-0.9825267 -1.391458 1.223622 0 0 0 71 47 125 255 
-0.9561268 -1.438499 1.193185 0 0 0 71 44 122 255 
-0.9693654 0.3245271 1.452221 0 0 0 44 114 142 255 
-0.9258128 0.3054704 1.412194 0 0 0 46 111 142 255 
-0.8238028 0.306445 1.328492 0 0 0 52 96 141 255 
-0.7471284 0.2971551 1.265673 0 0 0 46 110 142 255 
-0.7355459 0.2715763 1.25738 0 0 0 36 134 142 255 
-0.7579834 0.2311196 1.268648 0 0 0 40 124 142 255 
-0.7944357 0.1887612 1.291797 0 0 0 46 109 142 255 
-0.8328934 0.146852 1.316362 0 0 0 55 91 141 255 
-0.7815305 0.1325428 1.274861 0 0 0 40 125 142 255 
-0.7891167 0.09789598 1.276001 0 0 0 44 115 142 255 
-0.7781107 0.06808437 1.263274 0 0 0 47 107 142 255 
-0.8148281 0.02779181 1.289245 0 0 0 59 81 139 255 
-0.7765132 0.009056836 1.254446 0 0 0 38 130 142 255 
-0.7912693 -0.02602779 1.263108 0 0 0 45 113 142 255 
-0.798409 -0.05959594 1.264317 0 0 0 51 98 141 255 
-0.8212187 -0.09500263 1.280004 0 0 0 60 80 139 255 
-0.7869225 -0.1153636 1.24619 0 0 0 40 124 142 255 
-0.7977713 -0.1494066 1.252183 0 0 0 44 113 142 255 
-0.808473 -0.1821486 1.257455 0 0 0 55 91 141 255 
-0.8084244 -0.2140187 1.255902 0 0 0 63 71 136 255 
-0.8153798 -0.2399696 1.253168 0 0 0 41 123 142 255 
-0.841582 -0.3376605 1.26757 0 0 0 72 29 111 255 
-0.8183411 -0.3608412 1.240212 0 0 0 65 68 135 255 
-0.8381003 -0.3938954 1.253401 0 0 0 68 57 131 255 
-0.8430386 -0.4256067 1.255255 0 0 0 71 42 122 255 
-0.8469238 -0.4568191 1.257329 0 0 0 72 35 116 255 
-0.8273255 -0.4824297 1.233218 0 0 0 62 74 137 255 
-0.8674158 -0.513622 1.262926 0 0 0 68 58 131 255 
-0.8867435 -0.544973 1.275844 0 0 0 70 48 126 255 
-0.8712094 -0.5768619 1.262405 0 0 0 72 35 116 255 
-0.844842 -0.6023384 1.232254 0 0 0 62 76 138 255 
-0.8703062 -0.6337391 1.250087 0 0 0 68 57 131 255 
-0.8737733 -0.6584305 1.247371 0 0 0 71 45 123 255 
-0.8599414 -0.6971954 1.238936 0 0 0 72 38 119 255 
-0.8702366 -0.7226653 1.239755 0 0 0 60 80 139 255 
-0.8535758 -0.7556311 1.222503 0 0 0 66 64 134 255 
-0.8783639 -0.7849566 1.240163 0 0 0 69 53 129 255 
-0.8652252 -0.8186833 1.2276 0 0 0 71 46 124 255 
-0.8638088 -0.8447688 1.218981 0 0 0 61 78 138 255 
-0.8923914 -0.8729405 1.239533 0 0 0 66 63 133 255 
-0.9149976 -0.9010693 1.255149 0 0 0 67 62 133 255 
-0.9131052 -0.9341624 1.251243 0 0 0 71 47 125 255 
-0.8763855 -0.9669163 1.215396 0 0 0 62 76 138 255 
-0.9139262 -0.9914737 1.242027 0 0 0 65 68 135 255 
-0.8915603 -1.028652 1.220791 0 0 0 66 64 134 255 
-0.9087731 -1.058893 1.2315 0 0 0 68 57 131 255 
-0.9021366 -1.086877 1.223156 0 0 0 59 82 139 255 
-0.9338952 -1.111639 1.244349 0 0 0 63 72 137 255 
-0.901758 -1.152928 1.214058 0 0 0 65 66 135 255 
-0.9596455 -1.171849 1.25722 0 0 0 68 57 131 255 
-0.9281638 -1.207782 1.230151 0 0 0 60 79 138 255 
-0.9143323 -1.244309 1.214439 0 0 0 63 71 136 255 
-0.9304478 -1.273925 1.22169 0 0 0 66 63 133 255 
-0.9626975 -1.299357 1.242275 0 0 0 68 59 132 255 
-0.9395178 -1.334818 1.227548 0 0 0 66 64 134 255 
-0.9833215 -1.354293 1.25706 0 0 0 70 51 127 255 
-0.9703238 -1.393557 1.239017 0 0 0 71 45 123 255 
-0.9437605 -1.440624 1.208762 0 0 0 72 35 116 255 
-0.9856447 0.3131234 1.48763 0 0 0 45 113 142 255 
-0.8952783 0.3094485 1.413347 0 0 0 46 110 142 255 
-0.8394107 0.2956107 1.365007 0 0 0 58 84 140 255 
-0.7530518 0.2893794 1.295754 0 0 0 42 120 142 255 
-0.7508345 0.2612858 1.294567 0 0 0 37 132 142 255 
-0.7640151 0.2237693 1.298772 0 0 0 41 123 142 255 
-0.7724841 0.1890687 1.300607 0 0 0 46 111 142 255 
-0.792302 0.1517934 1.310777 0 0 0 53 95 141 255 
-0.7783033 0.1281026 1.297921 0 0 0 39 128 142 255 
-0.7859231 0.09357407 1.299053 0 0 0 44 114 142 255 
-0.8031466 0.05774932 1.307841 0 0 0 49 103 142 255 
-0.8117694 0.02371375 1.312208 0 0 0 60 80 139 255 
-0.7732546 0.005038604 1.277673 0 0 0 38 129 142 255 
-0.7975409 -0.03164137 1.293467 0 0 0 43 116 142 255 
-0.795258 -0.06337268 1.287474 0 0 0 52 97 141 255 
-0.8181883 -0.09864935 1.30305 0 0 0 61 77 138 255 
-0.8120763 -0.1231505 1.291219 0 0 0 40 124 142 255 
-0.8230037 -0.1567262 1.297213 0 0 0 46 111 142 255 
-0.8432399 -0.1901884 1.309765 0 0 0 57 86 140 255 
-0.8242729 -0.2193704 1.293707 0 0 0 61 78 138 255 
-0.8122615 -0.243107 1.276395 0 0 0 39 126 142 255 
-0.8859907 -0.343558 1.327384 0 0 0 72 35 116 255 
-0.8246617 -0.3640836 1.270883 0 0 0 66 63 133 255 
-0.8255905 -0.3960523 1.269248 0 0 0 68 57 131 255 
-0.8778687 -0.4292853 1.307952 0 0 0 71 42 122 255 
-0.8533936 -0.4593541 1.287902 0 0 0 72 32 113 255 
-0.8714283 -0.485188 1.293551 0 0 0 63 71 136 255 
-0.8739139 -0.5157314 1.293449 0 0 0 68 58 131 255 
-0.846122 -0.5474871 1.26924 0 0 0 71 46 124 255 
-0.8588433 -0.5789988 1.278129 0 0 0 72 35 116 255 
-0.88882 -0.6024899 1.292713 0 0 0 64 69 136 255 
-0.8767167 -0.6349761 1.280702 0 0 0 69 55 129 255 
-0.870755 -0.6600301 1.270555 0 0 0 71 46 124 255 
-0.8850857 -0.6966252 1.284501 0 0 0 72 37 118 255 
-0.8671846 -0.7240376 1.262989 0 0 0 62 76 138 255 
-0.8878956 -0.7533556 1.275646 0 0 0 67 61 132 255 
-0.8753215 -0.7860978 1.263379 0 0 0 69 55 129 255 
-0.871457 -0.8186033 1.258354 0 0 0 71 44 122 255 
-0.8792859 -0.8433024 1.25723 0 0 0 60 79 138 255 
-0.8800312 -0.8750768 1.255254 0 0 0 66 63 133 255 
-0.8934491 -0.9046236 1.263293 0 0 0 68 57 131 255 
-0.8730043 -0.9409428 1.244523 0 0 0 69 56 130 255 
-0.891705 -0.9641346 1.253614 0 0 0 61 77 138 255 
-0.9016399 -0.9935982 1.257667 0 0 0 63 72 137 255 
-0.90683 -1.025184 1.258925 0 0 0 63 72 137 255 
-0.9056582 -1.059035 1.254643 0 0 0 66 65 134 255 
-0.889782 -1.089015 1.238911 0 0 0 54 93 141 255 
-0.9033634 -1.118137 1.245049 0 0 0 60 80 139 255 
-0.9167878 -1.148152 1.252135 0 0 0 65 68 135 255 
-0.9293195 -1.17879 1.257807 0 0 0 69 53 129 255 
-0.9159107 -1.209905 1.245798 0 0 0 61 77 138 255 
-0.9292011 -1.238565 1.252415 0 0 0 61 77 138 255 
-0.945282 -1.267827 1.259569 0 0 0 67 62 133 255 
-0.9145514 -1.312892 1.228144 0 0 0 67 61 132 255 
-0.9542865 -1.328069 1.26531 0 0 0 68 59 132 255 
-0.9533893 -1.362512 1.257687 0 0 0 69 53 129 255 
-0.9492941 -1.398836 1.247117 0 0 0 71 47 125 255 
-0.9847803 -1.422952 1.2686 0 0 0 72 36 117 255 
-0.9742134 0.3111386 1.502269 0 0 0 45 112 142 255 
-0.8927641 0.3043834 1.435413 0 0 0 47 108 142 255 
-0.799106 0.3021817 1.359834 0 0 0 64 70 136 255 
-0.7592481 0.2816341 1.325691 0 0 0 45 112 142 255 
-0.7664869 0.2510407 1.331497 0 0 0 38 130 142 255 
-0.7703239 0.2164506 1.32875 0 0 0 41 123 142 255 
-0.7694108 0.1844379 1.323601 0 0 0 45 113 142 255 
-0.8176499 0.1402376 1.354752 0 0 0 56 89 140 255 
-0.7658085 0.1259357 1.313908 0 0 0 38 129 142 255 
-0.7829161 0.08926838 1.322068 0 0 0 43 117 142 255 
-0.7812747 0.05762915 1.316627 0 0 0 48 105 142 255 
-0.8088976 0.01965172 1.335134 0 0 0 57 85 140 255 
-0.7512103 0.004684009 1.286625 0 0 0 37 133 142 255 
-0.7945927 -0.03551223 1.31654 0 0 0 44 115 142 255 
-0.8017964 -0.06872993 1.317748 0 0 0 52 97 141 255 
-0.8153454 -0.1022798 1.326058 0 0 0 58 84 140 255 
-0.7996645 -0.125304 1.307109 0 0 0 39 126 142 255 
-0.79162 -0.1563164 1.298644 0 0 0 44 113 142 255 
-0.8309726 -0.1923189 1.325493 0 0 0 57 86 140 255 
-0.8214442 -0.2225695 1.31679 0 0 0 63 72 137 255 
-0.8283596 -0.2481505 1.314085 0 0 0 42 120 142 255 
-0.8262987 -0.342575 1.306528 0 0 0 72 36 117 255 
-0.8122443 -0.3662398 1.2868 0 0 0 64 69 136 255 
-0.832195 -0.3990318 1.299791 0 0 0 69 55 129 255 
-0.8276768 -0.4302108 1.294308 0 0 0 72 40 120 255 
-0.8886652 -0.462409 1.340278 0 0 0 72 28 110 255 
-0.8497136 -0.4872212 1.301894 0 0 0 64 70 136 255 
-0.8427263 -0.5178985 1.294441 0 0 0 69 55 129 255 
-0.8717253 -0.5490816 1.314499 0 0 0 70 48 126 255 
-0.8939846 -0.5798659 1.33068 0 0 0 72 31 112 255 
-0.876652 -0.6046049 1.30834 0 0 0 63 71 136 255 
-0.8644913 -0.6371024 1.296416 0 0 0 67 62 133 255 
-0.8490365 -0.6627141 1.278934 0 0 0 70 50 126 255 
-0.8729135 -0.6987458 1.300191 0 0 0 72 35 116 255 
-0.8643208 -0.7253937 1.286186 0 0 0 60 79 138 255 
-0.8851091 -0.7545832 1.298731 0 0 0 67 62 133 255 
-0.8818671 -0.786213 1.293944 0 0 0 70 51 127 255 
-0.8967454 -0.8162409 1.303725 0 0 0 72 38 119 255 
-0.8482797 -0.8478702 1.258224 0 0 0 62 74 137 255 
-0.8771244 -0.8758821 1.278448 0 0 0 65 66 135 255 
-0.8719092 -0.9081922 1.271628 0 0 0 67 61 132 255 
-0.8980088 -0.9368431 1.28995 0 0 0 70 50 126 255 
-0.9073911 -0.9613054 1.291563 0 0 0 61 77 138 255 
-0.9080194 -0.9921954 1.288172 0 0 0 50 102 142 255 
-0.9131956 -1.023548 1.289402 0 0 0 53 95 141 255 
-0.9304636 -1.053172 1.299903 0 0 0 58 84 140 255 
-0.9052085 -1.084888 1.276884 0 0 0 44 114 142 255 
-0.918768 -1.113667 1.282946 0 0 0 49 104 142 255 
-0.9321804 -1.143328 1.289948 0 0 0 64 70 136 255 
-0.9538354 -1.171179 1.302911 0 0 0 67 61 132 255 
-0.9311635 -1.204452 1.283598 0 0 0 62 76 138 255 
-0.9079884 -1.243312 1.260716 0 0 0 62 74 137 255 
-0.9241583 -1.272677 1.267788 0 0 0 67 61 132 255 
-0.9656618 -1.294959 1.295336 0 0 0 67 62 133 255 
-0.9242356 -1.336091 1.266209 0 0 0 67 61 132 255 
-0.9683816 -1.355385 1.295196 0 0 0 70 51 127 255 
-0.9730952 -1.388189 1.291969 0 0 0 71 42 122 255 
-0.9728658 -1.425031 1.283993 0 0 0 72 35 116 255 
-0.8716093 0.3053286 1.443808 0 0 0 49 104 142 255 
-0.7963263 0.2971655 1.382468 0 0 0 50 100 142 255 
-0.7657196 0.2739201 1.355479 0 0 0 46 110 142 255 
-0.7541367 0.2488825 1.347503 0 0 0 37 131 142 255 
-0.7674398 0.2117284 1.351664 0 0 0 41 123 142 255 
-0.7759992 0.1773698 1.353497 0 0 0 44 114 142 255 
-0.777032 0.1451423 1.349601 0 0 0 54 93 141 255 
-0.7534134 0.1237696 1.329973 0 0 0 37 131 142 255 
-0.7896038 0.08284362 1.35205 0 0 0 44 113 142 255 
-0.7784452 0.05344826 1.33965 0 0 0 48 105 142 255 
-0.7966818 0.01751534 1.350981 0 0 0 59 82 139 255 
-0.7768319 -0.004765809 1.331076 0 0 0 38 130 142 255 
-0.791832 -0.03936671 1.339576 0 0 0 44 113 142 255 
-0.8086093 -0.07405574 1.34787 0 0 0 53 95 141 255 
-0.8031347 -0.1044169 1.341919 0 0 0 60 80 139 255 
-0.7969 -0.1288418 1.330207 0 0 0 42 120 142 255 
-0.7983828 -0.1610167 1.328963 0 0 0 44 115 142 255 
-0.8092435 -0.1932896 1.334137 0 0 0 55 90 140 255 
-0.7996709 -0.2236625 1.325496 0 0 0 64 70 136 255 
-0.7970307 -0.2483794 1.315544 0 0 0 39 128 142 255 
-0.8427859 -0.3465424 1.344084 0 0 0 72 35 116 255 
-0.8476929 -0.3709917 1.339006 0 0 0 67 61 132 255 
-0.8486297 -0.4023826 1.337427 0 0 0 69 55 129 255 
-0.8440908 -0.4332233 1.332007 0 0 0 72 40 120 255 
-0.8671657 -0.4643276 1.348584 0 0 0 72 24 106 255 
-0.8470839 -0.4894339 1.324992 0 0 0 63 72 137 255 
-0.8782036 -0.5198842 1.346743 0 0 0 68 58 131 255 
-0.869194 -0.5510499 1.337498 0 0 0 71 45 123 255 
-0.891563 -0.5817004 1.353556 0 0 0 72 33 115 255 
-0.8835982 -0.6060176 1.338665 0 0 0 65 66 135 255 
-0.8808672 -0.6378225 1.33415 0 0 0 69 56 130 255 
-0.8747689 -0.6626208 1.324128 0 0 0 71 46 124 255 
-0.9082766 -0.6973842 1.352527 0 0 0 72 38 119 255 
-0.8711143 -0.7259431 1.316671 0 0 0 61 78 138 255 
-0.8825098 -0.7557943 1.321778 0 0 0 68 57 131 255 
-0.9075811 -0.7842616 1.339015 0 0 0 70 50 126 255 
-0.8941838 -0.8172143 1.326724 0 0 0 71 42 122 255 
-0.8642657 -0.846348 1.296224 0 0 0 60 80 139 255 
-0.8744045 -0.8766707 1.301601 0 0 0 66 64 134 255 
-0.906688 -0.9030696 1.324168 0 0 0 68 58 131 255 
-0.914096 -0.9342489 1.32766 0 0 0 70 50 126 255 
-0.8953919 -0.963412 1.30723 0 0 0 61 78 138 255 
-0.914675 -0.9907603 1.318522 0 0 0 49 103 142 255 
-0.9105237 -1.023766 1.312392 0 0 0 57 86 140 255 
-0.927849 -1.05326 1.322795 0 0 0 58 83 139 255 
-0.8931804 -1.087001 1.292618 0 0 0 58 84 140 255 
-0.925286 -1.111358 1.313253 0 0 0 50 100 142 255 
-0.92026 -1.145423 1.305542 0 0 0 62 73 137 255 
-0.9236122 -1.178134 1.30376 0 0 0 68 57 131 255 
-0.9192348 -1.20655 1.299224 0 0 0 61 77 138 255 
-0.9417071 -1.23222 1.312982 0 0 0 64 69 136 255 
-0.9304118 -1.269273 1.298073 0 0 0 67 62 133 255 
-0.9356692 -1.302783 1.296213 0 0 0 67 62 133 255 
-0.9485795 -1.326316 1.310989 0 0 0 70 51 127 255 
-0.9385106 -1.363626 1.29614 0 0 0 70 48 126 255 
-0.9522997 -1.393459 1.300161 0 0 0 72 37 118 255 
-0.9610485 -1.427108 1.29946 0 0 0 72 28 110 255 
-0.942181 0.3102833 1.525036 0 0 0 41 122 142 255 
-0.8599156 0.3032701 1.459148 0 0 0 48 106 142 255 
-0.8126581 0.2864103 1.418649 0 0 0 50 102 142 255 
-0.7724624 0.2662373 1.385118 0 0 0 44 113 142 255 
-0.7703771 0.2387078 1.384078 0 0 0 39 128 142 255 
-0.7742504 0.2044645 1.381398 0 0 0 41 122 142 255 
-0.7828609 0.1703324 1.383242 0 0 0 47 108 142 255 
-0.8029693 0.1336567 1.393215 0 0 0 55 90 140 255 
-0.760201 0.1171209 1.35996 0 0 0 39 128 142 255 
-0.7774616 0.08070516 1.367988 0 0 0 44 115 142 255 
-0.766243 0.05129922 1.355668 0 0 0 48 106 142 255 
-0.8037089 0.01157623 1.380869 0 0 0 59 81 139 255 
-0.7741805 -0.008727685 1.354134 0 0 0 38 130 142 255 
-0.7700905 -0.03981366 1.348532 0 0 0 43 117 142 255 
-0.8156975 -0.07934958 1.377836 0 0 0 52 97 141 255 
-0.8102186 -0.1094918 1.371957 0 0 0 61 77 138 255 
-0.8039177 -0.1337401 1.360341 0 0 0 41 121 142 255 
-0.795821 -0.164423 1.352041 0 0 0 44 113 142 255 
-0.8355457 -0.2000289 1.378479 0 0 0 57 86 140 255 
-0.8163484 -0.2289186 1.362836 0 0 0 64 69 136 255 
-0.7944314 -0.2514753 1.338712 0 0 0 39 128 142 255 
-0.8162634 -0.3161032 1.350546 0 0 0 72 32 113 255 
-0.8884656 -0.3522661 1.402848 0 0 0 72 32 113 255 
-0.8644887 -0.3746414 1.376337 0 0 0 67 62 133 255 
-0.8174416 -0.4037067 1.338828 0 0 0 69 55 129 255 
-0.841676 -0.4356249 1.355032 0 0 0 71 42 122 255 
-0.8840593 -0.466935 1.385891 0 0 0 72 32 113 255 
-0.8350568 -0.4915557 1.340823 0 0 0 63 71 136 255 
-0.8471646 -0.5220577 1.347943 0 0 0 69 56 130 255 
-0.8668479 -0.5530018 1.360453 0 0 0 71 46 124 255 
-0.8319023 -0.5851353 1.332987 0 0 0 72 32 113 255 
-0.8621593 -0.6084741 1.347071 0 0 0 65 68 135 255 
-0.8785151 -0.6394475 1.357096 0 0 0 68 58 131 255 
-0.9009536 -0.662464 1.368931 0 0 0 72 40 120 255 
-0.8869867 -0.7001681 1.360818 0 0 0 72 37 118 255 
-0.868667 -0.7272586 1.339727 0 0 0 62 74 137 255 
-0.8895956 -0.7560782 1.352053 0 0 0 67 61 132 255 
-0.8862939 -0.7873727 1.347332 0 0 0 70 50 126 255 
-0.8918055 -0.8181715 1.349679 0 0 0 71 46 124 255 
-0.8900716 -0.8435463 1.34123 0 0 0 63 72 137 255 
-0.8907578 -0.874751 1.339272 0 0 0 67 62 133 255 
-0.9042881 -0.9037037 1.347093 0 0 0 69 55 129 255 
-0.8740638 -0.9410657 1.321452 0 0 0 69 55 129 255 
-0.9116672 -0.9605117 1.34481 0 0 0 61 78 138 255 
-0.9122266 -0.9910728 1.341435 0 0 0 50 101 142 255 
-0.9267448 -1.02018 1.349889 0 0 0 57 86 140 255 
-0.934751 -1.051319 1.352916 0 0 0 60 80 139 255 
-0.8998802 -1.084907 1.322959 0 0 0 45 113 142 255 
-0.9320753 -1.109016 1.343404 0 0 0 54 92 141 255 
-0.8991687 -1.149847 1.31395 0 0 0 51 99 141 255 
-0.9302759 -1.175336 1.333931 0 0 0 68 58 131 255 
-0.8981802 -1.211188 1.30768 0 0 0 62 73 137 255 
-0.948364 -1.229001 1.343034 0 0 0 65 66 135 255 
-0.9644293 -1.257547 1.34991 0 0 0 68 59 132 255 
-0.932999 -1.301992 1.319086 0 0 0 68 59 132 255 
-0.9368764 -1.328394 1.32656 0 0 0 69 53 129 255 
-0.9539953 -1.356444 1.333401 0 0 0 70 51 127 255 
-0.922466 -1.401945 1.301339 0 0 0 72 35 116 255 
-0.9132857 -1.442473 1.286214 0 0 0 72 28 110 255 
-0.8578132 0.2982306 1.481263 0 0 0 47 108 142 255 
-0.7722996 0.2929232 1.414149 0 0 0 53 94 141 255 
-0.7509097 0.2668637 1.394318 0 0 0 47 107 142 255 
-0.7583552 0.2365737 1.400066 0 0 0 38 130 142 255 
-0.7622275 0.2023307 1.397375 0 0 0 41 123 142 255 
-0.7804303 0.1657654 1.406009 0 0 0 47 107 142 255 
-0.7623315 0.1385241 1.3885 0 0 0 51 98 141 255 
-0.7576763 0.1127379 1.382926 0 0 0 37 131 142 255 
-0.784608 0.07432865 1.397776 0 0 0 44 113 142 255 
-0.7829485 0.04312881 1.39249 0 0 0 50 102 142 255 
-0.8110081 0.005668975 1.410601 0 0 0 60 79 138 255 
-0.7813326 -0.0144741 1.384097 0 0 0 39 128 142 255 
-0.7964963 -0.04871476 1.392489 0 0 0 46 111 142 255 
-0.7941585 -0.07989029 1.386702 0 0 0 52 96 141 255 
-0.8175743 -0.1145349 1.401838 0 0 0 60 79 138 255 
-0.8208465 -0.1399761 1.397334 0 0 0 44 115 142 255 
-0.8127317 -0.170322 1.389134 0 0 0 44 113 142 255 
-0.8044072 -0.1998472 1.38017 0 0 0 55 90 140 255 
-0.8140779 -0.2320683 1.385796 0 0 0 63 71 136 255 
-0.8016659 -0.2554927 1.368916 0 0 0 39 127 142 255 
-0.833262 -0.3203572 1.387779 0 0 0 72 31 112 255 
-0.8478844 -0.3525534 1.39706 0 0 0 72 35 116 255 
-0.8430756 -0.376229 1.384887 0 0 0 66 63 133 255 
-0.8825886 -0.4089411 1.411876 0 0 0 70 50 126 255 
-0.8201669 -0.4374626 1.363733 0 0 0 71 44 122 255 
-0.882033 -0.469173 1.408631 0 0 0 72 26 108 255 
-0.8616339 -0.493943 1.385386 0 0 0 65 68 135 255 
-0.8449174 -0.5241236 1.370956 0 0 0 69 56 130 255 
-0.8743037 -0.554776 1.39054 0 0 0 71 46 124 255 
-0.8295867 -0.5869839 1.356129 0 0 0 72 28 110 255 
-0.8599217 -0.6102127 1.370056 0 0 0 63 71 136 255 
-0.8475787 -0.6425081 1.358405 0 0 0 67 61 132 255 
-0.8701255 -0.6656886 1.370092 0 0 0 71 44 122 255 
-0.8657067 -0.7029667 1.3693 0 0 0 72 37 118 255 
-0.8759633 -0.7277516 1.36995 0 0 0 62 76 138 255 
-0.86832 -0.759086 1.360526 0 0 0 67 61 132 255 
-0.8650157 -0.7904987 1.355837 0 0 0 70 52 128 255 
-0.8800914 -0.8202606 1.365379 0 0 0 71 45 123 255 
-0.8688162 -0.8468795 1.349729 0 0 0 61 77 138 255 
-0.9169586 -0.8714298 1.383889 0 0 0 66 64 134 255 
-0.9020709 -0.9043214 1.369972 0 0 0 68 57 131 255 
-0.9000637 -0.9368394 1.366177 0 0 0 70 52 128 255 
-0.8811202 -0.9659461 1.346007 0 0 0 61 77 138 255 
-0.9287961 -0.9877951 1.378746 0 0 0 51 99 141 255 
-0.9151299 -1.022251 1.365463 0 0 0 59 81 139 255 
-0.9325461 -1.051365 1.375666 0 0 0 61 77 138 255 
-0.8974918 -1.084892 1.345932 0 0 0 42 118 142 255 
-0.9297975 -1.108866 1.36619 0 0 0 53 94 141 255 
-0.9060196 -1.147273 1.344151 0 0 0 47 107 142 255 
-0.927923 -1.17496 1.356746 0 0 0 68 57 131 255 
-0.9234641 -1.2031 1.352259 0 0 0 62 74 137 255 
-0.9460491 -1.228408 1.365746 0 0 0 64 70 136 255 
-0.9345148 -1.265143 1.350998 0 0 0 67 62 133 255 
-0.9213344 -1.304074 1.334742 0 0 0 68 58 131 255 
-0.9252719 -1.330471 1.342204 0 0 0 69 55 129 255 
-0.9424453 -1.35851 1.348952 0 0 0 70 48 126 255 
-0.919835 -1.40083 1.324247 0 0 0 72 36 117 255 
-0.9829575 -1.414613 1.36631 0 0 0 72 28 110 255 
-0.8558905 0.2932074 1.503336 0 0 0 48 105 142 255 
-0.7413334 0.2965282 1.416743 0 0 0 38 129 142 255 
-0.7771916 0.2537178 1.437232 0 0 0 48 106 142 255 
-0.7464308 0.234441 1.416126 0 0 0 37 131 142 255 
-0.7598983 0.1976571 1.420172 0 0 0 41 121 142 255 
-0.7973961 0.1563528 1.44227 0 0 0 48 106 142 255 
-0.8080868 0.12247 1.445331 0 0 0 55 90 140 255 
-0.7553367 0.1083715 1.405853 0 0 0 39 127 142 255 
-0.8016614 0.06587134 1.434238 0 0 0 46 111 142 255 
-0.7710732 0.04100459 1.408484 0 0 0 47 107 142 255 
-0.7896029 0.005452909 1.419572 0 0 0 60 79 138 255 
-0.8080796 -0.02377462 1.427677 0 0 0 41 121 142 255 
-0.8040061 -0.05419265 1.422247 0 0 0 44 113 142 255 
-0.8016601 -0.08514347 1.416526 0 0 0 53 95 141 255 
-0.8058331 -0.1166379 1.417688 0 0 0 58 83 139 255 
-0.7994083 -0.140718 1.406216 0 0 0 41 121 142 255 
-0.8009408 -0.1724327 1.405039 0 0 0 46 110 142 255 
-0.8119576 -0.2042367 1.410107 0 0 0 58 84 140 255 
-0.7829018 -0.2321371 1.38773 0 0 0 64 69 136 255 
-0.8188629 -0.2604081 1.405976 0 0 0 41 121 142 255 
-0.8700104 -0.3259665 1.438806 0 0 0 72 35 116 255 
-0.8071375 -0.3528865 1.391693 0 0 0 72 31 112 255 
-0.8410437 -0.378823 1.407761 0 0 0 66 64 134 255 
-0.8226275 -0.4091069 1.392079 0 0 0 68 58 131 255 
-0.8470867 -0.4406444 1.408033 0 0 0 72 41 121 255 
-0.8511385 -0.4709359 1.410069 0 0 0 72 29 111 255 
-0.8499776 -0.4960317 1.40113 0 0 0 65 68 135 255 
-0.8428551 -0.5261728 1.393926 0 0 0 68 59 132 255 
-0.8433863 -0.5571944 1.392003 0 0 0 71 44 122 255 
-0.8660882 -0.5876752 1.407689 0 0 0 72 32 113 255 
-0.8482288 -0.6123086 1.385861 0 0 0 64 69 136 255 
-0.8743635 -0.6426476 1.402855 0 0 0 69 56 130 255 
-0.8584599 -0.6677796 1.385858 0 0 0 71 45 123 255 
-0.8925306 -0.7021815 1.413664 0 0 0 72 36 117 255 
-0.8643275 -0.7298397 1.385707 0 0 0 60 79 138 255 
-0.8758197 -0.7593288 1.390655 0 0 0 68 58 131 255 
-0.8916335 -0.7884352 1.400309 0 0 0 69 53 129 255 
-0.8876036 -0.8200359 1.395458 0 0 0 72 41 121 255 
-0.8857524 -0.8452377 1.387075 0 0 0 60 79 138 255 
-0.876884 -0.8775768 1.377969 0 0 0 66 65 134 255 
-0.871491 -0.9093452 1.371324 0 0 0 69 56 130 255 
-0.9170059 -0.9341419 1.403349 0 0 0 71 46 124 255 
-0.907373 -0.9613054 1.390488 0 0 0 62 73 137 255 
-0.898423 -0.9934422 1.379967 0 0 0 49 104 142 255 
-0.9224913 -1.020503 1.395423 0 0 0 62 74 137 255 
-0.911684 -1.055451 1.384063 0 0 0 59 82 139 255 
-0.9046879 -1.082741 1.376012 0 0 0 43 116 142 255 
-0.8995725 -1.11539 1.367484 0 0 0 51 99 141 255 
-0.9037856 -1.147013 1.367049 0 0 0 49 103 142 255 
-0.9257518 -1.174567 1.379518 0 0 0 69 53 129 255 
-0.9119535 -1.205173 1.36793 0 0 0 62 73 137 255 
-0.9160698 -1.235794 1.367042 0 0 0 63 71 136 255 
-0.9322773 -1.264432 1.37375 0 0 0 68 59 132 255 
-0.9374183 -1.297465 1.371823 0 0 0 68 57 131 255 
-0.9413789 -1.323565 1.379197 0 0 0 70 50 126 255 
-0.9218206 -1.36368 1.357485 0 0 0 70 48 126 255 
-0.972187 -1.38039 1.389631 0 0 0 72 35 116 255 
-0.9534487 -1.423325 1.367543 0 0 0 72 29 111 255 
-0.8349864 0.2941336 1.512186 0 0 0 46 111 142 255 
-0.7390742 0.2915397 1.439504 0 0 0 39 127 142 255 
-0.7558794 0.2543542 1.446523 0 0 0 44 114 142 255 
-0.7634797 0.2243608 1.452238 0 0 0 38 130 142 255 
-0.7673889 0.1904646 1.449614 0 0 0 42 120 142 255 
-0.7761189 0.1566808 1.451415 0 0 0 47 107 142 255 
-0.7868343 0.1226933 1.454402 0 0 0 54 93 141 255 
-0.7918637 0.09514727 1.455737 0 0 0 40 124 142 255 
-0.780349 0.06587873 1.443335 0 0 0 42 118 142 255 
-0.7689855 0.03688946 1.431344 0 0 0 50 101 142 255 
-0.7973126 -0.0004137382 1.449159 0 0 0 60 79 138 255 
-0.7673385 -0.02051554 1.423057 0 0 0 39 128 142 255 
-0.8020724 -0.05796606 1.444999 0 0 0 45 112 142 255 
-0.7997124 -0.08880641 1.439325 0 0 0 52 97 141 255 
-0.794189 -0.1187401 1.43361 0 0 0 56 88 140 255 
-0.8071553 -0.1455357 1.435988 0 0 0 41 122 142 255 
-0.7892469 -0.1745428 1.421015 0 0 0 43 117 142 255 
-0.8003109 -0.2063389 1.42603 0 0 0 55 90 140 255 
-0.8003539 -0.2373042 1.424648 0 0 0 63 71 136 255 
-0.8169509 -0.2634312 1.428839 0 0 0 41 122 142 255 
-0.8488599 -0.3273342 1.447449 0 0 0 72 37 118 255 
-0.8344138 -0.3573108 1.435651 0 0 0 72 27 109 255 
-0.8586543 -0.3823761 1.444606 0 0 0 67 61 132 255 
-0.8596117 -0.4130737 1.443106 0 0 0 69 53 129 255 
-0.854997 -0.4432465 1.437888 0 0 0 71 42 122 255 
-0.8104413 -0.4725835 1.404789 0 0 0 72 27 109 255 
-0.8384194 -0.4981191 1.416946 0 0 0 65 68 135 255 
-0.8701055 -0.5280212 1.438002 0 0 0 69 55 129 255 
-0.8415065 -0.5591121 1.414941 0 0 0 71 44 122 255 
-0.8352114 -0.5903378 1.409332 0 0 0 72 27 109 255 
-0.8656853 -0.6132571 1.422967 0 0 0 64 69 136 255 
-0.8532109 -0.645222 1.411505 0 0 0 68 58 131 255 
-0.8468928 -0.6698694 1.401697 0 0 0 71 42 122 255 
-0.8521636 -0.706425 1.408069 0 0 0 71 42 122 255 
-0.8624344 -0.7311051 1.40863 0 0 0 60 79 138 255 
-0.8835896 -0.7595392 1.420619 0 0 0 67 61 132 255 
-0.8609731 -0.7925996 1.401805 0 0 0 70 51 127 255 
-0.8761696 -0.8221071 1.411183 0 0 0 71 45 123 255 
-0.874279 -0.8473136 1.402822 0 0 0 61 77 138 255 
-0.8940932 -0.875553 1.415096 0 0 0 66 63 133 255 
-0.9077455 -0.9040244 1.422697 0 0 0 68 57 131 255 
-0.9056754 -0.9361952 1.418943 0 0 0 70 50 126 255 
-0.8959772 -0.9633691 1.406153 0 0 0 62 74 137 255 
-0.9249876 -0.9883062 1.424115 0 0 0 50 100 142 255 
-0.9396031 -1.016806 1.43232 0 0 0 64 69 136 255 
-0.9097574 -1.05548 1.406838 0 0 0 62 76 138 255 
-0.8932639 -1.084812 1.391746 0 0 0 42 120 142 255 
-0.9257885 -1.108516 1.411626 0 0 0 49 103 142 255 
-0.9111275 -1.144384 1.396987 0 0 0 49 104 142 255 
-0.9237625 -1.174158 1.402245 0 0 0 68 58 131 255 
-0.9098905 -1.204681 1.390745 0 0 0 62 73 137 255 
-0.9512827 -1.2245 1.418104 0 0 0 63 71 136 255 
-0.9488045 -1.25813 1.410584 0 0 0 66 63 133 255 
-0.926074 -1.299523 1.38745 0 0 0 68 58 131 255 
-0.9670795 -1.313612 1.422949 0 0 0 70 50 126 255 
-0.9380558 -1.356412 1.394332 0 0 0 71 45 123 255 
-0.9518157 -1.385647 1.398051 0 0 0 72 29 111 255 
-0.9421399 -1.425375 1.383126 0 0 0 72 27 109 255 
-0.7562628 0.2808705 1.475351 0 0 0 39 126 142 255 
-0.7538778 0.2495035 1.469181 0 0 0 47 108 142 255 
-0.7518792 0.2222525 1.468271 0 0 0 37 131 142 255 
-0.7751464 0.1833038 1.478896 0 0 0 42 118 142 255 
-0.7548565 0.1569951 1.460748 0 0 0 45 112 142 255 
-0.8141034 0.1113805 1.497042 0 0 0 56 88 140 255 
-0.7609227 0.0974758 1.458269 0 0 0 40 125 142 255 
-0.7784947 0.06167867 1.466049 0 0 0 44 113 142 255 
-0.7962771 0.02683761 1.474367 0 0 0 50 102 142 255 
-0.7955472 -0.004377522 1.471834 0 0 0 59 82 139 255 
-0.7654272 -0.02441145 1.445944 0 0 0 38 130 142 255 
-0.7808104 -0.05839349 1.454132 0 0 0 46 110 142 255 
-0.8077097 -0.09400339 1.468883 0 0 0 52 96 141 255 
-0.8021829 -0.1237181 1.463241 0 0 0 59 81 139 255 
-0.8054034 -0.1489755 1.458755 0 0 0 41 122 142 255 
-0.8167447 -0.1815765 1.464478 0 0 0 46 110 142 255 
-0.8278702 -0.2129187 1.469492 0 0 0 57 86 140 255 
-0.8083774 -0.2414179 1.454408 0 0 0 61 77 138 255 
-0.7956708 -0.2646083 1.437856 0 0 0 39 127 142 255 
-0.8864037 -0.3328324 1.497792 0 0 0 72 40 120 255 
-0.8719131 -0.3622418 1.48613 0 0 0 72 36 117 255 
-0.8570763 -0.3849207 1.467269 0 0 0 67 62 133 255 
-0.8482682 -0.4151385 1.458828 0 0 0 70 52 128 255 
-0.824097 -0.444815 1.439723 0 0 0 72 38 119 255 
-0.8282021 -0.4751007 1.441736 0 0 0 72 31 112 255 
-0.8854944 -0.5004647 1.474754 0 0 0 64 70 136 255 
-0.8587879 -0.5300826 1.453709 0 0 0 69 56 130 255 
-0.8495584 -0.5608282 1.444828 0 0 0 71 47 125 255 
-0.8627245 -0.5912262 1.453269 0 0 0 72 29 111 255 
-0.864045 -0.6149373 1.445754 0 0 0 66 65 134 255 
-0.8709444 -0.645781 1.448425 0 0 0 69 56 130 255 
-0.8742495 -0.6695679 1.445728 0 0 0 71 45 123 255 
-0.8601596 -0.7070379 1.438002 0 0 0 72 38 119 255 
-0.8897857 -0.7298663 1.452604 0 0 0 61 78 138 255 
-0.8916273 -0.7597175 1.450417 0 0 0 67 61 132 255 
-0.8495644 -0.7946811 1.41768 0 0 0 70 52 128 255 
-0.9130853 -0.818318 1.462154 0 0 0 71 42 122 255 
-0.9014254 -0.8443369 1.446826 0 0 0 61 78 138 255 
-0.9116547 -0.8734815 1.451941 0 0 0 66 63 133 255 
-0.8869177 -0.9075643 1.431292 0 0 0 69 56 130 255 
-0.9040259 -0.9366404 1.441647 0 0 0 70 48 126 255 
-0.8942419 -0.9637322 1.428933 0 0 0 61 77 138 255 
-0.9138095 -0.9903472 1.439685 0 0 0 50 100 142 255 
-0.8903893 -1.026536 1.419649 0 0 0 66 63 133 255 
-0.9080111 -1.055493 1.429564 0 0 0 57 86 140 255 
-0.8914224 -1.084748 1.414584 0 0 0 43 117 142 255 
-0.9051327 -1.112807 1.420209 0 0 0 54 93 141 255 
-0.9092975 -1.144083 1.419735 0 0 0 46 109 142 255 
-0.9031329 -1.178685 1.410878 0 0 0 68 57 131 255 
-0.8986168 -1.206743 1.406499 0 0 0 63 71 136 255 
-0.9589149 -1.221169 1.44763 0 0 0 65 66 135 255 
-0.9283426 -1.262959 1.419118 0 0 0 68 58 131 255 
-0.9241256 -1.298667 1.410148 0 0 0 67 61 132 255 
-0.9560537 -1.315633 1.4384 0 0 0 69 53 129 255 
-0.9453837 -1.352218 1.423928 0 0 0 71 45 123 255 
-0.9591066 -1.38122 1.42757 0 0 0 72 31 112 255 
-0.9309265 -1.427426 1.398778 0 0 0 72 28 110 255 
-0.7641261 0.2730884 1.504417 0 0 0 44 114 142 255 
-0.7617474 0.2419395 1.498327 0 0 0 46 110 142 255 
-0.7500867 0.2175114 1.490921 0 0 0 38 129 142 255 
-0.7540095 0.1837327 1.488306 0 0 0 43 117 142 255 
-0.7822711 0.1452534 1.503241 0 0 0 46 109 142 255 
-0.7833441 0.1139103 1.499579 0 0 0 53 94 141 255 
-0.7689309 0.09096368 1.487639 0 0 0 38 130 142 255 
-0.7963511 0.05331714 1.502027 0 0 0 45 113 142 255 
-0.765362 0.02870876 1.476932 0 0 0 49 104 142 255 
-0.7939631 -0.008325018 1.494462 0 0 0 59 82 139 255 
-0.793065 -0.03360068 1.488922 0 0 0 37 131 142 255 
-0.7987539 -0.06546309 1.490365 0 0 0 46 111 142 255 
-0.806171 -0.09762508 1.491529 0 0 0 51 98 141 255 
-0.8006327 -0.1272328 1.485946 0 0 0 58 83 139 255 
-0.7744083 -0.1483831 1.46113 0 0 0 41 121 142 255 
-0.8054183 -0.183653 1.480361 0 0 0 44 113 142 255 
-0.8165904 -0.2149873 1.48532 0 0 0 57 86 140 255 
-0.8166705 -0.2454992 1.484002 0 0 0 63 71 136 255 
-0.8136783 -0.2694269 1.474424 0 0 0 42 120 142 255 
-0.826238 -0.3314691 1.479017 0 0 0 72 40 120 255 
-0.8608065 -0.3642819 1.501753 0 0 0 72 33 115 255 
-0.8262388 -0.3860314 1.469214 0 0 0 66 65 134 255 
-0.846835 -0.4175586 1.481515 0 0 0 70 51 127 255 
-0.8519982 -0.4478685 1.48329 0 0 0 72 38 119 255 
-0.8659427 -0.4778287 1.492209 0 0 0 72 31 112 255 
-0.8547893 -0.5024321 1.4765 0 0 0 66 65 134 255 
-0.8377711 -0.5322203 1.462553 0 0 0 68 57 131 255 
-0.8676693 -0.562319 1.481485 0 0 0 71 44 122 255 
-0.8711037 -0.5926679 1.482923 0 0 0 72 31 112 255 
-0.8723542 -0.6162032 1.47545 0 0 0 65 68 135 255 
-0.8499865 -0.648353 1.457216 0 0 0 70 51 127 255 
-0.8435498 -0.6728348 1.447528 0 0 0 72 41 121 255 
-0.8391827 -0.7098474 1.446886 0 0 0 72 40 120 255 
-0.8689259 -0.7327489 1.461302 0 0 0 60 79 138 255 
-0.8804983 -0.7617631 1.466091 0 0 0 67 62 133 255 
-0.8673685 -0.7935694 1.454559 0 0 0 70 51 127 255 
-0.9020562 -0.820348 1.477722 0 0 0 72 36 117 255 
-0.8709701 -0.8489204 1.448502 0 0 0 62 76 138 255 
-0.8716148 -0.8796712 1.446585 0 0 0 67 62 133 255 
-0.9046726 -0.9051277 1.46801 0 0 0 69 56 130 255 
-0.8929291 -0.9386838 1.457321 0 0 0 70 48 126 255 
-0.8926889 -0.9640784 1.451666 0 0 0 61 78 138 255 
-0.9123145 -0.9905688 1.462308 0 0 0 61 78 138 255 
-0.9174715 -1.020865 1.463371 0 0 0 54 93 141 255 
-0.9159903 -1.053439 1.45922 0 0 0 57 85 140 255 
-0.8802341 -1.086809 1.430399 0 0 0 41 123 142 255 
-0.9129981 -1.110353 1.449899 0 0 0 53 94 141 255 
-0.898171 -1.146133 1.435467 0 0 0 48 106 142 255 
-0.9108713 -1.175774 1.440591 0 0 0 68 58 131 255 
-0.9063055 -1.203647 1.436232 0 0 0 63 72 137 255 
-0.9385875 -1.225871 1.456141 0 0 0 66 63 133 255 
-0.9266449 -1.262199 1.441731 0 0 0 67 62 133 255 
-0.9130155 -1.300714 1.425855 0 0 0 68 57 131 255 
-0.9264653 -1.323685 1.440083 0 0 0 69 53 129 255 
-0.9436777 -1.35112 1.446446 0 0 0 71 46 124 255 
-0.9574001 -1.380002 1.450014 0 0 0 72 32 113 255 
-0.9474605 -1.419396 1.435233 0 0 0 72 28 110 255 
-0.7819666 0.2625057 1.539772 0 0 0 44 113 142 255 
-0.7601491 0.2371289 1.520838 0 0 0 47 108 142 255 
-0.7484759 0.2127867 1.513524 0 0 0 38 130 142 255 
-0.7719334 0.1741006 1.523951 0 0 0 43 117 142 255 
-0.7514736 0.1479785 1.506122 0 0 0 48 106 142 255 
-0.791656 0.1072534 1.528657 0 0 0 53 95 141 255 
-0.777203 0.0844825 1.516846 0 0 0 40 125 142 255 
-0.775332 0.05332803 1.511336 0 0 0 45 112 142 255 
-0.7834526 0.02070514 1.51289 0 0 0 50 102 142 255 
-0.8122143 -0.01596685 1.530307 0 0 0 59 82 139 255 
-0.8014756 -0.03920259 1.518193 0 0 0 38 129 142 255 
-0.7875286 -0.06753727 1.506307 0 0 0 46 111 142 255 
-0.7851235 -0.09815995 1.500753 0 0 0 50 100 142 255 
-0.8189707 -0.1335773 1.522002 0 0 0 59 82 139 255 
-0.8221502 -0.1584662 1.517591 0 0 0 41 122 142 255 
-0.7941896 -0.1857282 1.496313 0 0 0 44 114 142 255 
-0.8152685 -0.2181589 1.507965 0 0 0 55 90 140 255 
-0.8054943 -0.2475672 1.499912 0 0 0 64 70 136 255 
-0.8123155 -0.2723997 1.497143 0 0 0 39 126 142 255 
-0.8249391 -0.334205 1.501706 0 0 0 72 35 116 255 
-0.8596641 -0.3668754 1.524251 0 0 0 72 28 110 255 
-0.8544652 -0.3899599 1.512445 0 0 0 67 61 132 255 
-0.816017 -0.4189149 1.48364 0 0 0 70 50 126 255 
-0.8507707 -0.4501544 1.505914 0 0 0 72 40 120 255 
-0.7958051 -0.4791388 1.466837 0 0 0 72 28 110 255 
-0.8240114 -0.5044295 1.478553 0 0 0 63 71 136 255 
-0.846279 -0.5341175 1.492201 0 0 0 70 51 127 255 
-0.8566319 -0.5643633 1.497219 0 0 0 71 42 122 255 
-0.8404341 -0.5953423 1.484895 0 0 0 72 31 112 255 
-0.8613081 -0.6182475 1.491179 0 0 0 64 69 136 255 
-0.8584512 -0.6493703 1.486898 0 0 0 68 57 131 255 
-0.871524 -0.6724531 1.491102 0 0 0 71 44 122 255 
-0.8769526 -0.7081663 1.49736 0 0 0 72 37 118 255 
-0.8676221 -0.7339563 1.484017 0 0 0 60 80 139 255 
-0.8889819 -0.7618923 1.495669 0 0 0 67 61 132 255 
-0.8757737 -0.7934818 1.484229 0 0 0 70 51 127 255 
-0.8911229 -0.822377 1.493357 0 0 0 72 40 120 255 
-0.8598734 -0.8509773 1.464341 0 0 0 61 77 138 255 
-0.8702218 -0.880336 1.469358 0 0 0 67 61 132 255 
-0.8937231 -0.9071595 1.483666 0 0 0 69 56 130 255 
-0.9012664 -0.9374804 1.486905 0 0 0 70 51 127 255 
-0.9202588 -0.9592629 1.495128 0 0 0 62 76 138 255 
-0.9013718 -0.9925992 1.477954 0 0 0 63 72 137 255 
-0.9161575 -1.020952 1.485921 0 0 0 53 95 141 255 
-0.9338194 -1.049294 1.495626 0 0 0 70 50 126 255 
-0.8978505 -1.082419 1.467028 0 0 0 44 115 142 255 
-0.9306704 -1.105606 1.486336 0 0 0 50 100 142 255 
-0.9156975 -1.141056 1.471995 0 0 0 48 105 142 255 
-0.9093785 -1.175324 1.463231 0 0 0 68 57 131 255 
-0.9142551 -1.20052 1.465798 0 0 0 62 73 137 255 
-0.9277225 -1.227891 1.471729 0 0 0 64 69 136 255 
-0.9345409 -1.258612 1.471184 0 0 0 66 64 134 255 
-0.9207664 -1.296906 1.455401 0 0 0 68 57 131 255 
-0.9342893 -1.31967 1.469507 0 0 0 69 53 129 255 
-0.9608173 -1.343736 1.48263 0 0 0 71 47 125 255 
-0.9651676 -1.375519 1.479264 0 0 0 72 36 117 255 
-1.001363 -1.397851 1.498823 0 0 0 72 28 110 255 
-0.7598684 0.1411022 1.535214 0 0 0 45 112 142 255 
-0.7660663 0.08240934 1.532855 0 0 0 39 127 142 255 
-0.7937168 0.04503017 1.546983 0 0 0 44 114 142 255 
-0.7624667 0.02059475 1.52233 0 0 0 49 103 142 255 
-0.7805353 -0.03950904 1.527512 0 0 0 39 128 142 255 
-0.7862816 -0.07125167 1.528927 0 0 0 45 112 142 255 
-0.8036365 -0.1048188 1.536676 0 0 0 53 94 141 255 
-0.8079708 -0.1356282 1.537849 0 0 0 60 79 138 255 
-0.8111367 -0.1605169 1.533431 0 0 0 40 124 142 255 
-0.7929583 -0.1890101 1.51901 0 0 0 43 116 142 255 
-0.8141274 -0.2213138 1.53056 0 0 0 56 88 140 255 
-0.8142339 -0.2515994 1.529286 0 0 0 63 71 136 255 
-0.8111344 -0.2753555 1.519812 0 0 0 42 120 142 255 
-0.833728 -0.3375869 1.531081 0 0 0 72 36 117 255 
-0.8686109 -0.3699987 1.553443 0 0 0 72 31 112 255 
-0.8336346 -0.3915404 1.521416 0 0 0 67 62 133 255 
-0.8544093 -0.4226898 1.533515 0 0 0 70 48 126 255 
-0.8497251 -0.4524231 1.528487 0 0 0 72 38 119 255 
-0.8341194 -0.481794 1.516909 0 0 0 72 28 110 255 
-0.8425775 -0.5065557 1.514951 0 0 0 65 68 135 255 
-0.8254151 -0.5362602 1.501243 0 0 0 68 59 132 255 
-0.8358187 -0.5666143 1.506206 0 0 0 71 45 123 255 
-0.8393052 -0.5970741 1.507627 0 0 0 72 31 112 255 
-0.860211 -0.6198775 1.513815 0 0 0 65 66 135 255 
-0.8474911 -0.6514167 1.502727 0 0 0 68 59 132 255 
-0.8507673 -0.6751121 1.500009 0 0 0 71 47 125 255 
-0.8660837 -0.7101991 1.513101 0 0 0 72 37 118 255 
-0.8566858 -0.7359993 1.499826 0 0 0 61 77 138 255 
-0.8977297 -0.7619888 1.525075 0 0 0 68 59 132 255 
-0.8942336 -0.7922817 1.520587 0 0 0 70 51 127 255 
-0.8509589 -0.8279899 1.488493 0 0 0 71 42 122 255 
-0.8781436 -0.8491739 1.500849 0 0 0 62 76 138 255 
-0.8787518 -0.8795831 1.498946 0 0 0 67 62 133 255 
-0.8731433 -0.9107029 1.492526 0 0 0 69 53 129 255 
-0.9098656 -0.9362447 1.516317 0 0 0 70 50 126 255 
-0.8901218 -0.9647207 1.496977 0 0 0 59 81 139 255 
-0.9098631 -0.9909622 1.507401 0 0 0 63 71 136 255 
-0.9053727 -1.02297 1.501557 0 0 0 53 95 141 255 
-0.9134796 -1.053366 1.504307 0 0 0 68 59 132 255 
-0.8965901 -1.082297 1.489658 0 0 0 44 115 142 255 
-0.9199294 -1.107617 1.501918 0 0 0 52 97 141 255 
-0.8953276 -1.145463 1.480835 0 0 0 46 109 142 255 
-0.9557316 -1.16236 1.520053 0 0 0 70 52 128 255 
-0.931981 -1.194767 1.502033 0 0 0 62 74 137 255 
-0.9169523 -1.22991 1.487382 0 0 0 63 71 136 255 
-0.9048709 -1.266262 1.47315 0 0 0 68 59 132 255 
-0.966468 -1.281328 1.512088 0 0 0 69 55 129 255 
-0.9329607 -1.318655 1.491962 0 0 0 70 52 128 255 
-0.9595445 -1.342591 1.504932 0 0 0 71 46 124 255 
-0.9451784 -1.380772 1.487956 0 0 0 72 36 117 255 
-1.000139 -1.396448 1.520895 0 0 0 72 32 113 255 
-0.771188 0.01460912 1.551454 0 0 0 49 104 142 255 
-0.7794368 -0.0433227 1.550089 0 0 0 38 130 142 255 
-0.7902877 -0.1612511 1.542735 0 0 0 39 127 142 255 
-0.8117883 -0.1946757 1.554886 0 0 0 44 113 142 255 
-0.8101347 -0.2782944 1.542428 0 0 0 39 128 142 255 
-0.8228847 -0.3396262 1.546927 0 0 0 72 41 121 255 
-0.8380182 -0.3709331 1.555716 0 0 0 69 53 129 255 
-0.8326982 -0.3940332 1.543994 0 0 0 62 74 137 255 
-0.8038687 -0.4233839 1.522403 0 0 0 61 78 138 255 
-0.8091088 -0.4537983 1.524115 0 0 0 66 63 133 255 
-0.8530713 -0.4841579 1.552992 0 0 0 71 46 124 255 
-0.8217955 -0.5085856 1.524068 0 0 0 55 90 140 255 
-0.8541685 -0.5379147 1.544229 0 0 0 62 74 137 255 
-0.8249361 -0.5686633 1.522136 0 0 0 66 63 133 255 
-0.8581799 -0.5981253 1.543821 0 0 0 72 32 113 255 
-0.8592944 -0.6214902 1.536396 0 0 0 64 70 136 255 
-0.8959455 -0.6502299 1.559304 0 0 0 68 59 132 255 
-0.8991438 -0.6733845 1.556639 0 0 0 71 46 124 255 
-0.8947998 -0.7091649 1.556027 0 0 0 72 36 117 255 
-0.8458466 -0.738041 1.515702 0 0 0 62 73 137 255 
-0.847693 -0.7678922 1.513522 0 0 0 68 59 132 255 
-0.8737187 -0.7953833 1.529461 0 0 0 70 51 127 255 
-0.8695481 -0.8264304 1.524831 0 0 0 71 42 122 255 
-0.8771647 -0.8499105 1.523451 0 0 0 62 76 138 255 
-0.8777602 -0.8802062 1.521555 0 0 0 66 65 134 255 
-0.8818791 -0.9096978 1.521984 0 0 0 69 56 130 255 
-0.8602248 -0.9448059 1.504752 0 0 0 70 48 126 255 
-0.8891082 -0.9650167 1.519554 0 0 0 61 78 138 255 
-0.9089048 -0.9911337 1.529868 0 0 0 66 65 134 255 
-0.9043756 -1.023031 1.524062 0 0 0 54 92 141 255 
-0.9028235 -1.055378 1.519972 0 0 0 61 78 138 255 
-0.9051601 -1.079993 1.519032 0 0 0 45 112 142 255 
-0.9189107 -1.107351 1.524363 0 0 0 55 90 140 255 
-0.9037752 -1.142713 1.510233 0 0 0 49 103 142 255 
-0.9260765 -1.169358 1.521933 0 0 0 69 55 129 255 
-0.9022704 -1.201973 1.504091 0 0 0 63 72 137 255 
-0.9062802 -1.231928 1.503102 0 0 0 65 66 135 255 
-0.9131215 -1.262642 1.502502 0 0 0 68 58 131 255 
-0.9086567 -1.298021 1.493689 0 0 0 68 59 132 255 
-0.9318088 -1.317623 1.514366 0 0 0 68 57 131 255 
-0.9113775 -1.357182 1.493476 0 0 0 70 50 126 255 
-0.9533376 -1.376249 1.517047 0 0 0 72 36 117 255 
-0.9897506 -1.39841 1.536178 0 0 0 72 36 117 255 
-0.7810589 -0.1943301 1.557692 0 0 0 45 113 142 255 
-0.8129742 -0.426093 1.551779 0 0 0 50 100 142 255 
-0.8182377 -0.4562755 1.553485 0 0 0 58 84 140 255 
-0.8025219 -0.4857845 1.542119 0 0 0 64 69 136 255 
-0.8408865 -0.5106468 1.560117 0 0 0 43 117 142 255 
-0.8435034 -0.5399384 1.560035 0 0 0 50 100 142 255 
-0.8241079 -0.570487 1.544829 0 0 0 56 88 140 255 
-0.8687911 -0.6766533 1.558769 0 0 0 70 48 126 255 
-0.8743778 -0.7119377 1.564939 0 0 0 72 35 116 255 
-0.8746858 -0.7366086 1.558576 0 0 0 62 73 137 255 
-0.8884789 -0.824823 1.560872 0 0 0 72 36 117 255 
-0.8566878 -0.8532336 1.532504 0 0 0 59 81 139 255 
-0.9064174 -0.8765649 1.564345 0 0 0 68 58 131 255 
-0.8712608 -0.9117175 1.537781 0 0 0 68 58 131 255 
-0.8984723 -0.9386138 1.554398 0 0 0 71 46 124 255 
-0.9078131 -0.961819 1.555571 0 0 0 61 78 138 255 
-0.8983734 -0.9931366 1.545534 0 0 0 65 68 135 255 
-0.8938255 -1.025039 1.539769 0 0 0 53 95 141 255 
-0.92139 -1.051144 1.55592 0 0 0 64 69 136 255 
-0.8849167 -1.084175 1.528022 0 0 0 44 115 142 255 
-0.9180691 -1.107067 1.546754 0 0 0 54 92 141 255 
-0.9124807 -1.13993 1.539457 0 0 0 50 102 142 255 
-0.9155849 -1.171356 1.537572 0 0 0 68 58 131 255 
-0.9012807 -1.201382 1.526607 0 0 0 62 76 138 255 
-0.9531108 -1.217633 1.559169 0 0 0 66 65 134 255 
-0.9311656 -1.256158 1.538394 0 0 0 68 57 131 255 
-0.9170605 -1.29414 1.522907 0 0 0 66 64 134 255 
-0.9498118 -1.310482 1.550084 0 0 0 67 61 132 255 
-0.9480729 -1.343409 1.542696 0 0 0 69 55 129 255 
-0.9429174 -1.378235 1.532608 0 0 0 72 40 120 255 
-0.9794571 -1.400371 1.551526 0 0 0 72 40 120 255 
-0.838371 -0.679952 1.561206 0 0 0 71 42 122 255 
-0.8340657 -0.716288 1.560721 0 0 0 72 37 118 255 
-0.8542707 -0.7394916 1.567669 0 0 0 62 76 138 255 
-0.8681581 -0.8280408 1.569916 0 0 0 72 38 119 255 
-0.8974245 -0.9638115 1.571231 0 0 0 61 77 138 255 
-0.8781493 -0.9969941 1.55458 0 0 0 64 70 136 255 
-0.893142 -1.025074 1.562224 0 0 0 54 92 141 255 
-0.9036112 -1.079649 1.563903 0 0 0 62 73 137 255 
-0.902081 -1.141927 1.555165 0 0 0 50 101 142 255 
-0.9341487 -1.165787 1.573276 0 0 0 67 61 132 255 
-0.9293724 -1.192924 1.569043 0 0 0 64 69 136 255 
-0.8948338 -1.233231 1.541393 0 0 0 64 70 136 255 
-0.9208169 -1.258146 1.554038 0 0 0 66 63 133 255 
-0.9448026 -1.284314 1.56525 0 0 0 69 56 130 255 
-0.9300328 -1.31551 1.559013 0 0 0 68 59 132 255 
-0.9282999 -1.348552 1.551651 0 0 0 69 55 129 255 
-0.9515049 -1.373664 1.561475 0 0 0 71 47 125 255 
-0.9786733 -1.398933 1.573557 0 0 0 71 42 122 255 
-0.9134318 -1.227036 1.577031 0 0 0 61 78 138 255 
-0.9058898 -1.295178 1.561054 0 0 0 68 57 131 255 
-0.9198383 -1.31749 1.574689 0 0 0 66 65 134 255 
-0.9180775 -1.350537 1.567352 0 0 0 68 59 132 255 
